ISO-10303-21;
HEADER;
/* Generated by software containing ST-Developer
 * from STEP Tools, Inc. (www.steptools.com) 
 */

FILE_DESCRIPTION(
/* description */ (''),
/* implementation_level */ '2;1');

FILE_NAME(
/* name */ 
'C:\\Users\\Alx\\Documents\\Upveter\\TE Connectivity CFR16J120R\\TE Co
nnectivity CFR16J120R.stp',
/* time_stamp */ '2021-06-01T18:17:56-04:00',
/* author */ ('Alx'),
/* organization */ (''),
/* preprocessor_version */ 'ST-DEVELOPER v18.1',
/* originating_system */ 'Autodesk Inventor 2021',
/* authorisation */ '');

FILE_SCHEMA (('AUTOMOTIVE_DESIGN { 1 0 10303 214 3 1 1 }'));
ENDSEC;

DATA;
#10=MECHANICAL_DESIGN_GEOMETRIC_PRESENTATION_REPRESENTATION('',(#485,#486,
#487,#488,#489,#490,#491,#492,#493,#494,#495,#496,#497,#498,#499,#500,#501,
#502,#503,#504,#505,#506,#507,#508,#509,#510,#511,#512,#513,#514,#515,#516,
#517,#518,#519,#520,#521,#522,#523,#524,#525,#526,#527,#528,#529,#530,#531,
#532,#533,#534,#535,#536,#537,#538,#539,#540,#541,#542,#543,#544,#545,#546,
#547,#548,#549,#550,#551,#552,#553,#554,#555,#556,#557,#558,#559,#560,#561,
#562,#563,#564,#565,#566,#567,#568,#569,#570,#571,#572,#573,#574,#575,#576,
#577,#578,#579,#580,#581,#582,#583,#584,#585,#586,#587,#588,#589,#590,#591,
#592,#593,#594,#595,#596,#597,#598,#599,#600,#601,#602,#603,#604,#605,#606,
#607,#608,#609,#610,#611,#612,#613,#614,#615,#616,#617,#618,#619,#620,#621,
#622,#623,#624,#625,#626,#627,#628,#629,#630,#631,#632,#633,#634,#635,#636,
#637,#638,#639,#640,#641,#642,#643,#644,#645,#646,#647,#648,#649,#650,#651,
#652,#653,#654,#655,#656,#657,#658,#659,#660,#661,#662,#663,#664,#665,#666,
#667,#668,#669,#670,#671,#672,#673,#674,#675,#676,#677,#678,#679,#680,#681,
#682,#683,#684,#685,#686,#687,#688,#689,#690,#691,#692,#693,#694,#695,#696,
#697,#698,#699,#700,#701,#702,#703,#704,#705,#706,#707,#708,#709,#710,#711,
#712,#713,#714,#715,#716,#717,#718,#719,#720,#721,#722,#723,#724,#725,#726,
#727,#728),#10784);
#11=ITEM_DEFINED_TRANSFORMATION($,$,#4793,#4957);
#12=ITEM_DEFINED_TRANSFORMATION($,$,#4866,#4958);
#13=(
REPRESENTATION_RELATIONSHIP($,$,#10798,#10797)
REPRESENTATION_RELATIONSHIP_WITH_TRANSFORMATION(#11)
SHAPE_REPRESENTATION_RELATIONSHIP()
);
#14=(
REPRESENTATION_RELATIONSHIP($,$,#10799,#10797)
REPRESENTATION_RELATIONSHIP_WITH_TRANSFORMATION(#12)
SHAPE_REPRESENTATION_RELATIONSHIP()
);
#15=CONTEXT_DEPENDENT_SHAPE_REPRESENTATION(#13,#10795);
#16=CONTEXT_DEPENDENT_SHAPE_REPRESENTATION(#14,#10796);
#17=NEXT_ASSEMBLY_USAGE_OCCURRENCE('c-1623927-8-ba-3d:1',
'c-1623927-8-ba-3d:1','c-1623927-8-ba-3d:1',#10801,#10802,
'c-1623927-8-ba-3d:1');
#18=NEXT_ASSEMBLY_USAGE_OCCURRENCE('Pieza77:1','Pieza77:1','Pieza77:1',
#10801,#10803,'Pieza77:1');
#19=ELLIPSE('',#4907,24.7619195297467,0.875);
#20=ELLIPSE('',#4928,44.7856049591768,0.875);
#21=ELLIPSE('',#4932,1.0506963552325,0.875);
#22=ELLIPSE('',#4944,1.24273387885925,0.88);
#23=ELLIPSE('',#4947,1.23567289091119,0.875);
#24=B_SPLINE_SURFACE_WITH_KNOTS('',3,3,((#5800,#5801,#5802,#5803),(#5804,
#5805,#5806,#5807),(#5808,#5809,#5810,#5811),(#5812,#5813,#5814,#5815)),
 .UNSPECIFIED.,.F.,.F.,.F.,(4,4),(4,4),(0.,0.455075245073305),(0.,0.0005),
 .UNSPECIFIED.);
#25=B_SPLINE_SURFACE_WITH_KNOTS('',3,3,((#5820,#5821,#5822,#5823),(#5824,
#5825,#5826,#5827),(#5828,#5829,#5830,#5831),(#5832,#5833,#5834,#5835)),
 .UNSPECIFIED.,.F.,.F.,.F.,(4,4),(4,4),(0.,0.100696024424),(0.,0.0005),
 .UNSPECIFIED.);
#26=B_SPLINE_SURFACE_WITH_KNOTS('',3,3,((#5839,#5840,#5841,#5842),(#5843,
#5844,#5845,#5846),(#5847,#5848,#5849,#5850),(#5851,#5852,#5853,#5854)),
 .UNSPECIFIED.,.F.,.F.,.F.,(4,4),(4,4),(0.,0.0827588467833604),(0.,0.0005),
 .UNSPECIFIED.);
#27=B_SPLINE_SURFACE_WITH_KNOTS('',3,3,((#5858,#5859,#5860,#5861),(#5862,
#5863,#5864,#5865),(#5866,#5867,#5868,#5869),(#5870,#5871,#5872,#5873)),
 .UNSPECIFIED.,.F.,.F.,.F.,(4,4),(4,4),(0.,0.0918188481737823),(0.,0.0005),
 .UNSPECIFIED.);
#28=B_SPLINE_SURFACE_WITH_KNOTS('',3,3,((#5877,#5878,#5879,#5880),(#5881,
#5882,#5883,#5884),(#5885,#5886,#5887,#5888),(#5889,#5890,#5891,#5892)),
 .UNSPECIFIED.,.F.,.F.,.F.,(4,4),(4,4),(0.,0.0794273664508571),(0.,0.0005),
 .UNSPECIFIED.);
#29=B_SPLINE_SURFACE_WITH_KNOTS('',3,3,((#5896,#5897,#5898,#5899),(#5900,
#5901,#5902,#5903),(#5904,#5905,#5906,#5907),(#5908,#5909,#5910,#5911)),
 .UNSPECIFIED.,.F.,.F.,.F.,(4,4),(4,4),(0.,0.100228804621714),(0.,0.0005),
 .UNSPECIFIED.);
#30=B_SPLINE_SURFACE_WITH_KNOTS('',3,3,((#5914,#5915,#5916,#5917),(#5918,
#5919,#5920,#5921),(#5922,#5923,#5924,#5925),(#5926,#5927,#5928,#5929)),
 .UNSPECIFIED.,.F.,.F.,.F.,(4,4),(4,4),(0.,0.103621226666857),(0.,0.0005),
 .UNSPECIFIED.);
#31=B_SPLINE_SURFACE_WITH_KNOTS('',3,3,((#5950,#5951,#5952,#5953),(#5954,
#5955,#5956,#5957),(#5958,#5959,#5960,#5961),(#5962,#5963,#5964,#5965)),
 .UNSPECIFIED.,.F.,.F.,.F.,(4,4),(4,4),(0.,0.351450861118286),(0.,0.0005),
 .UNSPECIFIED.);
#32=B_SPLINE_SURFACE_WITH_KNOTS('',3,3,((#5983,#5984,#5985,#5986),(#5987,
#5988,#5989,#5990),(#5991,#5992,#5993,#5994),(#5995,#5996,#5997,#5998)),
 .UNSPECIFIED.,.F.,.F.,.F.,(4,4),(4,4),(0.,0.351450861118286),(0.,0.0005),
 .UNSPECIFIED.);
#33=B_SPLINE_SURFACE_WITH_KNOTS('',3,3,((#6016,#6017,#6018,#6019),(#6020,
#6021,#6022,#6023),(#6024,#6025,#6026,#6027),(#6028,#6029,#6030,#6031)),
 .UNSPECIFIED.,.F.,.F.,.F.,(4,4),(4,4),(0.,0.103621226666857),(0.,0.0005),
 .UNSPECIFIED.);
#34=B_SPLINE_SURFACE_WITH_KNOTS('',3,3,((#6098,#6099,#6100,#6101),(#6102,
#6103,#6104,#6105),(#6106,#6107,#6108,#6109),(#6110,#6111,#6112,#6113)),
 .UNSPECIFIED.,.F.,.F.,.F.,(4,4),(4,4),(0.,1.),(0.,0.0005),
 .UNSPECIFIED.);
#35=B_SPLINE_SURFACE_WITH_KNOTS('',3,3,((#6116,#6117,#6118,#6119),(#6120,
#6121,#6122,#6123),(#6124,#6125,#6126,#6127),(#6128,#6129,#6130,#6131)),
 .UNSPECIFIED.,.F.,.F.,.F.,(4,4),(4,4),(0.,1.),(0.,0.0005),
 .UNSPECIFIED.);
#36=B_SPLINE_SURFACE_WITH_KNOTS('',3,3,((#6135,#6136,#6137,#6138),(#6139,
#6140,#6141,#6142),(#6143,#6144,#6145,#6146),(#6147,#6148,#6149,#6150)),
 .UNSPECIFIED.,.F.,.F.,.F.,(4,4),(4,4),(0.,1.),(0.,0.0005),
 .UNSPECIFIED.);
#37=B_SPLINE_SURFACE_WITH_KNOTS('',3,3,((#6152,#6153,#6154,#6155),(#6156,
#6157,#6158,#6159),(#6160,#6161,#6162,#6163),(#6164,#6165,#6166,#6167)),
 .UNSPECIFIED.,.F.,.F.,.F.,(4,4),(4,4),(0.,1.),(0.,0.0005),
 .UNSPECIFIED.);
#38=B_SPLINE_SURFACE_WITH_KNOTS('',3,3,((#6170,#6171,#6172,#6173),(#6174,
#6175,#6176,#6177),(#6178,#6179,#6180,#6181),(#6182,#6183,#6184,#6185)),
 .UNSPECIFIED.,.F.,.F.,.F.,(4,4),(4,4),(-1.27648592317547,-0.412677051481206),
(0.,0.0005),.UNSPECIFIED.);
#39=B_SPLINE_SURFACE_WITH_KNOTS('',3,3,((#6200,#6201,#6202,#6203),(#6204,
#6205,#6206,#6207),(#6208,#6209,#6210,#6211),(#6212,#6213,#6214,#6215),
(#6216,#6217,#6218,#6219),(#6220,#6221,#6222,#6223),(#6224,#6225,#6226,
#6227),(#6228,#6229,#6230,#6231),(#6232,#6233,#6234,#6235),(#6236,#6237,
#6238,#6239)),.UNSPECIFIED.,.F.,.F.,.F.,(4,2,2,2,4),(4,4),(0.,0.00114844054113134,
0.00228537419021378,0.00342301735738844,0.00457143332197912),(0.,0.0005),
 .UNSPECIFIED.);
#40=B_SPLINE_SURFACE_WITH_KNOTS('',3,3,((#6263,#6264,#6265,#6266),(#6267,
#6268,#6269,#6270),(#6271,#6272,#6273,#6274),(#6275,#6276,#6277,#6278)),
 .UNSPECIFIED.,.F.,.F.,.F.,(4,4),(4,4),(0.,1.),(0.,0.0005),
 .UNSPECIFIED.);
#41=B_SPLINE_SURFACE_WITH_KNOTS('',3,3,((#6290,#6291,#6292,#6293),(#6294,
#6295,#6296,#6297),(#6298,#6299,#6300,#6301),(#6302,#6303,#6304,#6305)),
 .UNSPECIFIED.,.F.,.F.,.F.,(4,4),(4,4),(2.27925933196932,3.12705595143053),
(0.,0.0005),.UNSPECIFIED.);
#42=B_SPLINE_SURFACE_WITH_KNOTS('',3,3,((#6317,#6318,#6319,#6320),(#6321,
#6322,#6323,#6324),(#6325,#6326,#6327,#6328),(#6329,#6330,#6331,#6332)),
 .UNSPECIFIED.,.F.,.F.,.F.,(4,4),(4,4),(-0.226932804629051,0.606532437235076),
(0.,0.0005),.UNSPECIFIED.);
#43=B_SPLINE_SURFACE_WITH_KNOTS('',3,3,((#6344,#6345,#6346,#6347),(#6348,
#6349,#6350,#6351),(#6352,#6353,#6354,#6355),(#6356,#6357,#6358,#6359),
(#6360,#6361,#6362,#6363),(#6364,#6365,#6366,#6367),(#6368,#6369,#6370,
#6371),(#6372,#6373,#6374,#6375),(#6376,#6377,#6378,#6379),(#6380,#6381,
#6382,#6383)),.UNSPECIFIED.,.F.,.F.,.F.,(4,2,2,2,4),(4,4),(0.,0.00268290192503299,
0.0055286623132087,0.0083760920304706,0.0110542750574394),(0.,0.0005),
 .UNSPECIFIED.);
#44=B_SPLINE_SURFACE_WITH_KNOTS('',3,3,((#6447,#6448,#6449,#6450),(#6451,
#6452,#6453,#6454),(#6455,#6456,#6457,#6458),(#6459,#6460,#6461,#6462)),
 .UNSPECIFIED.,.F.,.F.,.F.,(4,4),(4,4),(-1.95794586074488,-1.0709383016009),
(0.,0.0005),.UNSPECIFIED.);
#45=B_SPLINE_SURFACE_WITH_KNOTS('',3,3,((#6471,#6472,#6473,#6474),(#6475,
#6476,#6477,#6478),(#6479,#6480,#6481,#6482),(#6483,#6484,#6485,#6486)),
 .UNSPECIFIED.,.F.,.F.,.F.,(4,4),(4,4),(0.460045925134537,1.32503471188003),
(0.,0.0005),.UNSPECIFIED.);
#46=B_SPLINE_SURFACE_WITH_KNOTS('',3,3,((#6493,#6494,#6495,#6496),(#6497,
#6498,#6499,#6500),(#6501,#6502,#6503,#6504),(#6505,#6506,#6507,#6508),
(#6509,#6510,#6511,#6512),(#6513,#6514,#6515,#6516),(#6517,#6518,#6519,
#6520),(#6521,#6522,#6523,#6524),(#6525,#6526,#6527,#6528),(#6529,#6530,
#6531,#6532)),.UNSPECIFIED.,.F.,.F.,.F.,(4,2,2,2,4),(4,4),(0.,0.00148326481666995,
0.00291923200451916,0.00435930117119765,0.00584580352319333),(0.,0.0005),
 .UNSPECIFIED.);
#47=B_SPLINE_SURFACE_WITH_KNOTS('',3,3,((#6545,#6546,#6547,#6548),(#6549,
#6550,#6551,#6552),(#6553,#6554,#6555,#6556),(#6557,#6558,#6559,#6560)),
 .UNSPECIFIED.,.F.,.F.,.F.,(4,4),(4,4),(1.41476991782097,2.31329083735078),
(0.,0.0005),.UNSPECIFIED.);
#48=B_SPLINE_SURFACE_WITH_KNOTS('',3,3,((#6567,#6568,#6569,#6570),(#6571,
#6572,#6573,#6574),(#6575,#6576,#6577,#6578),(#6579,#6580,#6581,#6582)),
 .UNSPECIFIED.,.F.,.F.,.F.,(4,4),(4,4),(-2.54533083771821,-1.68933770978174),
(0.,0.0005),.UNSPECIFIED.);
#49=B_SPLINE_SURFACE_WITH_KNOTS('',3,3,((#6589,#6590,#6591,#6592),(#6593,
#6594,#6595,#6596),(#6597,#6598,#6599,#6600),(#6601,#6602,#6603,#6604),
(#6605,#6606,#6607,#6608),(#6609,#6610,#6611,#6612),(#6613,#6614,#6615,
#6616),(#6617,#6618,#6619,#6620),(#6621,#6622,#6623,#6624),(#6625,#6626,
#6627,#6628)),.UNSPECIFIED.,.F.,.F.,.F.,(4,2,2,2,4),(4,4),(0.,0.00146504966828971,
0.00288542893948283,0.0043029290272045,0.0057655194043362),(0.,0.0005),
 .UNSPECIFIED.);
#50=B_SPLINE_SURFACE_WITH_KNOTS('',3,3,((#6742,#6743,#6744,#6745),(#6746,
#6747,#6748,#6749),(#6750,#6751,#6752,#6753),(#6754,#6755,#6756,#6757)),
 .UNSPECIFIED.,.F.,.F.,.F.,(4,4),(4,4),(-0.314645767186098,0.275672568324699),
(0.,0.0005),.UNSPECIFIED.);
#51=B_SPLINE_SURFACE_WITH_KNOTS('',3,3,((#6760,#6761,#6762,#6763),(#6764,
#6765,#6766,#6767),(#6768,#6769,#6770,#6771),(#6772,#6773,#6774,#6775),
(#6776,#6777,#6778,#6779)),.UNSPECIFIED.,.F.,.F.,.F.,(4,1,4),(4,4),(-1.57815112884594,
-1.09249182614089,-0.444946089200817),(0.,0.0005),.UNSPECIFIED.);
#52=B_SPLINE_SURFACE_WITH_KNOTS('',3,3,((#6781,#6782,#6783,#6784),(#6785,
#6786,#6787,#6788),(#6789,#6790,#6791,#6792),(#6793,#6794,#6795,#6796)),
 .UNSPECIFIED.,.F.,.F.,.F.,(4,4),(4,4),(0.,0.0718909078954283),(0.,0.0005),
 .UNSPECIFIED.);
#53=B_SPLINE_SURFACE_WITH_KNOTS('',3,3,((#6800,#6801,#6802,#6803),(#6804,
#6805,#6806,#6807),(#6808,#6809,#6810,#6811),(#6812,#6813,#6814,#6815)),
 .UNSPECIFIED.,.F.,.F.,.F.,(4,4),(4,4),(0.,0.0472095139725714),(0.,0.0005),
 .UNSPECIFIED.);
#54=B_SPLINE_SURFACE_WITH_KNOTS('',3,3,((#6817,#6818,#6819,#6820),(#6821,
#6822,#6823,#6824),(#6825,#6826,#6827,#6828),(#6829,#6830,#6831,#6832)),
 .UNSPECIFIED.,.F.,.F.,.F.,(4,4),(4,4),(0.,0.0472095139725712),(0.,0.0005),
 .UNSPECIFIED.);
#55=B_SPLINE_SURFACE_WITH_KNOTS('',3,3,((#6836,#6837,#6838,#6839),(#6840,
#6841,#6842,#6843),(#6844,#6845,#6846,#6847),(#6848,#6849,#6850,#6851)),
 .UNSPECIFIED.,.F.,.F.,.F.,(4,4),(4,4),(0.,0.0700626564937118),(0.,0.0005),
 .UNSPECIFIED.);
#56=B_SPLINE_SURFACE_WITH_KNOTS('',3,3,((#6853,#6854,#6855,#6856),(#6857,
#6858,#6859,#6860),(#6861,#6862,#6863,#6864),(#6865,#6866,#6867,#6868)),
 .UNSPECIFIED.,.F.,.F.,.F.,(4,4),(4,4),(-0.325728989080854,0.741841119207141),
(0.,0.0005),.UNSPECIFIED.);
#57=B_SPLINE_SURFACE_WITH_KNOTS('',3,3,((#6870,#6871,#6872,#6873),(#6874,
#6875,#6876,#6877),(#6878,#6879,#6880,#6881),(#6882,#6883,#6884,#6885)),
 .UNSPECIFIED.,.F.,.F.,.F.,(4,4),(4,4),(-0.206163368162133,0.235212165646128),
(0.,0.0005),.UNSPECIFIED.);
#58=B_SPLINE_SURFACE_WITH_KNOTS('',3,3,((#6887,#6888,#6889,#6890),(#6891,
#6892,#6893,#6894),(#6895,#6896,#6897,#6898),(#6899,#6900,#6901,#6902)),
 .UNSPECIFIED.,.F.,.F.,.F.,(4,4),(4,4),(0.,0.0143619304554285),(0.,0.0005),
 .UNSPECIFIED.);
#59=B_SPLINE_SURFACE_WITH_KNOTS('',3,3,((#6912,#6913,#6914,#6915),(#6916,
#6917,#6918,#6919),(#6920,#6921,#6922,#6923),(#6924,#6925,#6926,#6927)),
 .UNSPECIFIED.,.F.,.F.,.F.,(4,4),(4,4),(0.,0.00857246768342847),(0.,0.0005),
 .UNSPECIFIED.);
#60=B_SPLINE_SURFACE_WITH_KNOTS('',3,3,((#6939,#6940,#6941,#6942),(#6943,
#6944,#6945,#6946),(#6947,#6948,#6949,#6950),(#6951,#6952,#6953,#6954)),
 .UNSPECIFIED.,.F.,.F.,.F.,(4,4),(4,4),(2.37434532326643,3.10356011083602),
(0.,0.0005),.UNSPECIFIED.);
#61=B_SPLINE_SURFACE_WITH_KNOTS('',3,3,((#6966,#6967,#6968,#6969),(#6970,
#6971,#6972,#6973),(#6974,#6975,#6976,#6977),(#6978,#6979,#6980,#6981)),
 .UNSPECIFIED.,.F.,.F.,.F.,(4,4),(4,4),(0.698099838345921,1.56285913711267),
(0.,0.0005),.UNSPECIFIED.);
#62=B_SPLINE_SURFACE_WITH_KNOTS('',3,3,((#6993,#6994,#6995,#6996),(#6997,
#6998,#6999,#7000),(#7001,#7002,#7003,#7004),(#7005,#7006,#7007,#7008)),
 .UNSPECIFIED.,.F.,.F.,.F.,(4,4),(4,4),(1.91666784069704,2.77168540356636),
(0.,0.0005),.UNSPECIFIED.);
#63=B_SPLINE_SURFACE_WITH_KNOTS('',3,3,((#7020,#7021,#7022,#7023),(#7024,
#7025,#7026,#7027),(#7028,#7029,#7030,#7031),(#7032,#7033,#7034,#7035)),
 .UNSPECIFIED.,.F.,.F.,.F.,(4,4),(4,4),(0.57329988358958,0.80546118127209),
(0.,0.0005),.UNSPECIFIED.);
#64=B_SPLINE_SURFACE_WITH_KNOTS('',3,3,((#7047,#7048,#7049,#7050),(#7051,
#7052,#7053,#7054),(#7055,#7056,#7057,#7058),(#7059,#7060,#7061,#7062)),
 .UNSPECIFIED.,.F.,.F.,.F.,(4,4),(4,4),(0.,0.0372963285942857),(0.,0.0005),
 .UNSPECIFIED.);
#65=B_SPLINE_SURFACE_WITH_KNOTS('',3,3,((#7080,#7081,#7082,#7083),(#7084,
#7085,#7086,#7087),(#7088,#7089,#7090,#7091),(#7092,#7093,#7094,#7095)),
 .UNSPECIFIED.,.F.,.F.,.F.,(4,4),(4,4),(0.,0.0381698264862856),(0.,0.0005),
 .UNSPECIFIED.);
#66=B_SPLINE_SURFACE_WITH_KNOTS('',3,3,((#7107,#7108,#7109,#7110),(#7111,
#7112,#7113,#7114),(#7115,#7116,#7117,#7118),(#7119,#7120,#7121,#7122)),
 .UNSPECIFIED.,.F.,.F.,.F.,(4,4),(4,4),(-2.41299478200549,-2.09099394234779),
(0.,0.0005),.UNSPECIFIED.);
#67=B_SPLINE_SURFACE_WITH_KNOTS('',3,3,((#7134,#7135,#7136,#7137),(#7138,
#7139,#7140,#7141),(#7142,#7143,#7144,#7145),(#7146,#7147,#7148,#7149)),
 .UNSPECIFIED.,.F.,.F.,.F.,(4,4),(4,4),(2.47808401905867,3.32663864429355),
(0.,0.0005),.UNSPECIFIED.);
#68=B_SPLINE_SURFACE_WITH_KNOTS('',3,3,((#7161,#7162,#7163,#7164),(#7165,
#7166,#7167,#7168),(#7169,#7170,#7171,#7172),(#7173,#7174,#7175,#7176)),
 .UNSPECIFIED.,.F.,.F.,.F.,(4,4),(4,4),(1.67006564465245,2.55586177602253),
(0.,0.0005),.UNSPECIFIED.);
#69=B_SPLINE_SURFACE_WITH_KNOTS('',3,3,((#7188,#7189,#7190,#7191),(#7192,
#7193,#7194,#7195),(#7196,#7197,#7198,#7199),(#7200,#7201,#7202,#7203),
(#7204,#7205,#7206,#7207),(#7208,#7209,#7210,#7211),(#7212,#7213,#7214,
#7215),(#7216,#7217,#7218,#7219),(#7220,#7221,#7222,#7223),(#7224,#7225,
#7226,#7227)),.UNSPECIFIED.,.F.,.F.,.F.,(4,2,2,2,4),(4,4),(0.,0.00101006040958708,
0.0019883829241403,0.00296826099211666,0.00397649293955689),(0.,0.0005),
 .UNSPECIFIED.);
#70=B_SPLINE_SURFACE_WITH_KNOTS('',3,3,((#7251,#7252,#7253,#7254),(#7255,
#7256,#7257,#7258),(#7259,#7260,#7261,#7262),(#7263,#7264,#7265,#7266)),
 .UNSPECIFIED.,.F.,.F.,.F.,(4,4),(4,4),(0.,0.0400793335057142),(0.,0.0005),
 .UNSPECIFIED.);
#71=B_SPLINE_SURFACE_WITH_KNOTS('',3,3,((#7287,#7288,#7289,#7290),(#7291,
#7292,#7293,#7294),(#7295,#7296,#7297,#7298),(#7299,#7300,#7301,#7302)),
 .UNSPECIFIED.,.F.,.F.,.F.,(4,4),(4,4),(0.,0.070550160296935),(0.,0.0005),
 .UNSPECIFIED.);
#72=B_SPLINE_SURFACE_WITH_KNOTS('',3,3,((#7367,#7368,#7369,#7370),(#7371,
#7372,#7373,#7374),(#7375,#7376,#7377,#7378),(#7379,#7380,#7381,#7382)),
 .UNSPECIFIED.,.F.,.F.,.F.,(4,4),(4,4),(0.,0.0700626564937142),(0.,0.0005),
 .UNSPECIFIED.);
#73=B_SPLINE_SURFACE_WITH_KNOTS('',3,3,((#7387,#7388,#7389,#7390),(#7391,
#7392,#7393,#7394),(#7395,#7396,#7397,#7398),(#7399,#7400,#7401,#7402)),
 .UNSPECIFIED.,.F.,.F.,.F.,(4,4),(4,4),(0.,0.0700626564937142),(0.,0.0005),
 .UNSPECIFIED.);
#74=B_SPLINE_SURFACE_WITH_KNOTS('',3,3,((#7406,#7407,#7408,#7409),(#7410,
#7411,#7412,#7413),(#7414,#7415,#7416,#7417),(#7418,#7419,#7420,#7421)),
 .UNSPECIFIED.,.F.,.F.,.F.,(4,4),(4,4),(0.,0.0457062850422856),(0.,0.0005),
 .UNSPECIFIED.);
#75=B_SPLINE_SURFACE_WITH_KNOTS('',3,3,((#7423,#7424,#7425,#7426),(#7427,
#7428,#7429,#7430),(#7431,#7432,#7433,#7434),(#7435,#7436,#7437,#7438)),
 .UNSPECIFIED.,.F.,.F.,.F.,(4,4),(4,4),(0.,0.0457062850422853),(0.,0.0005),
 .UNSPECIFIED.);
#76=B_SPLINE_SURFACE_WITH_KNOTS('',3,3,((#7441,#7442,#7443,#7444),(#7445,
#7446,#7447,#7448),(#7449,#7450,#7451,#7452),(#7453,#7454,#7455,#7456)),
 .UNSPECIFIED.,.F.,.F.,.F.,(4,4),(4,4),(-2.75680361574961,-2.11293333900853),
(0.,0.0005),.UNSPECIFIED.);
#77=B_SPLINE_SURFACE_WITH_KNOTS('',3,3,((#7471,#7472,#7473,#7474),(#7475,
#7476,#7477,#7478),(#7479,#7480,#7481,#7482),(#7483,#7484,#7485,#7486)),
 .UNSPECIFIED.,.F.,.F.,.F.,(4,4),(4,4),(2.56783575725538,3.3619323474367),
(0.,0.0005),.UNSPECIFIED.);
#78=B_SPLINE_SURFACE_WITH_KNOTS('',3,3,((#7498,#7499,#7500,#7501),(#7502,
#7503,#7504,#7505),(#7506,#7507,#7508,#7509),(#7510,#7511,#7512,#7513)),
 .UNSPECIFIED.,.F.,.F.,.F.,(4,4),(4,4),(0.,1.),(0.,0.0005),
 .UNSPECIFIED.);
#79=B_SPLINE_SURFACE_WITH_KNOTS('',3,3,((#7525,#7526,#7527,#7528),(#7529,
#7530,#7531,#7532),(#7533,#7534,#7535,#7536),(#7537,#7538,#7539,#7540)),
 .UNSPECIFIED.,.F.,.F.,.F.,(4,4),(4,4),(0.,0.0321365968605714),(0.,0.0005),
 .UNSPECIFIED.);
#80=B_SPLINE_SURFACE_WITH_KNOTS('',3,3,((#7558,#7559,#7560,#7561),(#7562,
#7563,#7564,#7565),(#7566,#7567,#7568,#7569),(#7570,#7571,#7572,#7573)),
 .UNSPECIFIED.,.F.,.F.,.F.,(4,4),(4,4),(0.,0.0169011685137144),(0.,0.0005),
 .UNSPECIFIED.);
#81=B_SPLINE_SURFACE_WITH_KNOTS('',3,3,((#7591,#7592,#7593,#7594),(#7595,
#7596,#7597,#7598),(#7599,#7600,#7601,#7602),(#7603,#7604,#7605,#7606)),
 .UNSPECIFIED.,.F.,.F.,.F.,(4,4),(4,4),(0.,0.0172261909845715),(0.,0.0005),
 .UNSPECIFIED.);
#82=B_SPLINE_SURFACE_WITH_KNOTS('',3,3,((#7624,#7625,#7626,#7627),(#7628,
#7629,#7630,#7631),(#7632,#7633,#7634,#7635),(#7636,#7637,#7638,#7639)),
 .UNSPECIFIED.,.F.,.F.,.F.,(4,4),(4,4),(0.,0.0178559220234287),(0.,0.0005),
 .UNSPECIFIED.);
#83=B_SPLINE_SURFACE_WITH_KNOTS('',3,3,((#7657,#7658,#7659,#7660),(#7661,
#7662,#7663,#7664),(#7665,#7666,#7667,#7668),(#7669,#7670,#7671,#7672)),
 .UNSPECIFIED.,.F.,.F.,.F.,(4,4),(4,4),(0.,0.0169011685131428),(0.,0.0005),
 .UNSPECIFIED.);
#84=B_SPLINE_SURFACE_WITH_KNOTS('',3,3,((#7690,#7691,#7692,#7693),(#7694,
#7695,#7696,#7697),(#7698,#7699,#7700,#7701),(#7702,#7703,#7704,#7705)),
 .UNSPECIFIED.,.F.,.F.,.F.,(4,4),(4,4),(0.,0.028768004437143),(0.,0.0005),
 .UNSPECIFIED.);
#85=B_SPLINE_SURFACE_WITH_KNOTS('',3,3,((#7717,#7718,#7719,#7720),(#7721,
#7722,#7723,#7724),(#7725,#7726,#7727,#7728),(#7729,#7730,#7731,#7732)),
 .UNSPECIFIED.,.F.,.F.,.F.,(4,4),(4,4),(0.,1.),(0.,0.0005),
 .UNSPECIFIED.);
#86=B_SPLINE_SURFACE_WITH_KNOTS('',3,3,((#7744,#7745,#7746,#7747),(#7748,
#7749,#7750,#7751),(#7752,#7753,#7754,#7755),(#7756,#7757,#7758,#7759)),
 .UNSPECIFIED.,.F.,.F.,.F.,(4,4),(4,4),(0.,1.),(0.,0.0005),
 .UNSPECIFIED.);
#87=B_SPLINE_SURFACE_WITH_KNOTS('',3,3,((#7771,#7772,#7773,#7774),(#7775,
#7776,#7777,#7778),(#7779,#7780,#7781,#7782),(#7783,#7784,#7785,#7786)),
 .UNSPECIFIED.,.F.,.F.,.F.,(4,4),(4,4),(-0.681144989715021,-0.0907031580294907),
(0.,0.0005),.UNSPECIFIED.);
#88=B_SPLINE_SURFACE_WITH_KNOTS('',3,3,((#7798,#7799,#7800,#7801),(#7802,
#7803,#7804,#7805),(#7806,#7807,#7808,#7809),(#7810,#7811,#7812,#7813)),
 .UNSPECIFIED.,.F.,.F.,.F.,(4,4),(4,4),(0.,1.),(0.,0.0005),
 .UNSPECIFIED.);
#89=B_SPLINE_SURFACE_WITH_KNOTS('',3,3,((#7825,#7826,#7827,#7828),(#7829,
#7830,#7831,#7832),(#7833,#7834,#7835,#7836),(#7837,#7838,#7839,#7840)),
 .UNSPECIFIED.,.F.,.F.,.F.,(4,4),(4,4),(0.,0.016819912896),(0.,0.0005),
 .UNSPECIFIED.);
#90=B_SPLINE_SURFACE_WITH_KNOTS('',3,3,((#7852,#7853,#7854,#7855),(#7856,
#7857,#7858,#7859),(#7860,#7861,#7862,#7863),(#7864,#7865,#7866,#7867)),
 .UNSPECIFIED.,.F.,.F.,.F.,(4,4),(4,4),(-2.36569164199939,-1.90526100913223),
(0.,0.0005),.UNSPECIFIED.);
#91=B_SPLINE_SURFACE_WITH_KNOTS('',3,3,((#7917,#7918,#7919,#7920),(#7921,
#7922,#7923,#7924),(#7925,#7926,#7927,#7928),(#7929,#7930,#7931,#7932)),
 .UNSPECIFIED.,.F.,.F.,.F.,(4,4),(4,4),(0.,0.0710174100034286),(0.,0.0005),
 .UNSPECIFIED.);
#92=B_SPLINE_SURFACE_WITH_KNOTS('',3,3,((#7937,#7938,#7939,#7940),(#7941,
#7942,#7943,#7944),(#7945,#7946,#7947,#7948),(#7949,#7950,#7951,#7952)),
 .UNSPECIFIED.,.F.,.F.,.F.,(4,4),(4,4),(0.,0.0710174100034283),(0.,0.0005),
 .UNSPECIFIED.);
#93=B_SPLINE_SURFACE_WITH_KNOTS('',3,3,((#7964,#7965,#7966,#7967),(#7968,
#7969,#7970,#7971),(#7972,#7973,#7974,#7975),(#7976,#7977,#7978,#7979)),
 .UNSPECIFIED.,.F.,.F.,.F.,(4,4),(4,4),(0.,0.0175308995519999),(0.,0.0005),
 .UNSPECIFIED.);
#94=B_SPLINE_SURFACE_WITH_KNOTS('',3,3,((#7997,#7998,#7999,#8000),(#8001,
#8002,#8003,#8004),(#8005,#8006,#8007,#8008),(#8009,#8010,#8011,#8012)),
 .UNSPECIFIED.,.F.,.F.,.F.,(4,4),(4,4),(0.,0.017530899552),(0.,0.0005),
 .UNSPECIFIED.);
#95=B_SPLINE_SURFACE_WITH_KNOTS('',3,3,((#8053,#8054,#8055,#8056),(#8057,
#8058,#8059,#8060),(#8061,#8062,#8063,#8064),(#8065,#8066,#8067,#8068)),
 .UNSPECIFIED.,.F.,.F.,.F.,(4,4),(4,4),(0.,0.0706923875319999),(0.,0.0005),
 .UNSPECIFIED.);
#96=B_SPLINE_SURFACE_WITH_KNOTS('',3,3,((#8073,#8074,#8075,#8076),(#8077,
#8078,#8079,#8080),(#8081,#8082,#8083,#8084),(#8085,#8086,#8087,#8088)),
 .UNSPECIFIED.,.F.,.F.,.F.,(4,4),(4,4),(0.,0.0706923875319995),(0.,0.0005),
 .UNSPECIFIED.);
#97=B_SPLINE_SURFACE_WITH_KNOTS('',3,3,((#8091,#8092,#8093,#8094),(#8095,
#8096,#8097,#8098),(#8099,#8100,#8101,#8102),(#8103,#8104,#8105,#8106),
(#8107,#8108,#8109,#8110),(#8111,#8112,#8113,#8114)),.UNSPECIFIED.,.F.,
 .F.,.F.,(4,2,4),(4,4),(0.,0.00102914049129992,0.00212915768606843),(0.,
0.0005),.UNSPECIFIED.);
#98=B_SPLINE_SURFACE_WITH_KNOTS('',3,3,((#8133,#8134,#8135,#8136),(#8137,
#8138,#8139,#8140),(#8141,#8142,#8143,#8144),(#8145,#8146,#8147,#8148)),
 .UNSPECIFIED.,.F.,.F.,.F.,(4,4),(4,4),(-7.28652115396635E-18,0.825333419129833),
(0.,0.0005),.UNSPECIFIED.);
#99=B_SPLINE_SURFACE_WITH_KNOTS('',3,3,((#8160,#8161,#8162,#8163),(#8164,
#8165,#8166,#8167),(#8168,#8169,#8170,#8171),(#8172,#8173,#8174,#8175)),
 .UNSPECIFIED.,.F.,.F.,.F.,(4,4),(4,4),(-1.62697109676184,-1.20018728439727),
(0.,0.0005),.UNSPECIFIED.);
#100=B_SPLINE_SURFACE_WITH_KNOTS('',3,3,((#8187,#8188,#8189,#8190),(#8191,
#8192,#8193,#8194),(#8195,#8196,#8197,#8198),(#8199,#8200,#8201,#8202)),
 .UNSPECIFIED.,.F.,.F.,.F.,(4,4),(4,4),(0.,0.0315881214405714),(0.,0.0005),
 .UNSPECIFIED.);
#101=B_SPLINE_SURFACE_WITH_KNOTS('',3,3,((#8220,#8221,#8222,#8223),(#8224,
#8225,#8226,#8227),(#8228,#8229,#8230,#8231),(#8232,#8233,#8234,#8235)),
 .UNSPECIFIED.,.F.,.F.,.F.,(4,4),(4,4),(0.,0.0169011685131425),(0.,0.0005),
 .UNSPECIFIED.);
#102=B_SPLINE_SURFACE_WITH_KNOTS('',3,3,((#8253,#8254,#8255,#8256),(#8257,
#8258,#8259,#8260),(#8261,#8262,#8263,#8264),(#8265,#8266,#8267,#8268)),
 .UNSPECIFIED.,.F.,.F.,.F.,(4,4),(4,4),(0.,0.0165761460422857),(0.,0.0005),
 .UNSPECIFIED.);
#103=B_SPLINE_SURFACE_WITH_KNOTS('',3,3,((#8286,#8287,#8288,#8289),(#8290,
#8291,#8292,#8293),(#8294,#8295,#8296,#8297),(#8298,#8299,#8300,#8301)),
 .UNSPECIFIED.,.F.,.F.,.F.,(4,4),(4,4),(0.,0.0177746664057145),(0.,0.0005),
 .UNSPECIFIED.);
#104=B_SPLINE_SURFACE_WITH_KNOTS('',3,3,((#8319,#8320,#8321,#8322),(#8323,
#8324,#8325,#8326),(#8327,#8328,#8329,#8330),(#8331,#8332,#8333,#8334)),
 .UNSPECIFIED.,.F.,.F.,.F.,(4,4),(4,4),(0.,0.0169011685131429),(0.,0.0005),
 .UNSPECIFIED.);
#105=B_SPLINE_SURFACE_WITH_KNOTS('',3,3,((#8352,#8353,#8354,#8355),(#8356,
#8357,#8358,#8359),(#8360,#8361,#8362,#8363),(#8364,#8365,#8366,#8367)),
 .UNSPECIFIED.,.F.,.F.,.F.,(4,4),(4,4),(0.,0.0292723361401023),(0.,0.0005),
 .UNSPECIFIED.);
#106=B_SPLINE_SURFACE_WITH_KNOTS('',3,3,((#8379,#8380,#8381,#8382),(#8383,
#8384,#8385,#8386),(#8387,#8388,#8389,#8390),(#8391,#8392,#8393,#8394)),
 .UNSPECIFIED.,.F.,.F.,.F.,(4,4),(4,4),(1.33396192391325,1.56319709774596),
(0.,0.0005),.UNSPECIFIED.);
#107=B_SPLINE_SURFACE_WITH_KNOTS('',3,3,((#8406,#8407,#8408,#8409),(#8410,
#8411,#8412,#8413),(#8414,#8415,#8416,#8417),(#8418,#8419,#8420,#8421)),
 .UNSPECIFIED.,.F.,.F.,.F.,(4,4),(4,4),(0.,1.),(0.,0.0005),
 .UNSPECIFIED.);
#108=B_SPLINE_SURFACE_WITH_KNOTS('',3,3,((#8433,#8434,#8435,#8436),(#8437,
#8438,#8439,#8440),(#8441,#8442,#8443,#8444),(#8445,#8446,#8447,#8448)),
 .UNSPECIFIED.,.F.,.F.,.F.,(4,4),(4,4),(0.,1.),(0.,0.0005),
 .UNSPECIFIED.);
#109=B_SPLINE_SURFACE_WITH_KNOTS('',3,3,((#8460,#8461,#8462,#8463),(#8464,
#8465,#8466,#8467),(#8468,#8469,#8470,#8471),(#8472,#8473,#8474,#8475)),
 .UNSPECIFIED.,.F.,.F.,.F.,(4,4),(4,4),(-2.44262731925492,-2.00601619700022),
(0.,0.0005),.UNSPECIFIED.);
#110=B_SPLINE_SURFACE_WITH_KNOTS('',3,3,((#8487,#8488,#8489,#8490),(#8491,
#8492,#8493,#8494),(#8495,#8496,#8497,#8498),(#8499,#8500,#8501,#8502)),
 .UNSPECIFIED.,.F.,.F.,.F.,(4,4),(4,4),(0.,0.0167386572777141),(0.,0.0005),
 .UNSPECIFIED.);
#111=B_SPLINE_SURFACE_WITH_KNOTS('',3,3,((#8514,#8515,#8516,#8517),(#8518,
#8519,#8520,#8521),(#8522,#8523,#8524,#8525),(#8526,#8527,#8528,#8529)),
 .UNSPECIFIED.,.F.,.F.,.F.,(4,4),(4,4),(-2.03991242242242,-1.30716803358438),
(0.,0.0005),.UNSPECIFIED.);
#112=B_SPLINE_SURFACE_WITH_KNOTS('',3,3,((#8727,#8728,#8729,#8730),(#8731,
#8732,#8733,#8734),(#8735,#8736,#8737,#8738),(#8739,#8740,#8741,#8742),
(#8743,#8744,#8745,#8746),(#8747,#8748,#8749,#8750),(#8751,#8752,#8753,
#8754),(#8755,#8756,#8757,#8758)),.UNSPECIFIED.,.F.,.F.,.F.,(4,2,2,4),(4,
4),(0.,0.00257263023447588,0.00385019137092947,0.00514006173162831),(0.,
0.0005),.UNSPECIFIED.);
#113=B_SPLINE_SURFACE_WITH_KNOTS('',3,3,((#8760,#8761,#8762,#8763),(#8764,
#8765,#8766,#8767),(#8768,#8769,#8770,#8771),(#8772,#8773,#8774,#8775)),
 .UNSPECIFIED.,.F.,.F.,.F.,(4,4),(4,4),(0.,0.0127774459074286),(0.,0.0005),
 .UNSPECIFIED.);
#114=B_SPLINE_SURFACE_WITH_KNOTS('',3,3,((#8777,#8778,#8779,#8780),(#8781,
#8782,#8783,#8784),(#8785,#8786,#8787,#8788),(#8789,#8790,#8791,#8792)),
 .UNSPECIFIED.,.F.,.F.,.F.,(4,4),(4,4),(-0.124268211862765,0.566277178582584),
(0.,0.0005),.UNSPECIFIED.);
#115=B_SPLINE_SURFACE_WITH_KNOTS('',3,3,((#8794,#8795,#8796,#8797),(#8798,
#8799,#8800,#8801),(#8802,#8803,#8804,#8805),(#8806,#8807,#8808,#8809)),
 .UNSPECIFIED.,.F.,.F.,.F.,(4,4),(4,4),(-0.879127805577858,-0.0534298287799874),
(0.,0.0005),.UNSPECIFIED.);
#116=B_SPLINE_SURFACE_WITH_KNOTS('',3,3,((#8811,#8812,#8813,#8814),(#8815,
#8816,#8817,#8818),(#8819,#8820,#8821,#8822),(#8823,#8824,#8825,#8826)),
 .UNSPECIFIED.,.F.,.F.,.F.,(4,4),(4,4),(-1.45683217852508,-0.582638455799588),
(0.,0.0005),.UNSPECIFIED.);
#117=B_SPLINE_SURFACE_WITH_KNOTS('',3,3,((#8828,#8829,#8830,#8831),(#8832,
#8833,#8834,#8835),(#8836,#8837,#8838,#8839),(#8840,#8841,#8842,#8843),
(#8844,#8845,#8846,#8847),(#8848,#8849,#8850,#8851),(#8852,#8853,#8854,
#8855),(#8856,#8857,#8858,#8859),(#8860,#8861,#8862,#8863),(#8864,#8865,
#8866,#8867)),.UNSPECIFIED.,.F.,.F.,.F.,(4,2,2,2,4),(4,4),(0.,0.0015397372072622,
0.00302493091871687,0.00451675924827985,0.00605906144533942),(0.,0.0005),
 .UNSPECIFIED.);
#118=B_SPLINE_SURFACE_WITH_KNOTS('',3,3,((#8869,#8870,#8871,#8872),(#8873,
#8874,#8875,#8876),(#8877,#8878,#8879,#8880),(#8881,#8882,#8883,#8884)),
 .UNSPECIFIED.,.F.,.F.,.F.,(4,4),(4,4),(1.1764298247737,2.32951448342133),
(0.,0.0005),.UNSPECIFIED.);
#119=B_SPLINE_SURFACE_WITH_KNOTS('',3,3,((#8886,#8887,#8888,#8889),(#8890,
#8891,#8892,#8893),(#8894,#8895,#8896,#8897),(#8898,#8899,#8900,#8901)),
 .UNSPECIFIED.,.F.,.F.,.F.,(4,4),(4,4),(0.,0.0106444859388571),(0.,0.0005),
 .UNSPECIFIED.);
#120=B_SPLINE_SURFACE_WITH_KNOTS('',3,3,((#8903,#8904,#8905,#8906),(#8907,
#8908,#8909,#8910),(#8911,#8912,#8913,#8914),(#8915,#8916,#8917,#8918),
(#8919,#8920,#8921,#8922)),.UNSPECIFIED.,.F.,.F.,.F.,(4,1,4),(4,4),(2.79572642373119,
3.27244468056201,3.9080690230031),(0.,0.0005),.UNSPECIFIED.);
#121=B_SPLINE_SURFACE_WITH_KNOTS('',3,3,((#8924,#8925,#8926,#8927),(#8928,
#8929,#8930,#8931),(#8932,#8933,#8934,#8935),(#8936,#8937,#8938,#8939)),
 .UNSPECIFIED.,.F.,.F.,.F.,(4,4),(4,4),(0.,1.),(0.,0.0005),
 .UNSPECIFIED.);
#122=B_SPLINE_SURFACE_WITH_KNOTS('',3,3,((#8941,#8942,#8943,#8944),(#8945,
#8946,#8947,#8948),(#8949,#8950,#8951,#8952),(#8953,#8954,#8955,#8956),
(#8957,#8958,#8959,#8960),(#8961,#8962,#8963,#8964),(#8965,#8966,#8967,
#8968),(#8969,#8970,#8971,#8972),(#8973,#8974,#8975,#8976),(#8977,#8978,
#8979,#8980)),.UNSPECIFIED.,.F.,.F.,.F.,(4,2,2,2,4),(4,4),(0.,0.0011071322704344,
0.00220343617574832,0.00330061621401379,0.00440674985247731),(0.,0.0005),
 .UNSPECIFIED.);
#123=B_SPLINE_SURFACE_WITH_KNOTS('',3,3,((#8982,#8983,#8984,#8985),(#8986,
#8987,#8988,#8989),(#8990,#8991,#8992,#8993),(#8994,#8995,#8996,#8997),
(#8998,#8999,#9000,#9001),(#9002,#9003,#9004,#9005),(#9006,#9007,#9008,
#9009),(#9010,#9011,#9012,#9013),(#9014,#9015,#9016,#9017),(#9018,#9019,
#9020,#9021)),.UNSPECIFIED.,.F.,.F.,.F.,(4,2,2,2,4),(4,4),(0.,0.00110922748901509,
0.00220576108548442,0.0033037969159417,0.00441221538557895),(0.,0.0005),
 .UNSPECIFIED.);
#124=B_SPLINE_SURFACE_WITH_KNOTS('',3,3,((#9022,#9023,#9024,#9025),(#9026,
#9027,#9028,#9029),(#9030,#9031,#9032,#9033),(#9034,#9035,#9036,#9037)),
 .UNSPECIFIED.,.F.,.F.,.F.,(4,4),(4,4),(-2.38341586581171,-1.51991023707058),
(0.,0.0005),.UNSPECIFIED.);
#125=B_SPLINE_SURFACE_WITH_KNOTS('',3,3,((#9052,#9053,#9054,#9055),(#9056,
#9057,#9058,#9059),(#9060,#9061,#9062,#9063),(#9064,#9065,#9066,#9067)),
 .UNSPECIFIED.,.F.,.F.,.F.,(4,4),(4,4),(-3.08637931671573,-2.24623174566794),
(0.,0.0005),.UNSPECIFIED.);
#126=B_SPLINE_SURFACE_WITH_KNOTS('',3,3,((#9079,#9080,#9081,#9082),(#9083,
#9084,#9085,#9086),(#9087,#9088,#9089,#9090),(#9091,#9092,#9093,#9094),
(#9095,#9096,#9097,#9098),(#9099,#9100,#9101,#9102),(#9103,#9104,#9105,
#9106),(#9107,#9108,#9109,#9110),(#9111,#9112,#9113,#9114),(#9115,#9116,
#9117,#9118)),.UNSPECIFIED.,.F.,.F.,.F.,(4,2,2,2,4),(4,4),(0.,0.00146287088027476,
0.00291423205951703,0.00436412393771423,0.0058287265585377),(0.,0.0005),
 .UNSPECIFIED.);
#127=B_SPLINE_SURFACE_WITH_KNOTS('',3,3,((#9142,#9143,#9144,#9145),(#9146,
#9147,#9148,#9149),(#9150,#9151,#9152,#9153),(#9154,#9155,#9156,#9157)),
 .UNSPECIFIED.,.F.,.F.,.F.,(4,4),(4,4),(1.48809417567674,2.30833691415519),
(0.,0.0005),.UNSPECIFIED.);
#128=B_SPLINE_SURFACE_WITH_KNOTS('',3,3,((#9169,#9170,#9171,#9172),(#9173,
#9174,#9175,#9176),(#9177,#9178,#9179,#9180),(#9181,#9182,#9183,#9184),
(#9185,#9186,#9187,#9188)),.UNSPECIFIED.,.F.,.F.,.F.,(4,1,4),(4,4),(2.22785604794128,
2.70368847823164,3.33813171861877),(0.,0.0005),.UNSPECIFIED.);
#129=B_SPLINE_SURFACE_WITH_KNOTS('',3,3,((#9202,#9203,#9204,#9205),(#9206,
#9207,#9208,#9209),(#9210,#9211,#9212,#9213),(#9214,#9215,#9216,#9217)),
 .UNSPECIFIED.,.F.,.F.,.F.,(4,4),(4,4),(0.,0.0106444859388573),(0.,0.0005),
 .UNSPECIFIED.);
#130=B_SPLINE_SURFACE_WITH_KNOTS('',3,3,((#9229,#9230,#9231,#9232),(#9233,
#9234,#9235,#9236),(#9237,#9238,#9239,#9240),(#9241,#9242,#9243,#9244),
(#9245,#9246,#9247,#9248),(#9249,#9250,#9251,#9252),(#9253,#9254,#9255,
#9256),(#9257,#9258,#9259,#9260),(#9261,#9262,#9263,#9264),(#9265,#9266,
#9267,#9268)),.UNSPECIFIED.,.F.,.F.,.F.,(4,2,2,2,4),(4,4),(0.,0.000831893794179258,
0.00164763053048088,0.00246175037114661,0.00329416548713747),(0.,0.0005),
 .UNSPECIFIED.);
#131=B_SPLINE_SURFACE_WITH_KNOTS('',3,3,((#9292,#9293,#9294,#9295),(#9296,
#9297,#9298,#9299),(#9300,#9301,#9302,#9303),(#9304,#9305,#9306,#9307),
(#9308,#9309,#9310,#9311),(#9312,#9313,#9314,#9315),(#9316,#9317,#9318,
#9319),(#9320,#9321,#9322,#9323),(#9324,#9325,#9326,#9327),(#9328,#9329,
#9330,#9331)),.UNSPECIFIED.,.F.,.F.,.F.,(4,2,2,2,4),(4,4),(0.,0.00154437301210278,
0.00303478344255444,0.00452431408280359,0.00606886750037262),(0.,0.0005),
 .UNSPECIFIED.);
#132=B_SPLINE_SURFACE_WITH_KNOTS('',3,3,((#9355,#9356,#9357,#9358),(#9359,
#9360,#9361,#9362),(#9363,#9364,#9365,#9366),(#9367,#9368,#9369,#9370)),
 .UNSPECIFIED.,.F.,.F.,.F.,(4,4),(4,4),(0.0639104628341321,0.903029654215697),
(0.,0.0005),.UNSPECIFIED.);
#133=B_SPLINE_SURFACE_WITH_KNOTS('',3,3,((#9382,#9383,#9384,#9385),(#9386,
#9387,#9388,#9389),(#9390,#9391,#9392,#9393),(#9394,#9395,#9396,#9397)),
 .UNSPECIFIED.,.F.,.F.,.F.,(4,4),(4,4),(-0.879127808144731,-0.0534298311544534),
(0.,0.0005),.UNSPECIFIED.);
#134=B_SPLINE_SURFACE_WITH_KNOTS('',3,3,((#9409,#9410,#9411,#9412),(#9413,
#9414,#9415,#9416),(#9417,#9418,#9419,#9420),(#9421,#9422,#9423,#9424)),
 .UNSPECIFIED.,.F.,.F.,.F.,(4,4),(4,4),(-1.9484885767079,-1.17212541480133),
(0.,0.0005),.UNSPECIFIED.);
#135=B_SPLINE_SURFACE_WITH_KNOTS('',3,3,((#9436,#9437,#9438,#9439),(#9440,
#9441,#9442,#9443),(#9444,#9445,#9446,#9447),(#9448,#9449,#9450,#9451)),
 .UNSPECIFIED.,.F.,.F.,.F.,(4,4),(4,4),(0.,0.0127774459074287),(0.,0.0005),
 .UNSPECIFIED.);
#136=B_SPLINE_SURFACE_WITH_KNOTS('',3,3,((#9463,#9464,#9465,#9466),(#9467,
#9468,#9469,#9470),(#9471,#9472,#9473,#9474),(#9475,#9476,#9477,#9478),
(#9479,#9480,#9481,#9482),(#9483,#9484,#9485,#9486),(#9487,#9488,#9489,
#9490),(#9491,#9492,#9493,#9494)),.UNSPECIFIED.,.F.,.F.,.F.,(4,2,2,4),(4,
4),(0.,0.00130244774477908,0.00259132786216328,0.00518897538298267),(0.,
0.0005),.UNSPECIFIED.);
#137=B_SPLINE_SURFACE_WITH_KNOTS('',3,3,((#9669,#9670,#9671,#9672),(#9673,
#9674,#9675,#9676),(#9677,#9678,#9679,#9680),(#9681,#9682,#9683,#9684)),
 .UNSPECIFIED.,.F.,.F.,.F.,(4,4),(4,4),(0.,0.0705501902005714),(0.,0.0005),
 .UNSPECIFIED.);
#138=B_SPLINE_SURFACE_WITH_KNOTS('',3,3,((#9689,#9690,#9691,#9692),(#9693,
#9694,#9695,#9696),(#9697,#9698,#9699,#9700),(#9701,#9702,#9703,#9704)),
 .UNSPECIFIED.,.F.,.F.,.F.,(4,4),(4,4),(0.,0.0400793335057141),(0.,0.0005),
 .UNSPECIFIED.);
#139=B_SPLINE_SURFACE_WITH_KNOTS('',3,3,((#9706,#9707,#9708,#9709),(#9710,
#9711,#9712,#9713),(#9714,#9715,#9716,#9717),(#9718,#9719,#9720,#9721),
(#9722,#9723,#9724,#9725),(#9726,#9727,#9728,#9729),(#9730,#9731,#9732,
#9733),(#9734,#9735,#9736,#9737),(#9738,#9739,#9740,#9741),(#9742,#9743,
#9744,#9745)),.UNSPECIFIED.,.F.,.F.,.F.,(4,2,2,2,4),(4,4),(0.,0.00101183426716696,
0.00199106544974044,0.00296856726659972,0.00398170660706502),(0.,0.0005),
 .UNSPECIFIED.);
#140=B_SPLINE_SURFACE_WITH_KNOTS('',3,3,((#9747,#9748,#9749,#9750),(#9751,
#9752,#9753,#9754),(#9755,#9756,#9757,#9758),(#9759,#9760,#9761,#9762)),
 .UNSPECIFIED.,.F.,.F.,.F.,(4,4),(4,4),(1.46174217751632,2.39635987462407),
(0.,0.0005),.UNSPECIFIED.);
#141=B_SPLINE_SURFACE_WITH_KNOTS('',3,3,((#9764,#9765,#9766,#9767),(#9768,
#9769,#9770,#9771),(#9772,#9773,#9774,#9775),(#9776,#9777,#9778,#9779)),
 .UNSPECIFIED.,.F.,.F.,.F.,(4,4),(4,4),(2.95225370514188,3.69918766675956),
(0.,0.0005),.UNSPECIFIED.);
#142=B_SPLINE_SURFACE_WITH_KNOTS('',3,3,((#9781,#9782,#9783,#9784),(#9785,
#9786,#9787,#9788),(#9789,#9790,#9791,#9792),(#9793,#9794,#9795,#9796)),
 .UNSPECIFIED.,.F.,.F.,.F.,(4,4),(4,4),(-1.95663720541613,-1.56535436198605),
(0.,0.0005),.UNSPECIFIED.);
#143=B_SPLINE_SURFACE_WITH_KNOTS('',3,3,((#9798,#9799,#9800,#9801),(#9802,
#9803,#9804,#9805),(#9806,#9807,#9808,#9809),(#9810,#9811,#9812,#9813)),
 .UNSPECIFIED.,.F.,.F.,.F.,(4,4),(4,4),(0.,0.0381698264862856),(0.,0.0005),
 .UNSPECIFIED.);
#144=B_SPLINE_SURFACE_WITH_KNOTS('',3,3,((#9817,#9818,#9819,#9820),(#9821,
#9822,#9823,#9824),(#9825,#9826,#9827,#9828),(#9829,#9830,#9831,#9832)),
 .UNSPECIFIED.,.F.,.F.,.F.,(4,4),(4,4),(0.,0.0372963285942857),(0.,0.0005),
 .UNSPECIFIED.);
#145=B_SPLINE_SURFACE_WITH_KNOTS('',3,3,((#9834,#9835,#9836,#9837),(#9838,
#9839,#9840,#9841),(#9842,#9843,#9844,#9845),(#9846,#9847,#9848,#9849)),
 .UNSPECIFIED.,.F.,.F.,.F.,(4,4),(4,4),(0.,1.),(0.,0.0005),
 .UNSPECIFIED.);
#146=B_SPLINE_SURFACE_WITH_KNOTS('',3,3,((#9851,#9852,#9853,#9854),(#9855,
#9856,#9857,#9858),(#9859,#9860,#9861,#9862),(#9863,#9864,#9865,#9866)),
 .UNSPECIFIED.,.F.,.F.,.F.,(4,4),(4,4),(-0.592630014063469,0.247526936012135),
(0.,0.0005),.UNSPECIFIED.);
#147=B_SPLINE_SURFACE_WITH_KNOTS('',3,3,((#9868,#9869,#9870,#9871),(#9872,
#9873,#9874,#9875),(#9876,#9877,#9878,#9879),(#9880,#9881,#9882,#9883)),
 .UNSPECIFIED.,.F.,.F.,.F.,(4,4),(4,4),(2.9173803212699E-15,0.878874502185153),
(0.,0.0005),.UNSPECIFIED.);
#148=B_SPLINE_SURFACE_WITH_KNOTS('',3,3,((#9885,#9886,#9887,#9888),(#9889,
#9890,#9891,#9892),(#9893,#9894,#9895,#9896),(#9897,#9898,#9899,#9900)),
 .UNSPECIFIED.,.F.,.F.,.F.,(4,4),(4,4),(2.69453440807115,3.38315286125062),
(0.,0.0005),.UNSPECIFIED.);
#149=B_SPLINE_SURFACE_WITH_KNOTS('',3,3,((#9902,#9903,#9904,#9905),(#9906,
#9907,#9908,#9909),(#9910,#9911,#9912,#9913),(#9914,#9915,#9916,#9917)),
 .UNSPECIFIED.,.F.,.F.,.F.,(4,4),(4,4),(0.,0.00857246768342847),(0.,0.0005),
 .UNSPECIFIED.);
#150=B_SPLINE_SURFACE_WITH_KNOTS('',3,3,((#9920,#9921,#9922,#9923),(#9924,
#9925,#9926,#9927),(#9928,#9929,#9930,#9931),(#9932,#9933,#9934,#9935)),
 .UNSPECIFIED.,.F.,.F.,.F.,(4,4),(4,4),(1.17457593170852,2.1751537192891),
(0.,0.0005),.UNSPECIFIED.);
#151=B_SPLINE_SURFACE_WITH_KNOTS('',3,3,((#9950,#9951,#9952,#9953),(#9954,
#9955,#9956,#9957),(#9958,#9959,#9960,#9961),(#9962,#9963,#9964,#9965)),
 .UNSPECIFIED.,.F.,.F.,.F.,(4,4),(4,4),(-1.75854080555257,-0.870831517419814),
(0.,0.0005),.UNSPECIFIED.);
#152=B_SPLINE_SURFACE_WITH_KNOTS('',3,3,((#9977,#9978,#9979,#9980),(#9981,
#9982,#9983,#9984),(#9985,#9986,#9987,#9988),(#9989,#9990,#9991,#9992)),
 .UNSPECIFIED.,.F.,.F.,.F.,(4,4),(4,4),(-0.73925005739256,-0.123200529156521),
(0.,0.0005),.UNSPECIFIED.);
#153=B_SPLINE_SURFACE_WITH_KNOTS('',3,3,((#10004,#10005,#10006,#10007),
(#10008,#10009,#10010,#10011),(#10012,#10013,#10014,#10015),(#10016,#10017,
#10018,#10019)),.UNSPECIFIED.,.F.,.F.,.F.,(4,4),(4,4),(0.,0.0122289704868573),
(0.,0.0005),.UNSPECIFIED.);
#154=B_SPLINE_SURFACE_WITH_KNOTS('',3,3,((#10031,#10032,#10033,#10034),
(#10035,#10036,#10037,#10038),(#10039,#10040,#10041,#10042),(#10043,#10044,
#10045,#10046)),.UNSPECIFIED.,.F.,.F.,.F.,(4,4),(4,4),(0.683083256320079,
1.39582750550397),(0.,0.0005),.UNSPECIFIED.);
#155=B_SPLINE_SURFACE_WITH_KNOTS('',3,3,((#10058,#10059,#10060,#10061),
(#10062,#10063,#10064,#10065),(#10066,#10067,#10068,#10069),(#10070,#10071,
#10072,#10073),(#10074,#10075,#10076,#10077),(#10078,#10079,#10080,#10081),
(#10082,#10083,#10084,#10085),(#10086,#10087,#10088,#10089),(#10090,#10091,
#10092,#10093),(#10094,#10095,#10096,#10097)),.UNSPECIFIED.,.F.,.F.,.F.,
(4,2,2,2,4),(4,4),(0.,0.00111128230707564,0.00221072940539024,0.00331001684238538,
0.00442174698458903),(0.,0.0005),.UNSPECIFIED.);
#156=B_SPLINE_SURFACE_WITH_KNOTS('',3,3,((#10121,#10122,#10123,#10124),
(#10125,#10126,#10127,#10128),(#10129,#10130,#10131,#10132),(#10133,#10134,
#10135,#10136),(#10137,#10138,#10139,#10140),(#10141,#10142,#10143,#10144),
(#10145,#10146,#10147,#10148),(#10149,#10150,#10151,#10152),(#10153,#10154,
#10155,#10156),(#10157,#10158,#10159,#10160)),.UNSPECIFIED.,.F.,.F.,.F.,
(4,2,2,2,4),(4,4),(0.,0.00110811122007118,0.00220524321249846,0.00330203208454425,
0.00441079941154654),(0.,0.0005),.UNSPECIFIED.);
#157=B_SPLINE_SURFACE_WITH_KNOTS('',3,3,((#10184,#10185,#10186,#10187),
(#10188,#10189,#10190,#10191),(#10192,#10193,#10194,#10195),(#10196,#10197,
#10198,#10199)),.UNSPECIFIED.,.F.,.F.,.F.,(4,4),(4,4),(0.,1.),(0.,0.0005),
 .UNSPECIFIED.);
#158=B_SPLINE_SURFACE_WITH_KNOTS('',3,3,((#10211,#10212,#10213,#10214),
(#10215,#10216,#10217,#10218),(#10219,#10220,#10221,#10222),(#10223,#10224,
#10225,#10226)),.UNSPECIFIED.,.F.,.F.,.F.,(4,4),(4,4),(2.10615996971504,
2.9463365839492),(0.,0.0005),.UNSPECIFIED.);
#159=B_SPLINE_SURFACE_WITH_KNOTS('',3,3,((#10238,#10239,#10240,#10241),
(#10242,#10243,#10244,#10245),(#10246,#10247,#10248,#10249),(#10250,#10251,
#10252,#10253)),.UNSPECIFIED.,.F.,.F.,.F.,(4,4),(4,4),(9.97689649722657E-18,
0.848841796293582),(0.,0.0005),.UNSPECIFIED.);
#160=B_SPLINE_SURFACE_WITH_KNOTS('',3,3,((#10265,#10266,#10267,#10268),
(#10269,#10270,#10271,#10272),(#10273,#10274,#10275,#10276),(#10277,#10278,
#10279,#10280)),.UNSPECIFIED.,.F.,.F.,.F.,(4,4),(4,4),(-1.11610964518874,
-0.754398476773791),(0.,0.0005),.UNSPECIFIED.);
#161=B_SPLINE_SURFACE_WITH_KNOTS('',3,3,((#10326,#10327,#10328,#10329),
(#10330,#10331,#10332,#10333),(#10334,#10335,#10336,#10337),(#10338,#10339,
#10340,#10341),(#10342,#10343,#10344,#10345),(#10346,#10347,#10348,#10349),
(#10350,#10351,#10352,#10353),(#10354,#10355,#10356,#10357),(#10358,#10359,
#10360,#10361),(#10362,#10363,#10364,#10365)),.UNSPECIFIED.,.F.,.F.,.F.,
(4,2,2,2,4),(4,4),(0.,0.00117335925635098,0.00231713691425207,0.00347040689941093,
0.00465165283435993),(0.,0.0005),.UNSPECIFIED.);
#162=B_SPLINE_SURFACE_WITH_KNOTS('',3,3,((#10380,#10381,#10382,#10383),
(#10384,#10385,#10386,#10387),(#10388,#10389,#10390,#10391),(#10392,#10393,
#10394,#10395)),.UNSPECIFIED.,.F.,.F.,.F.,(4,4),(4,4),(2.83101954387993,
3.68763969657657),(0.,0.0005),.UNSPECIFIED.);
#163=B_SPLINE_SURFACE_WITH_KNOTS('',3,3,((#10402,#10403,#10404,#10405),
(#10406,#10407,#10408,#10409),(#10410,#10411,#10412,#10413),(#10414,#10415,
#10416,#10417)),.UNSPECIFIED.,.F.,.F.,.F.,(4,4),(4,4),(2.94452500055435,
3.74264786053859),(0.,0.0005),.UNSPECIFIED.);
#164=B_SPLINE_SURFACE_WITH_KNOTS('',3,3,((#10424,#10425,#10426,#10427),
(#10428,#10429,#10430,#10431),(#10432,#10433,#10434,#10435),(#10436,#10437,
#10438,#10439)),.UNSPECIFIED.,.F.,.F.,.F.,(4,4),(4,4),(2.81612442960984,
3.14159265358979),(0.,0.0005),.UNSPECIFIED.);
#165=B_SPLINE_SURFACE_WITH_KNOTS('',3,3,((#10503,#10504,#10505,#10506),
(#10507,#10508,#10509,#10510),(#10511,#10512,#10513,#10514),(#10515,#10516,
#10517,#10518)),.UNSPECIFIED.,.F.,.F.,.F.,(4,4),(4,4),(0.,1.),(0.,0.0005),
 .UNSPECIFIED.);
#166=B_SPLINE_SURFACE_WITH_KNOTS('',3,3,((#10523,#10524,#10525,#10526),
(#10527,#10528,#10529,#10530),(#10531,#10532,#10533,#10534),(#10535,#10536,
#10537,#10538)),.UNSPECIFIED.,.F.,.F.,.F.,(4,4),(4,4),(0.,1.),(0.,0.0005),
 .UNSPECIFIED.);
#167=B_SPLINE_SURFACE_WITH_KNOTS('',3,3,((#10540,#10541,#10542,#10543),
(#10544,#10545,#10546,#10547),(#10548,#10549,#10550,#10551),(#10552,#10553,
#10554,#10555)),.UNSPECIFIED.,.F.,.F.,.F.,(4,4),(4,4),(0.,1.),(0.,0.0005),
 .UNSPECIFIED.);
#168=B_SPLINE_SURFACE_WITH_KNOTS('',3,3,((#10559,#10560,#10561,#10562),
(#10563,#10564,#10565,#10566),(#10567,#10568,#10569,#10570),(#10571,#10572,
#10573,#10574)),.UNSPECIFIED.,.F.,.F.,.F.,(4,4),(4,4),(0.,1.),(0.,0.0005),
 .UNSPECIFIED.);
#169=B_SPLINE_SURFACE_WITH_KNOTS('',3,3,((#10575,#10576,#10577,#10578),
(#10579,#10580,#10581,#10582),(#10583,#10584,#10585,#10586),(#10587,#10588,
#10589,#10590)),.UNSPECIFIED.,.F.,.F.,.F.,(4,4),(4,4),(1.60658745212499,
2.39872716989141),(0.,0.0005),.UNSPECIFIED.);
#170=B_SPLINE_SURFACE_WITH_KNOTS('',3,3,((#10611,#10612,#10613,#10614),
(#10615,#10616,#10617,#10618),(#10619,#10620,#10621,#10622),(#10623,#10624,
#10625,#10626)),.UNSPECIFIED.,.F.,.F.,.F.,(4,4),(4,4),(0.,1.),(0.,0.0005),
 .UNSPECIFIED.);
#171=B_SPLINE_SURFACE_WITH_KNOTS('',3,3,((#10638,#10639,#10640,#10641),
(#10642,#10643,#10644,#10645),(#10646,#10647,#10648,#10649),(#10650,#10651,
#10652,#10653)),.UNSPECIFIED.,.F.,.F.,.F.,(4,4),(4,4),(0.,1.),(0.,0.0005),
 .UNSPECIFIED.);
#172=B_SPLINE_SURFACE_WITH_KNOTS('',3,3,((#10671,#10672,#10673,#10674),
(#10675,#10676,#10677,#10678),(#10679,#10680,#10681,#10682),(#10683,#10684,
#10685,#10686),(#10687,#10688,#10689,#10690),(#10691,#10692,#10693,#10694)),
 .UNSPECIFIED.,.F.,.F.,.F.,(4,2,4),(4,4),(0.,0.00457249836584564,0.00914447910209883),
(0.,0.0005),.UNSPECIFIED.);
#173=B_SPLINE_SURFACE_WITH_KNOTS('',3,3,((#10710,#10711,#10712,#10713),
(#10714,#10715,#10716,#10717),(#10718,#10719,#10720,#10721),(#10722,#10723,
#10724,#10725)),.UNSPECIFIED.,.F.,.F.,.F.,(4,4),(4,4),(-1.4901105502062,
-0.693065885681112),(0.,0.0005),.UNSPECIFIED.);
#174=B_SPLINE_SURFACE_WITH_KNOTS('',3,3,((#10737,#10738,#10739,#10740),
(#10741,#10742,#10743,#10744),(#10745,#10746,#10747,#10748),(#10749,#10750,
#10751,#10752),(#10753,#10754,#10755,#10756),(#10757,#10758,#10759,#10760)),
 .UNSPECIFIED.,.F.,.F.,.F.,(4,2,4),(4,4),(0.,0.00454877887957924,0.00909739550423607),
(0.,0.0005),.UNSPECIFIED.);
#175=B_SPLINE_CURVE_WITH_KNOTS('',3,(#5719,#5720,#5721,#5722),
 .UNSPECIFIED.,.F.,.F.,(4,4),(-0.100228804621714,0.),.UNSPECIFIED.);
#176=B_SPLINE_CURVE_WITH_KNOTS('',3,(#5726,#5727,#5728,#5729),
 .UNSPECIFIED.,.F.,.F.,(4,4),(-0.0794273664508571,0.),.UNSPECIFIED.);
#177=B_SPLINE_CURVE_WITH_KNOTS('',3,(#5733,#5734,#5735,#5736),
 .UNSPECIFIED.,.F.,.F.,(4,4),(-0.0918188481737823,0.),.UNSPECIFIED.);
#178=B_SPLINE_CURVE_WITH_KNOTS('',3,(#5740,#5741,#5742,#5743),
 .UNSPECIFIED.,.F.,.F.,(4,4),(-0.0827588467833604,0.),.UNSPECIFIED.);
#179=B_SPLINE_CURVE_WITH_KNOTS('',3,(#5747,#5748,#5749,#5750),
 .UNSPECIFIED.,.F.,.F.,(4,4),(-0.100696024424,0.),.UNSPECIFIED.);
#180=B_SPLINE_CURVE_WITH_KNOTS('',3,(#5753,#5754,#5755,#5756),
 .UNSPECIFIED.,.F.,.F.,(4,4),(-0.455075245073305,0.),.UNSPECIFIED.);
#181=B_SPLINE_CURVE_WITH_KNOTS('',3,(#5760,#5761,#5762,#5763),
 .UNSPECIFIED.,.F.,.F.,(4,4),(0.,0.455075245073305),.UNSPECIFIED.);
#182=B_SPLINE_CURVE_WITH_KNOTS('',3,(#5767,#5768,#5769,#5770),
 .UNSPECIFIED.,.F.,.F.,(4,4),(0.,0.100696024424),.UNSPECIFIED.);
#183=B_SPLINE_CURVE_WITH_KNOTS('',3,(#5774,#5775,#5776,#5777),
 .UNSPECIFIED.,.F.,.F.,(4,4),(0.,0.0827588467833604),.UNSPECIFIED.);
#184=B_SPLINE_CURVE_WITH_KNOTS('',3,(#5781,#5782,#5783,#5784),
 .UNSPECIFIED.,.F.,.F.,(4,4),(0.,0.0918188481737823),.UNSPECIFIED.);
#185=B_SPLINE_CURVE_WITH_KNOTS('',3,(#5788,#5789,#5790,#5791),
 .UNSPECIFIED.,.F.,.F.,(4,4),(0.,0.0794273664508571),.UNSPECIFIED.);
#186=B_SPLINE_CURVE_WITH_KNOTS('',3,(#5795,#5796,#5797,#5798),
 .UNSPECIFIED.,.F.,.F.,(4,4),(0.,0.100228804621714),.UNSPECIFIED.);
#187=B_SPLINE_CURVE_WITH_KNOTS('',3,(#5932,#5933,#5934,#5935),
 .UNSPECIFIED.,.F.,.F.,(4,4),(-0.103621226666857,0.),.UNSPECIFIED.);
#188=B_SPLINE_CURVE_WITH_KNOTS('',3,(#5939,#5940,#5941,#5942),
 .UNSPECIFIED.,.F.,.F.,(4,4),(0.,0.103621226666857),.UNSPECIFIED.);
#189=B_SPLINE_CURVE_WITH_KNOTS('',3,(#5967,#5968,#5969,#5970),
 .UNSPECIFIED.,.F.,.F.,(4,4),(-0.351450861118286,0.),.UNSPECIFIED.);
#190=B_SPLINE_CURVE_WITH_KNOTS('',3,(#5972,#5973,#5974,#5975),
 .UNSPECIFIED.,.F.,.F.,(4,4),(0.,0.351450861118286),.UNSPECIFIED.);
#191=B_SPLINE_CURVE_WITH_KNOTS('',3,(#6000,#6001,#6002,#6003),
 .UNSPECIFIED.,.F.,.F.,(4,4),(-0.351450861118286,0.),.UNSPECIFIED.);
#192=B_SPLINE_CURVE_WITH_KNOTS('',3,(#6005,#6006,#6007,#6008),
 .UNSPECIFIED.,.F.,.F.,(4,4),(0.,0.351450861118286),.UNSPECIFIED.);
#193=B_SPLINE_CURVE_WITH_KNOTS('',3,(#6033,#6034,#6035,#6036),
 .UNSPECIFIED.,.F.,.F.,(4,4),(-0.103621226666857,0.),.UNSPECIFIED.);
#194=B_SPLINE_CURVE_WITH_KNOTS('',3,(#6038,#6039,#6040,#6041),
 .UNSPECIFIED.,.F.,.F.,(4,4),(0.,0.103621226666857),.UNSPECIFIED.);
#195=B_SPLINE_CURVE_WITH_KNOTS('',3,(#6051,#6052,#6053,#6054),
 .UNSPECIFIED.,.F.,.F.,(4,4),(-1.,0.),.UNSPECIFIED.);
#196=B_SPLINE_CURVE_WITH_KNOTS('',3,(#6058,#6059,#6060,#6061),
 .UNSPECIFIED.,.F.,.F.,(4,4),(-1.,0.),.UNSPECIFIED.);
#197=B_SPLINE_CURVE_WITH_KNOTS('',3,(#6063,#6064,#6065,#6066),
 .UNSPECIFIED.,.F.,.F.,(4,4),(-1.,0.),.UNSPECIFIED.);
#198=B_SPLINE_CURVE_WITH_KNOTS('',3,(#6069,#6070,#6071,#6072),
 .UNSPECIFIED.,.F.,.F.,(4,4),(-1.,0.),.UNSPECIFIED.);
#199=B_SPLINE_CURVE_WITH_KNOTS('',3,(#6076,#6077,#6078,#6079),
 .UNSPECIFIED.,.F.,.F.,(4,4),(0.,1.),.UNSPECIFIED.);
#200=B_SPLINE_CURVE_WITH_KNOTS('',3,(#6081,#6082,#6083,#6084),
 .UNSPECIFIED.,.F.,.F.,(4,4),(0.,1.),.UNSPECIFIED.);
#201=B_SPLINE_CURVE_WITH_KNOTS('',3,(#6088,#6089,#6090,#6091),
 .UNSPECIFIED.,.F.,.F.,(4,4),(0.,1.),.UNSPECIFIED.);
#202=B_SPLINE_CURVE_WITH_KNOTS('',3,(#6093,#6094,#6095,#6096),
 .UNSPECIFIED.,.F.,.F.,(4,4),(0.,1.),.UNSPECIFIED.);
#203=B_SPLINE_CURVE_WITH_KNOTS('',3,(#6188,#6189,#6190,#6191),
 .UNSPECIFIED.,.F.,.F.,(4,4),(0.412677051481206,1.27648592317547),
 .UNSPECIFIED.);
#204=B_SPLINE_CURVE_WITH_KNOTS('',3,(#6195,#6196,#6197,#6198),
 .UNSPECIFIED.,.F.,.F.,(4,4),(-1.27648592317547,-0.412677051481206),
 .UNSPECIFIED.);
#205=B_SPLINE_CURVE_WITH_KNOTS('',3,(#6241,#6242,#6243,#6244,#6245,#6246,
#6247,#6248,#6249,#6250),.UNSPECIFIED.,.F.,.F.,(4,2,2,2,4),(-0.00457143332197912,
-0.00342301735738844,-0.00228537419021378,-0.00114844054113134,0.),
 .UNSPECIFIED.);
#206=B_SPLINE_CURVE_WITH_KNOTS('',3,(#6252,#6253,#6254,#6255,#6256,#6257,
#6258,#6259,#6260,#6261),.UNSPECIFIED.,.F.,.F.,(4,2,2,2,4),(0.,0.00114844054113134,
0.00228537419021378,0.00342301735738844,0.00457143332197912),
 .UNSPECIFIED.);
#207=B_SPLINE_CURVE_WITH_KNOTS('',3,(#6280,#6281,#6282,#6283),
 .UNSPECIFIED.,.F.,.F.,(4,4),(-1.,0.),.UNSPECIFIED.);
#208=B_SPLINE_CURVE_WITH_KNOTS('',3,(#6285,#6286,#6287,#6288),
 .UNSPECIFIED.,.F.,.F.,(4,4),(0.,1.),.UNSPECIFIED.);
#209=B_SPLINE_CURVE_WITH_KNOTS('',3,(#6307,#6308,#6309,#6310),
 .UNSPECIFIED.,.F.,.F.,(4,4),(-3.12705595143053,-2.27925933196932),
 .UNSPECIFIED.);
#210=B_SPLINE_CURVE_WITH_KNOTS('',3,(#6312,#6313,#6314,#6315),
 .UNSPECIFIED.,.F.,.F.,(4,4),(2.27925933196932,3.12705595143053),
 .UNSPECIFIED.);
#211=B_SPLINE_CURVE_WITH_KNOTS('',3,(#6334,#6335,#6336,#6337),
 .UNSPECIFIED.,.F.,.F.,(4,4),(-0.606532437235076,0.226932804629051),
 .UNSPECIFIED.);
#212=B_SPLINE_CURVE_WITH_KNOTS('',3,(#6339,#6340,#6341,#6342),
 .UNSPECIFIED.,.F.,.F.,(4,4),(-0.226932804629051,0.606532437235076),
 .UNSPECIFIED.);
#213=B_SPLINE_CURVE_WITH_KNOTS('',3,(#6384,#6385,#6386,#6387,#6388,#6389,
#6390,#6391,#6392,#6393),.UNSPECIFIED.,.F.,.F.,(4,2,2,2,4),(-0.0110542750574394,
-0.0083760920304706,-0.0055286623132087,-0.00268290192503299,0.),
 .UNSPECIFIED.);
#214=B_SPLINE_CURVE_WITH_KNOTS('',3,(#6394,#6395,#6396,#6397,#6398,#6399,
#6400,#6401,#6402,#6403),.UNSPECIFIED.,.F.,.F.,(4,2,2,2,4),(0.,0.00268290192503299,
0.0055286623132087,0.0083760920304706,0.0110542750574394),.UNSPECIFIED.);
#215=B_SPLINE_CURVE_WITH_KNOTS('',3,(#6407,#6408,#6409,#6410),
 .UNSPECIFIED.,.F.,.F.,(4,4),(-1.95794586074488,-1.0709383016009),
 .UNSPECIFIED.);
#216=B_SPLINE_CURVE_WITH_KNOTS('',3,(#6412,#6413,#6414,#6415),
 .UNSPECIFIED.,.F.,.F.,(4,4),(0.460045925134537,1.32503471188003),
 .UNSPECIFIED.);
#217=B_SPLINE_CURVE_WITH_KNOTS('',3,(#6417,#6418,#6419,#6420,#6421,#6422,
#6423,#6424,#6425,#6426),.UNSPECIFIED.,.F.,.F.,(4,2,2,2,4),(0.,0.00148326481666995,
0.00291923200451916,0.00435930117119765,0.00584580352319333),
 .UNSPECIFIED.);
#218=B_SPLINE_CURVE_WITH_KNOTS('',3,(#6428,#6429,#6430,#6431),
 .UNSPECIFIED.,.F.,.F.,(4,4),(1.41476991782097,2.31329083735078),
 .UNSPECIFIED.);
#219=B_SPLINE_CURVE_WITH_KNOTS('',3,(#6433,#6434,#6435,#6436),
 .UNSPECIFIED.,.F.,.F.,(4,4),(-2.54533083771821,-1.68933770978174),
 .UNSPECIFIED.);
#220=B_SPLINE_CURVE_WITH_KNOTS('',3,(#6437,#6438,#6439,#6440,#6441,#6442,
#6443,#6444,#6445,#6446),.UNSPECIFIED.,.F.,.F.,(4,2,2,2,4),(0.,0.00146504966828971,
0.00288542893948283,0.0043029290272045,0.0057655194043362),
 .UNSPECIFIED.);
#221=B_SPLINE_CURVE_WITH_KNOTS('',3,(#6465,#6466,#6467,#6468),
 .UNSPECIFIED.,.F.,.F.,(4,4),(1.0709383016009,1.95794586074488),
 .UNSPECIFIED.);
#222=B_SPLINE_CURVE_WITH_KNOTS('',3,(#6488,#6489,#6490,#6491),
 .UNSPECIFIED.,.F.,.F.,(4,4),(-1.32503471188003,-0.460045925134537),
 .UNSPECIFIED.);
#223=B_SPLINE_CURVE_WITH_KNOTS('',3,(#6534,#6535,#6536,#6537,#6538,#6539,
#6540,#6541,#6542,#6543),.UNSPECIFIED.,.F.,.F.,(4,2,2,2,4),(-0.00584580352319333,
-0.00435930117119765,-0.00291923200451916,-0.00148326481666995,0.),
 .UNSPECIFIED.);
#224=B_SPLINE_CURVE_WITH_KNOTS('',3,(#6562,#6563,#6564,#6565),
 .UNSPECIFIED.,.F.,.F.,(4,4),(-2.31329083735078,-1.41476991782097),
 .UNSPECIFIED.);
#225=B_SPLINE_CURVE_WITH_KNOTS('',3,(#6584,#6585,#6586,#6587),
 .UNSPECIFIED.,.F.,.F.,(4,4),(1.68933770978174,2.54533083771821),
 .UNSPECIFIED.);
#226=B_SPLINE_CURVE_WITH_KNOTS('',3,(#6629,#6630,#6631,#6632,#6633,#6634,
#6635,#6636,#6637,#6638),.UNSPECIFIED.,.F.,.F.,(4,2,2,2,4),(-0.0057655194043362,
-0.0043029290272045,-0.00288542893948283,-0.00146504966828971,0.),
 .UNSPECIFIED.);
#227=B_SPLINE_CURVE_WITH_KNOTS('',3,(#6643,#6644,#6645,#6646),
 .UNSPECIFIED.,.F.,.F.,(4,4),(-0.275672568324699,0.314645767186098),
 .UNSPECIFIED.);
#228=B_SPLINE_CURVE_WITH_KNOTS('',3,(#6648,#6649,#6650,#6651),
 .UNSPECIFIED.,.F.,.F.,(4,4),(-0.0143619304554285,0.),.UNSPECIFIED.);
#229=B_SPLINE_CURVE_WITH_KNOTS('',3,(#6653,#6654,#6655,#6656),
 .UNSPECIFIED.,.F.,.F.,(4,4),(-0.235212165646128,0.206163368162133),
 .UNSPECIFIED.);
#230=B_SPLINE_CURVE_WITH_KNOTS('',3,(#6658,#6659,#6660,#6661),
 .UNSPECIFIED.,.F.,.F.,(4,4),(-0.741841119207141,0.325728989080854),
 .UNSPECIFIED.);
#231=B_SPLINE_CURVE_WITH_KNOTS('',3,(#6663,#6664,#6665,#6666),
 .UNSPECIFIED.,.F.,.F.,(4,4),(-0.0700626564937118,0.),.UNSPECIFIED.);
#232=B_SPLINE_CURVE_WITH_KNOTS('',3,(#6670,#6671,#6672,#6673),
 .UNSPECIFIED.,.F.,.F.,(4,4),(-0.0472095139725712,0.),.UNSPECIFIED.);
#233=B_SPLINE_CURVE_WITH_KNOTS('',3,(#6675,#6676,#6677,#6678),
 .UNSPECIFIED.,.F.,.F.,(4,4),(-0.0472095139725714,0.),.UNSPECIFIED.);
#234=B_SPLINE_CURVE_WITH_KNOTS('',3,(#6682,#6683,#6684,#6685),
 .UNSPECIFIED.,.F.,.F.,(4,4),(-0.0718909078954283,0.),.UNSPECIFIED.);
#235=B_SPLINE_CURVE_WITH_KNOTS('',3,(#6686,#6687,#6688,#6689,#6690),
 .UNSPECIFIED.,.F.,.F.,(4,1,4),(0.444946089200817,1.09249182614089,1.57815112884594),
 .UNSPECIFIED.);
#236=B_SPLINE_CURVE_WITH_KNOTS('',3,(#6694,#6695,#6696,#6697),
 .UNSPECIFIED.,.F.,.F.,(4,4),(-0.314645767186098,0.275672568324699),
 .UNSPECIFIED.);
#237=B_SPLINE_CURVE_WITH_KNOTS('',3,(#6699,#6700,#6701,#6702,#6703),
 .UNSPECIFIED.,.F.,.F.,(4,1,4),(-1.57815112884594,-1.09249182614089,-0.444946089200817),
 .UNSPECIFIED.);
#238=B_SPLINE_CURVE_WITH_KNOTS('',3,(#6705,#6706,#6707,#6708),
 .UNSPECIFIED.,.F.,.F.,(4,4),(0.,0.0718909078954283),.UNSPECIFIED.);
#239=B_SPLINE_CURVE_WITH_KNOTS('',3,(#6712,#6713,#6714,#6715),
 .UNSPECIFIED.,.F.,.F.,(4,4),(0.,0.0472095139725714),.UNSPECIFIED.);
#240=B_SPLINE_CURVE_WITH_KNOTS('',3,(#6717,#6718,#6719,#6720),
 .UNSPECIFIED.,.F.,.F.,(4,4),(0.,0.0472095139725712),.UNSPECIFIED.);
#241=B_SPLINE_CURVE_WITH_KNOTS('',3,(#6724,#6725,#6726,#6727),
 .UNSPECIFIED.,.F.,.F.,(4,4),(0.,0.0700626564937118),.UNSPECIFIED.);
#242=B_SPLINE_CURVE_WITH_KNOTS('',3,(#6729,#6730,#6731,#6732),
 .UNSPECIFIED.,.F.,.F.,(4,4),(-0.325728989080854,0.741841119207141),
 .UNSPECIFIED.);
#243=B_SPLINE_CURVE_WITH_KNOTS('',3,(#6734,#6735,#6736,#6737),
 .UNSPECIFIED.,.F.,.F.,(4,4),(-0.206163368162133,0.235212165646128),
 .UNSPECIFIED.);
#244=B_SPLINE_CURVE_WITH_KNOTS('',3,(#6738,#6739,#6740,#6741),
 .UNSPECIFIED.,.F.,.F.,(4,4),(0.,0.0143619304554285),.UNSPECIFIED.);
#245=B_SPLINE_CURVE_WITH_KNOTS('',3,(#6929,#6930,#6931,#6932),
 .UNSPECIFIED.,.F.,.F.,(4,4),(-0.00857246768342847,0.),.UNSPECIFIED.);
#246=B_SPLINE_CURVE_WITH_KNOTS('',3,(#6934,#6935,#6936,#6937),
 .UNSPECIFIED.,.F.,.F.,(4,4),(0.,0.00857246768342847),.UNSPECIFIED.);
#247=B_SPLINE_CURVE_WITH_KNOTS('',3,(#6956,#6957,#6958,#6959),
 .UNSPECIFIED.,.F.,.F.,(4,4),(-3.10356011083602,-2.37434532326643),
 .UNSPECIFIED.);
#248=B_SPLINE_CURVE_WITH_KNOTS('',3,(#6961,#6962,#6963,#6964),
 .UNSPECIFIED.,.F.,.F.,(4,4),(2.37434532326643,3.10356011083602),
 .UNSPECIFIED.);
#249=B_SPLINE_CURVE_WITH_KNOTS('',3,(#6983,#6984,#6985,#6986),
 .UNSPECIFIED.,.F.,.F.,(4,4),(-1.56285913711267,-0.698099838345921),
 .UNSPECIFIED.);
#250=B_SPLINE_CURVE_WITH_KNOTS('',3,(#6988,#6989,#6990,#6991),
 .UNSPECIFIED.,.F.,.F.,(4,4),(0.698099838345921,1.56285913711267),
 .UNSPECIFIED.);
#251=B_SPLINE_CURVE_WITH_KNOTS('',3,(#7010,#7011,#7012,#7013),
 .UNSPECIFIED.,.F.,.F.,(4,4),(-2.77168540356636,-1.91666784069704),
 .UNSPECIFIED.);
#252=B_SPLINE_CURVE_WITH_KNOTS('',3,(#7015,#7016,#7017,#7018),
 .UNSPECIFIED.,.F.,.F.,(4,4),(1.91666784069704,2.77168540356636),
 .UNSPECIFIED.);
#253=B_SPLINE_CURVE_WITH_KNOTS('',3,(#7037,#7038,#7039,#7040),
 .UNSPECIFIED.,.F.,.F.,(4,4),(-0.80546118127209,-0.57329988358958),
 .UNSPECIFIED.);
#254=B_SPLINE_CURVE_WITH_KNOTS('',3,(#7042,#7043,#7044,#7045),
 .UNSPECIFIED.,.F.,.F.,(4,4),(0.57329988358958,0.80546118127209),
 .UNSPECIFIED.);
#255=B_SPLINE_CURVE_WITH_KNOTS('',3,(#7064,#7065,#7066,#7067),
 .UNSPECIFIED.,.F.,.F.,(4,4),(-0.0372963285942857,0.),.UNSPECIFIED.);
#256=B_SPLINE_CURVE_WITH_KNOTS('',3,(#7069,#7070,#7071,#7072),
 .UNSPECIFIED.,.F.,.F.,(4,4),(0.,0.0372963285942857),.UNSPECIFIED.);
#257=B_SPLINE_CURVE_WITH_KNOTS('',3,(#7097,#7098,#7099,#7100),
 .UNSPECIFIED.,.F.,.F.,(4,4),(-0.0381698264862856,0.),.UNSPECIFIED.);
#258=B_SPLINE_CURVE_WITH_KNOTS('',3,(#7102,#7103,#7104,#7105),
 .UNSPECIFIED.,.F.,.F.,(4,4),(0.,0.0381698264862856),.UNSPECIFIED.);
#259=B_SPLINE_CURVE_WITH_KNOTS('',3,(#7124,#7125,#7126,#7127),
 .UNSPECIFIED.,.F.,.F.,(4,4),(2.09099394234779,2.41299478200549),
 .UNSPECIFIED.);
#260=B_SPLINE_CURVE_WITH_KNOTS('',3,(#7129,#7130,#7131,#7132),
 .UNSPECIFIED.,.F.,.F.,(4,4),(-2.41299478200549,-2.09099394234779),
 .UNSPECIFIED.);
#261=B_SPLINE_CURVE_WITH_KNOTS('',3,(#7151,#7152,#7153,#7154),
 .UNSPECIFIED.,.F.,.F.,(4,4),(-3.32663864429355,-2.47808401905867),
 .UNSPECIFIED.);
#262=B_SPLINE_CURVE_WITH_KNOTS('',3,(#7156,#7157,#7158,#7159),
 .UNSPECIFIED.,.F.,.F.,(4,4),(2.47808401905867,3.32663864429355),
 .UNSPECIFIED.);
#263=B_SPLINE_CURVE_WITH_KNOTS('',3,(#7178,#7179,#7180,#7181),
 .UNSPECIFIED.,.F.,.F.,(4,4),(-2.55586177602253,-1.67006564465245),
 .UNSPECIFIED.);
#264=B_SPLINE_CURVE_WITH_KNOTS('',3,(#7183,#7184,#7185,#7186),
 .UNSPECIFIED.,.F.,.F.,(4,4),(1.67006564465245,2.55586177602253),
 .UNSPECIFIED.);
#265=B_SPLINE_CURVE_WITH_KNOTS('',3,(#7229,#7230,#7231,#7232,#7233,#7234,
#7235,#7236,#7237,#7238),.UNSPECIFIED.,.F.,.F.,(4,2,2,2,4),(-0.00397649293955689,
-0.00296826099211666,-0.0019883829241403,-0.00101006040958708,0.),
 .UNSPECIFIED.);
#266=B_SPLINE_CURVE_WITH_KNOTS('',3,(#7240,#7241,#7242,#7243,#7244,#7245,
#7246,#7247,#7248,#7249),.UNSPECIFIED.,.F.,.F.,(4,2,2,2,4),(0.,0.00101006040958708,
0.0019883829241403,0.00296826099211666,0.00397649293955689),
 .UNSPECIFIED.);
#267=B_SPLINE_CURVE_WITH_KNOTS('',3,(#7268,#7269,#7270,#7271),
 .UNSPECIFIED.,.F.,.F.,(4,4),(-0.0400793335057142,0.),.UNSPECIFIED.);
#268=B_SPLINE_CURVE_WITH_KNOTS('',3,(#7273,#7274,#7275,#7276),
 .UNSPECIFIED.,.F.,.F.,(4,4),(0.,0.0400793335057142),.UNSPECIFIED.);
#269=B_SPLINE_CURVE_WITH_KNOTS('',3,(#7282,#7283,#7284,#7285),
 .UNSPECIFIED.,.F.,.F.,(4,4),(0.,2.99036364718016E-8),.UNSPECIFIED.);
#270=B_SPLINE_CURVE_WITH_KNOTS('',3,(#7303,#7304,#7305,#7306),
 .UNSPECIFIED.,.F.,.F.,(4,4),(-0.070550160296935,0.),.UNSPECIFIED.);
#271=B_SPLINE_CURVE_WITH_KNOTS('',3,(#7307,#7308,#7309,#7310),
 .UNSPECIFIED.,.F.,.F.,(4,4),(0.,0.070550160296935),.UNSPECIFIED.);
#272=B_SPLINE_CURVE_WITH_KNOTS('',3,(#7316,#7317,#7318,#7319),
 .UNSPECIFIED.,.F.,.F.,(4,4),(-0.0700626564937142,0.),.UNSPECIFIED.);
#273=B_SPLINE_CURVE_WITH_KNOTS('',3,(#7323,#7324,#7325,#7326),
 .UNSPECIFIED.,.F.,.F.,(4,4),(-0.0457062850422853,0.),.UNSPECIFIED.);
#274=B_SPLINE_CURVE_WITH_KNOTS('',3,(#7328,#7329,#7330,#7331),
 .UNSPECIFIED.,.F.,.F.,(4,4),(-0.0457062850422856,0.),.UNSPECIFIED.);
#275=B_SPLINE_CURVE_WITH_KNOTS('',3,(#7335,#7336,#7337,#7338),
 .UNSPECIFIED.,.F.,.F.,(4,4),(-0.0700626564937142,0.),.UNSPECIFIED.);
#276=B_SPLINE_CURVE_WITH_KNOTS('',3,(#7343,#7344,#7345,#7346),
 .UNSPECIFIED.,.F.,.F.,(4,4),(0.,0.0700626564937142),.UNSPECIFIED.);
#277=B_SPLINE_CURVE_WITH_KNOTS('',3,(#7350,#7351,#7352,#7353),
 .UNSPECIFIED.,.F.,.F.,(4,4),(0.,0.0700626564937142),.UNSPECIFIED.);
#278=B_SPLINE_CURVE_WITH_KNOTS('',3,(#7357,#7358,#7359,#7360),
 .UNSPECIFIED.,.F.,.F.,(4,4),(0.,0.0457062850422856),.UNSPECIFIED.);
#279=B_SPLINE_CURVE_WITH_KNOTS('',3,(#7362,#7363,#7364,#7365),
 .UNSPECIFIED.,.F.,.F.,(4,4),(0.,0.0457062850422853),.UNSPECIFIED.);
#280=B_SPLINE_CURVE_WITH_KNOTS('',3,(#7459,#7460,#7461,#7462),
 .UNSPECIFIED.,.F.,.F.,(4,4),(2.11293333900853,2.75680361574961),
 .UNSPECIFIED.);
#281=B_SPLINE_CURVE_WITH_KNOTS('',3,(#7466,#7467,#7468,#7469),
 .UNSPECIFIED.,.F.,.F.,(4,4),(-2.75680361574961,-2.11293333900853),
 .UNSPECIFIED.);
#282=B_SPLINE_CURVE_WITH_KNOTS('',3,(#7488,#7489,#7490,#7491),
 .UNSPECIFIED.,.F.,.F.,(4,4),(-3.3619323474367,-2.56783575725538),
 .UNSPECIFIED.);
#283=B_SPLINE_CURVE_WITH_KNOTS('',3,(#7493,#7494,#7495,#7496),
 .UNSPECIFIED.,.F.,.F.,(4,4),(2.56783575725538,3.3619323474367),
 .UNSPECIFIED.);
#284=B_SPLINE_CURVE_WITH_KNOTS('',3,(#7515,#7516,#7517,#7518),
 .UNSPECIFIED.,.F.,.F.,(4,4),(-1.,0.),.UNSPECIFIED.);
#285=B_SPLINE_CURVE_WITH_KNOTS('',3,(#7520,#7521,#7522,#7523),
 .UNSPECIFIED.,.F.,.F.,(4,4),(0.,1.),.UNSPECIFIED.);
#286=B_SPLINE_CURVE_WITH_KNOTS('',3,(#7542,#7543,#7544,#7545),
 .UNSPECIFIED.,.F.,.F.,(4,4),(-0.0321365968605714,0.),.UNSPECIFIED.);
#287=B_SPLINE_CURVE_WITH_KNOTS('',3,(#7547,#7548,#7549,#7550),
 .UNSPECIFIED.,.F.,.F.,(4,4),(0.,0.0321365968605714),.UNSPECIFIED.);
#288=B_SPLINE_CURVE_WITH_KNOTS('',3,(#7575,#7576,#7577,#7578),
 .UNSPECIFIED.,.F.,.F.,(4,4),(-0.0169011685137144,0.),.UNSPECIFIED.);
#289=B_SPLINE_CURVE_WITH_KNOTS('',3,(#7580,#7581,#7582,#7583),
 .UNSPECIFIED.,.F.,.F.,(4,4),(0.,0.0169011685137144),.UNSPECIFIED.);
#290=B_SPLINE_CURVE_WITH_KNOTS('',3,(#7608,#7609,#7610,#7611),
 .UNSPECIFIED.,.F.,.F.,(4,4),(-0.0172261909845715,0.),.UNSPECIFIED.);
#291=B_SPLINE_CURVE_WITH_KNOTS('',3,(#7613,#7614,#7615,#7616),
 .UNSPECIFIED.,.F.,.F.,(4,4),(0.,0.0172261909845715),.UNSPECIFIED.);
#292=B_SPLINE_CURVE_WITH_KNOTS('',3,(#7641,#7642,#7643,#7644),
 .UNSPECIFIED.,.F.,.F.,(4,4),(-0.0178559220234287,0.),.UNSPECIFIED.);
#293=B_SPLINE_CURVE_WITH_KNOTS('',3,(#7646,#7647,#7648,#7649),
 .UNSPECIFIED.,.F.,.F.,(4,4),(0.,0.0178559220234287),.UNSPECIFIED.);
#294=B_SPLINE_CURVE_WITH_KNOTS('',3,(#7674,#7675,#7676,#7677),
 .UNSPECIFIED.,.F.,.F.,(4,4),(-0.0169011685131428,0.),.UNSPECIFIED.);
#295=B_SPLINE_CURVE_WITH_KNOTS('',3,(#7679,#7680,#7681,#7682),
 .UNSPECIFIED.,.F.,.F.,(4,4),(0.,0.0169011685131428),.UNSPECIFIED.);
#296=B_SPLINE_CURVE_WITH_KNOTS('',3,(#7707,#7708,#7709,#7710),
 .UNSPECIFIED.,.F.,.F.,(4,4),(-0.028768004437143,0.),.UNSPECIFIED.);
#297=B_SPLINE_CURVE_WITH_KNOTS('',3,(#7712,#7713,#7714,#7715),
 .UNSPECIFIED.,.F.,.F.,(4,4),(0.,0.028768004437143),.UNSPECIFIED.);
#298=B_SPLINE_CURVE_WITH_KNOTS('',3,(#7734,#7735,#7736,#7737),
 .UNSPECIFIED.,.F.,.F.,(4,4),(-1.,0.),.UNSPECIFIED.);
#299=B_SPLINE_CURVE_WITH_KNOTS('',3,(#7739,#7740,#7741,#7742),
 .UNSPECIFIED.,.F.,.F.,(4,4),(0.,1.),.UNSPECIFIED.);
#300=B_SPLINE_CURVE_WITH_KNOTS('',3,(#7761,#7762,#7763,#7764),
 .UNSPECIFIED.,.F.,.F.,(4,4),(-1.,0.),.UNSPECIFIED.);
#301=B_SPLINE_CURVE_WITH_KNOTS('',3,(#7766,#7767,#7768,#7769),
 .UNSPECIFIED.,.F.,.F.,(4,4),(0.,1.),.UNSPECIFIED.);
#302=B_SPLINE_CURVE_WITH_KNOTS('',3,(#7788,#7789,#7790,#7791),
 .UNSPECIFIED.,.F.,.F.,(4,4),(0.0907031580294907,0.681144989715021),
 .UNSPECIFIED.);
#303=B_SPLINE_CURVE_WITH_KNOTS('',3,(#7793,#7794,#7795,#7796),
 .UNSPECIFIED.,.F.,.F.,(4,4),(-0.681144989715021,-0.0907031580294907),
 .UNSPECIFIED.);
#304=B_SPLINE_CURVE_WITH_KNOTS('',3,(#7815,#7816,#7817,#7818),
 .UNSPECIFIED.,.F.,.F.,(4,4),(-1.,0.),.UNSPECIFIED.);
#305=B_SPLINE_CURVE_WITH_KNOTS('',3,(#7820,#7821,#7822,#7823),
 .UNSPECIFIED.,.F.,.F.,(4,4),(0.,1.),.UNSPECIFIED.);
#306=B_SPLINE_CURVE_WITH_KNOTS('',3,(#7842,#7843,#7844,#7845),
 .UNSPECIFIED.,.F.,.F.,(4,4),(-0.016819912896,0.),.UNSPECIFIED.);
#307=B_SPLINE_CURVE_WITH_KNOTS('',3,(#7847,#7848,#7849,#7850),
 .UNSPECIFIED.,.F.,.F.,(4,4),(0.,0.016819912896),.UNSPECIFIED.);
#308=B_SPLINE_CURVE_WITH_KNOTS('',3,(#7869,#7870,#7871,#7872),
 .UNSPECIFIED.,.F.,.F.,(4,4),(1.90526100913223,2.36569164199939),
 .UNSPECIFIED.);
#309=B_SPLINE_CURVE_WITH_KNOTS('',3,(#7874,#7875,#7876,#7877),
 .UNSPECIFIED.,.F.,.F.,(4,4),(-2.36569164199939,-1.90526100913223),
 .UNSPECIFIED.);
#310=B_SPLINE_CURVE_WITH_KNOTS('',3,(#7881,#7882,#7883,#7884),
 .UNSPECIFIED.,.F.,.F.,(4,4),(0.,9.33600000006608E-6),.UNSPECIFIED.);
#311=B_SPLINE_CURVE_WITH_KNOTS('',3,(#7890,#7891,#7892,#7893),
 .UNSPECIFIED.,.F.,.F.,(4,4),(-0.0710174100034286,0.),.UNSPECIFIED.);
#312=B_SPLINE_CURVE_WITH_KNOTS('',3,(#7897,#7898,#7899,#7900),
 .UNSPECIFIED.,.F.,.F.,(4,4),(-0.0710174100034283,0.),.UNSPECIFIED.);
#313=B_SPLINE_CURVE_WITH_KNOTS('',3,(#7905,#7906,#7907,#7908),
 .UNSPECIFIED.,.F.,.F.,(4,4),(0.,0.0710174100034286),.UNSPECIFIED.);
#314=B_SPLINE_CURVE_WITH_KNOTS('',3,(#7912,#7913,#7914,#7915),
 .UNSPECIFIED.,.F.,.F.,(4,4),(0.,0.0710174100034283),.UNSPECIFIED.);
#315=B_SPLINE_CURVE_WITH_KNOTS('',3,(#7981,#7982,#7983,#7984),
 .UNSPECIFIED.,.F.,.F.,(4,4),(-0.0175308995519999,0.),.UNSPECIFIED.);
#316=B_SPLINE_CURVE_WITH_KNOTS('',3,(#7986,#7987,#7988,#7989),
 .UNSPECIFIED.,.F.,.F.,(4,4),(0.,0.0175308995519999),.UNSPECIFIED.);
#317=B_SPLINE_CURVE_WITH_KNOTS('',3,(#8013,#8014,#8015,#8016),
 .UNSPECIFIED.,.F.,.F.,(4,4),(-0.017530899552,0.),.UNSPECIFIED.);
#318=B_SPLINE_CURVE_WITH_KNOTS('',3,(#8017,#8018,#8019,#8020),
 .UNSPECIFIED.,.F.,.F.,(4,4),(0.,0.017530899552),.UNSPECIFIED.);
#319=B_SPLINE_CURVE_WITH_KNOTS('',3,(#8026,#8027,#8028,#8029),
 .UNSPECIFIED.,.F.,.F.,(4,4),(-0.0706923875319999,0.),.UNSPECIFIED.);
#320=B_SPLINE_CURVE_WITH_KNOTS('',3,(#8033,#8034,#8035,#8036),
 .UNSPECIFIED.,.F.,.F.,(4,4),(-0.0706923875319995,0.),.UNSPECIFIED.);
#321=B_SPLINE_CURVE_WITH_KNOTS('',3,(#8041,#8042,#8043,#8044),
 .UNSPECIFIED.,.F.,.F.,(4,4),(0.,0.0706923875319999),.UNSPECIFIED.);
#322=B_SPLINE_CURVE_WITH_KNOTS('',3,(#8048,#8049,#8050,#8051),
 .UNSPECIFIED.,.F.,.F.,(4,4),(0.,0.0706923875319995),.UNSPECIFIED.);
#323=B_SPLINE_CURVE_WITH_KNOTS('',3,(#8117,#8118,#8119,#8120,#8121,#8122),
 .UNSPECIFIED.,.F.,.F.,(4,2,4),(-0.00212915768606843,-0.00102914049129992,
0.),.UNSPECIFIED.);
#324=B_SPLINE_CURVE_WITH_KNOTS('',3,(#8126,#8127,#8128,#8129,#8130,#8131),
 .UNSPECIFIED.,.F.,.F.,(4,2,4),(0.,0.00102914049129992,0.00212915768606843),
 .UNSPECIFIED.);
#325=B_SPLINE_CURVE_WITH_KNOTS('',3,(#8150,#8151,#8152,#8153),
 .UNSPECIFIED.,.F.,.F.,(4,4),(-0.825333419129833,7.28652115396635E-18),
 .UNSPECIFIED.);
#326=B_SPLINE_CURVE_WITH_KNOTS('',3,(#8155,#8156,#8157,#8158),
 .UNSPECIFIED.,.F.,.F.,(4,4),(-7.28652115396635E-18,0.825333419129833),
 .UNSPECIFIED.);
#327=B_SPLINE_CURVE_WITH_KNOTS('',3,(#8177,#8178,#8179,#8180),
 .UNSPECIFIED.,.F.,.F.,(4,4),(1.20018728439727,1.62697109676184),
 .UNSPECIFIED.);
#328=B_SPLINE_CURVE_WITH_KNOTS('',3,(#8182,#8183,#8184,#8185),
 .UNSPECIFIED.,.F.,.F.,(4,4),(-1.62697109676184,-1.20018728439727),
 .UNSPECIFIED.);
#329=B_SPLINE_CURVE_WITH_KNOTS('',3,(#8204,#8205,#8206,#8207),
 .UNSPECIFIED.,.F.,.F.,(4,4),(-0.0315881214405714,0.),.UNSPECIFIED.);
#330=B_SPLINE_CURVE_WITH_KNOTS('',3,(#8209,#8210,#8211,#8212),
 .UNSPECIFIED.,.F.,.F.,(4,4),(0.,0.0315881214405714),.UNSPECIFIED.);
#331=B_SPLINE_CURVE_WITH_KNOTS('',3,(#8237,#8238,#8239,#8240),
 .UNSPECIFIED.,.F.,.F.,(4,4),(-0.0169011685131425,0.),.UNSPECIFIED.);
#332=B_SPLINE_CURVE_WITH_KNOTS('',3,(#8242,#8243,#8244,#8245),
 .UNSPECIFIED.,.F.,.F.,(4,4),(0.,0.0169011685131425),.UNSPECIFIED.);
#333=B_SPLINE_CURVE_WITH_KNOTS('',3,(#8270,#8271,#8272,#8273),
 .UNSPECIFIED.,.F.,.F.,(4,4),(-0.0165761460422857,0.),.UNSPECIFIED.);
#334=B_SPLINE_CURVE_WITH_KNOTS('',3,(#8275,#8276,#8277,#8278),
 .UNSPECIFIED.,.F.,.F.,(4,4),(0.,0.0165761460422857),.UNSPECIFIED.);
#335=B_SPLINE_CURVE_WITH_KNOTS('',3,(#8303,#8304,#8305,#8306),
 .UNSPECIFIED.,.F.,.F.,(4,4),(-0.0177746664057145,0.),.UNSPECIFIED.);
#336=B_SPLINE_CURVE_WITH_KNOTS('',3,(#8308,#8309,#8310,#8311),
 .UNSPECIFIED.,.F.,.F.,(4,4),(0.,0.0177746664057145),.UNSPECIFIED.);
#337=B_SPLINE_CURVE_WITH_KNOTS('',3,(#8336,#8337,#8338,#8339),
 .UNSPECIFIED.,.F.,.F.,(4,4),(-0.0169011685131429,0.),.UNSPECIFIED.);
#338=B_SPLINE_CURVE_WITH_KNOTS('',3,(#8341,#8342,#8343,#8344),
 .UNSPECIFIED.,.F.,.F.,(4,4),(0.,0.0169011685131429),.UNSPECIFIED.);
#339=B_SPLINE_CURVE_WITH_KNOTS('',3,(#8369,#8370,#8371,#8372),
 .UNSPECIFIED.,.F.,.F.,(4,4),(-0.0292723361401023,0.),.UNSPECIFIED.);
#340=B_SPLINE_CURVE_WITH_KNOTS('',3,(#8374,#8375,#8376,#8377),
 .UNSPECIFIED.,.F.,.F.,(4,4),(0.,0.0292723361401023),.UNSPECIFIED.);
#341=B_SPLINE_CURVE_WITH_KNOTS('',3,(#8396,#8397,#8398,#8399),
 .UNSPECIFIED.,.F.,.F.,(4,4),(-1.56319709774596,-1.33396192391325),
 .UNSPECIFIED.);
#342=B_SPLINE_CURVE_WITH_KNOTS('',3,(#8401,#8402,#8403,#8404),
 .UNSPECIFIED.,.F.,.F.,(4,4),(1.33396192391325,1.56319709774596),
 .UNSPECIFIED.);
#343=B_SPLINE_CURVE_WITH_KNOTS('',3,(#8423,#8424,#8425,#8426),
 .UNSPECIFIED.,.F.,.F.,(4,4),(-1.,0.),.UNSPECIFIED.);
#344=B_SPLINE_CURVE_WITH_KNOTS('',3,(#8428,#8429,#8430,#8431),
 .UNSPECIFIED.,.F.,.F.,(4,4),(0.,1.),.UNSPECIFIED.);
#345=B_SPLINE_CURVE_WITH_KNOTS('',3,(#8450,#8451,#8452,#8453),
 .UNSPECIFIED.,.F.,.F.,(4,4),(-1.,0.),.UNSPECIFIED.);
#346=B_SPLINE_CURVE_WITH_KNOTS('',3,(#8455,#8456,#8457,#8458),
 .UNSPECIFIED.,.F.,.F.,(4,4),(0.,1.),.UNSPECIFIED.);
#347=B_SPLINE_CURVE_WITH_KNOTS('',3,(#8477,#8478,#8479,#8480),
 .UNSPECIFIED.,.F.,.F.,(4,4),(2.00601619700022,2.44262731925492),
 .UNSPECIFIED.);
#348=B_SPLINE_CURVE_WITH_KNOTS('',3,(#8482,#8483,#8484,#8485),
 .UNSPECIFIED.,.F.,.F.,(4,4),(-2.44262731925492,-2.00601619700022),
 .UNSPECIFIED.);
#349=B_SPLINE_CURVE_WITH_KNOTS('',3,(#8504,#8505,#8506,#8507),
 .UNSPECIFIED.,.F.,.F.,(4,4),(-0.0167386572777141,0.),.UNSPECIFIED.);
#350=B_SPLINE_CURVE_WITH_KNOTS('',3,(#8509,#8510,#8511,#8512),
 .UNSPECIFIED.,.F.,.F.,(4,4),(0.,0.0167386572777141),.UNSPECIFIED.);
#351=B_SPLINE_CURVE_WITH_KNOTS('',3,(#8531,#8532,#8533,#8534),
 .UNSPECIFIED.,.F.,.F.,(4,4),(1.30716803358438,2.03991242242242),
 .UNSPECIFIED.);
#352=B_SPLINE_CURVE_WITH_KNOTS('',3,(#8536,#8537,#8538,#8539),
 .UNSPECIFIED.,.F.,.F.,(4,4),(-2.03991242242242,-1.30716803358438),
 .UNSPECIFIED.);
#353=B_SPLINE_CURVE_WITH_KNOTS('',3,(#8543,#8544,#8545,#8546),
 .UNSPECIFIED.,.F.,.F.,(4,4),(0.,1.12886497140506E-5),.UNSPECIFIED.);
#354=B_SPLINE_CURVE_WITH_KNOTS('',3,(#8554,#8555,#8556,#8557,#8558,#8559,
#8560,#8561,#8562,#8563),.UNSPECIFIED.,.F.,.F.,(4,2,2,2,4),(-0.00441221538557895,
-0.0033037969159417,-0.00220576108548442,-0.00110922748901509,0.),
 .UNSPECIFIED.);
#355=B_SPLINE_CURVE_WITH_KNOTS('',3,(#8565,#8566,#8567,#8568,#8569,#8570,
#8571,#8572,#8573,#8574),.UNSPECIFIED.,.F.,.F.,(4,2,2,2,4),(-0.00440674985247731,
-0.00330061621401379,-0.00220343617574832,-0.0011071322704344,0.),
 .UNSPECIFIED.);
#356=B_SPLINE_CURVE_WITH_KNOTS('',3,(#8576,#8577,#8578,#8579),
 .UNSPECIFIED.,.F.,.F.,(4,4),(-1.,0.),.UNSPECIFIED.);
#357=B_SPLINE_CURVE_WITH_KNOTS('',3,(#8581,#8582,#8583,#8584,#8585),
 .UNSPECIFIED.,.F.,.F.,(4,1,4),(-3.9080690230031,-3.27244468056201,-2.79572642373119),
 .UNSPECIFIED.);
#358=B_SPLINE_CURVE_WITH_KNOTS('',3,(#8587,#8588,#8589,#8590),
 .UNSPECIFIED.,.F.,.F.,(4,4),(-0.0106444859388571,0.),.UNSPECIFIED.);
#359=B_SPLINE_CURVE_WITH_KNOTS('',3,(#8592,#8593,#8594,#8595),
 .UNSPECIFIED.,.F.,.F.,(4,4),(-2.32951448342133,-1.1764298247737),
 .UNSPECIFIED.);
#360=B_SPLINE_CURVE_WITH_KNOTS('',3,(#8597,#8598,#8599,#8600,#8601,#8602,
#8603,#8604,#8605,#8606),.UNSPECIFIED.,.F.,.F.,(4,2,2,2,4),(-0.00605906144533942,
-0.00451675924827985,-0.00302493091871687,-0.0015397372072622,0.),
 .UNSPECIFIED.);
#361=B_SPLINE_CURVE_WITH_KNOTS('',3,(#8608,#8609,#8610,#8611),
 .UNSPECIFIED.,.F.,.F.,(4,4),(0.582638455799588,1.45683217852508),
 .UNSPECIFIED.);
#362=B_SPLINE_CURVE_WITH_KNOTS('',3,(#8613,#8614,#8615,#8616),
 .UNSPECIFIED.,.F.,.F.,(4,4),(0.0534298287799874,0.879127805577858),
 .UNSPECIFIED.);
#363=B_SPLINE_CURVE_WITH_KNOTS('',3,(#8618,#8619,#8620,#8621),
 .UNSPECIFIED.,.F.,.F.,(4,4),(-0.566277178582584,0.124268211862765),
 .UNSPECIFIED.);
#364=B_SPLINE_CURVE_WITH_KNOTS('',3,(#8623,#8624,#8625,#8626),
 .UNSPECIFIED.,.F.,.F.,(4,4),(-0.0127774459074286,0.),.UNSPECIFIED.);
#365=B_SPLINE_CURVE_WITH_KNOTS('',3,(#8627,#8628,#8629,#8630,#8631,#8632,
#8633,#8634),.UNSPECIFIED.,.F.,.F.,(4,2,2,4),(-0.00514006173162831,-0.00385019137092947,
-0.00257263023447588,0.),.UNSPECIFIED.);
#366=B_SPLINE_CURVE_WITH_KNOTS('',3,(#8638,#8639,#8640,#8641),
 .UNSPECIFIED.,.F.,.F.,(4,4),(0.,0.000487533707428378),.UNSPECIFIED.);
#367=B_SPLINE_CURVE_WITH_KNOTS('',3,(#8643,#8644,#8645,#8646,#8647,#8648,
#8649,#8650),.UNSPECIFIED.,.F.,.F.,(4,2,2,4),(0.,0.00257263023447588,0.00385019137092947,
0.00514006173162831),.UNSPECIFIED.);
#368=B_SPLINE_CURVE_WITH_KNOTS('',3,(#8652,#8653,#8654,#8655),
 .UNSPECIFIED.,.F.,.F.,(4,4),(0.,0.0127774459074286),.UNSPECIFIED.);
#369=B_SPLINE_CURVE_WITH_KNOTS('',3,(#8657,#8658,#8659,#8660),
 .UNSPECIFIED.,.F.,.F.,(4,4),(-0.124268211862765,0.566277178582584),
 .UNSPECIFIED.);
#370=B_SPLINE_CURVE_WITH_KNOTS('',3,(#8662,#8663,#8664,#8665),
 .UNSPECIFIED.,.F.,.F.,(4,4),(-0.879127805577858,-0.0534298287799874),
 .UNSPECIFIED.);
#371=B_SPLINE_CURVE_WITH_KNOTS('',3,(#8667,#8668,#8669,#8670),
 .UNSPECIFIED.,.F.,.F.,(4,4),(-1.45683217852508,-0.582638455799588),
 .UNSPECIFIED.);
#372=B_SPLINE_CURVE_WITH_KNOTS('',3,(#8672,#8673,#8674,#8675,#8676,#8677,
#8678,#8679,#8680,#8681),.UNSPECIFIED.,.F.,.F.,(4,2,2,2,4),(0.,0.0015397372072622,
0.00302493091871687,0.00451675924827985,0.00605906144533942),
 .UNSPECIFIED.);
#373=B_SPLINE_CURVE_WITH_KNOTS('',3,(#8683,#8684,#8685,#8686),
 .UNSPECIFIED.,.F.,.F.,(4,4),(1.1764298247737,2.32951448342133),
 .UNSPECIFIED.);
#374=B_SPLINE_CURVE_WITH_KNOTS('',3,(#8688,#8689,#8690,#8691),
 .UNSPECIFIED.,.F.,.F.,(4,4),(0.,0.0106444859388571),.UNSPECIFIED.);
#375=B_SPLINE_CURVE_WITH_KNOTS('',3,(#8693,#8694,#8695,#8696,#8697),
 .UNSPECIFIED.,.F.,.F.,(4,1,4),(2.79572642373119,3.27244468056201,3.9080690230031),
 .UNSPECIFIED.);
#376=B_SPLINE_CURVE_WITH_KNOTS('',3,(#8699,#8700,#8701,#8702),
 .UNSPECIFIED.,.F.,.F.,(4,4),(0.,1.),.UNSPECIFIED.);
#377=B_SPLINE_CURVE_WITH_KNOTS('',3,(#8704,#8705,#8706,#8707,#8708,#8709,
#8710,#8711,#8712,#8713),.UNSPECIFIED.,.F.,.F.,(4,2,2,2,4),(0.,0.0011071322704344,
0.00220343617574832,0.00330061621401379,0.00440674985247731),
 .UNSPECIFIED.);
#378=B_SPLINE_CURVE_WITH_KNOTS('',3,(#8714,#8715,#8716,#8717,#8718,#8719,
#8720,#8721,#8722,#8723),.UNSPECIFIED.,.F.,.F.,(4,2,2,2,4),(0.,0.00110922748901509,
0.00220576108548442,0.0033037969159417,0.00441221538557895),
 .UNSPECIFIED.);
#379=B_SPLINE_CURVE_WITH_KNOTS('',3,(#9040,#9041,#9042,#9043),
 .UNSPECIFIED.,.F.,.F.,(4,4),(1.51991023707058,2.38341586581171),
 .UNSPECIFIED.);
#380=B_SPLINE_CURVE_WITH_KNOTS('',3,(#9047,#9048,#9049,#9050),
 .UNSPECIFIED.,.F.,.F.,(4,4),(-2.38341586581171,-1.51991023707058),
 .UNSPECIFIED.);
#381=B_SPLINE_CURVE_WITH_KNOTS('',3,(#9069,#9070,#9071,#9072),
 .UNSPECIFIED.,.F.,.F.,(4,4),(2.24623174566794,3.08637931671573),
 .UNSPECIFIED.);
#382=B_SPLINE_CURVE_WITH_KNOTS('',3,(#9074,#9075,#9076,#9077),
 .UNSPECIFIED.,.F.,.F.,(4,4),(-3.08637931671573,-2.24623174566794),
 .UNSPECIFIED.);
#383=B_SPLINE_CURVE_WITH_KNOTS('',3,(#9120,#9121,#9122,#9123,#9124,#9125,
#9126,#9127,#9128,#9129),.UNSPECIFIED.,.F.,.F.,(4,2,2,2,4),(-0.0058287265585377,
-0.00436412393771423,-0.00291423205951703,-0.00146287088027476,0.),
 .UNSPECIFIED.);
#384=B_SPLINE_CURVE_WITH_KNOTS('',3,(#9131,#9132,#9133,#9134,#9135,#9136,
#9137,#9138,#9139,#9140),.UNSPECIFIED.,.F.,.F.,(4,2,2,2,4),(0.,0.00146287088027476,
0.00291423205951703,0.00436412393771423,0.0058287265585377),
 .UNSPECIFIED.);
#385=B_SPLINE_CURVE_WITH_KNOTS('',3,(#9159,#9160,#9161,#9162),
 .UNSPECIFIED.,.F.,.F.,(4,4),(-2.30833691415519,-1.48809417567674),
 .UNSPECIFIED.);
#386=B_SPLINE_CURVE_WITH_KNOTS('',3,(#9164,#9165,#9166,#9167),
 .UNSPECIFIED.,.F.,.F.,(4,4),(1.48809417567674,2.30833691415519),
 .UNSPECIFIED.);
#387=B_SPLINE_CURVE_WITH_KNOTS('',3,(#9190,#9191,#9192,#9193,#9194),
 .UNSPECIFIED.,.F.,.F.,(4,1,4),(-3.33813171861877,-2.70368847823164,-2.22785604794128),
 .UNSPECIFIED.);
#388=B_SPLINE_CURVE_WITH_KNOTS('',3,(#9196,#9197,#9198,#9199,#9200),
 .UNSPECIFIED.,.F.,.F.,(4,1,4),(2.22785604794128,2.70368847823164,3.33813171861877),
 .UNSPECIFIED.);
#389=B_SPLINE_CURVE_WITH_KNOTS('',3,(#9219,#9220,#9221,#9222),
 .UNSPECIFIED.,.F.,.F.,(4,4),(-0.0106444859388573,0.),.UNSPECIFIED.);
#390=B_SPLINE_CURVE_WITH_KNOTS('',3,(#9224,#9225,#9226,#9227),
 .UNSPECIFIED.,.F.,.F.,(4,4),(0.,0.0106444859388573),.UNSPECIFIED.);
#391=B_SPLINE_CURVE_WITH_KNOTS('',3,(#9270,#9271,#9272,#9273,#9274,#9275,
#9276,#9277,#9278,#9279),.UNSPECIFIED.,.F.,.F.,(4,2,2,2,4),(-0.00329416548713747,
-0.00246175037114661,-0.00164763053048088,-0.000831893794179258,0.),
 .UNSPECIFIED.);
#392=B_SPLINE_CURVE_WITH_KNOTS('',3,(#9281,#9282,#9283,#9284,#9285,#9286,
#9287,#9288,#9289,#9290),.UNSPECIFIED.,.F.,.F.,(4,2,2,2,4),(0.,0.000831893794179258,
0.00164763053048088,0.00246175037114661,0.00329416548713747),
 .UNSPECIFIED.);
#393=B_SPLINE_CURVE_WITH_KNOTS('',3,(#9333,#9334,#9335,#9336,#9337,#9338,
#9339,#9340,#9341,#9342),.UNSPECIFIED.,.F.,.F.,(4,2,2,2,4),(-0.00606886750037262,
-0.00452431408280359,-0.00303478344255444,-0.00154437301210278,0.),
 .UNSPECIFIED.);
#394=B_SPLINE_CURVE_WITH_KNOTS('',3,(#9344,#9345,#9346,#9347,#9348,#9349,
#9350,#9351,#9352,#9353),.UNSPECIFIED.,.F.,.F.,(4,2,2,2,4),(0.,0.00154437301210278,
0.00303478344255444,0.00452431408280359,0.00606886750037262),
 .UNSPECIFIED.);
#395=B_SPLINE_CURVE_WITH_KNOTS('',3,(#9372,#9373,#9374,#9375),
 .UNSPECIFIED.,.F.,.F.,(4,4),(-0.903029654215697,-0.0639104628341321),
 .UNSPECIFIED.);
#396=B_SPLINE_CURVE_WITH_KNOTS('',3,(#9377,#9378,#9379,#9380),
 .UNSPECIFIED.,.F.,.F.,(4,4),(0.0639104628341321,0.903029654215697),
 .UNSPECIFIED.);
#397=B_SPLINE_CURVE_WITH_KNOTS('',3,(#9399,#9400,#9401,#9402),
 .UNSPECIFIED.,.F.,.F.,(4,4),(0.0534298311544534,0.879127808144731),
 .UNSPECIFIED.);
#398=B_SPLINE_CURVE_WITH_KNOTS('',3,(#9404,#9405,#9406,#9407),
 .UNSPECIFIED.,.F.,.F.,(4,4),(-0.879127808144731,-0.0534298311544534),
 .UNSPECIFIED.);
#399=B_SPLINE_CURVE_WITH_KNOTS('',3,(#9426,#9427,#9428,#9429),
 .UNSPECIFIED.,.F.,.F.,(4,4),(1.17212541480133,1.9484885767079),
 .UNSPECIFIED.);
#400=B_SPLINE_CURVE_WITH_KNOTS('',3,(#9431,#9432,#9433,#9434),
 .UNSPECIFIED.,.F.,.F.,(4,4),(-1.9484885767079,-1.17212541480133),
 .UNSPECIFIED.);
#401=B_SPLINE_CURVE_WITH_KNOTS('',3,(#9453,#9454,#9455,#9456),
 .UNSPECIFIED.,.F.,.F.,(4,4),(-0.0127774459074287,0.),.UNSPECIFIED.);
#402=B_SPLINE_CURVE_WITH_KNOTS('',3,(#9458,#9459,#9460,#9461),
 .UNSPECIFIED.,.F.,.F.,(4,4),(0.,0.0127774459074287),.UNSPECIFIED.);
#403=B_SPLINE_CURVE_WITH_KNOTS('',3,(#9495,#9496,#9497,#9498,#9499,#9500,
#9501,#9502),.UNSPECIFIED.,.F.,.F.,(4,2,2,4),(-0.00518897538298267,-0.00259132786216328,
-0.00130244774477908,0.),.UNSPECIFIED.);
#404=B_SPLINE_CURVE_WITH_KNOTS('',3,(#9503,#9504,#9505,#9506,#9507,#9508,
#9509,#9510),.UNSPECIFIED.,.F.,.F.,(4,2,2,4),(0.,0.00130244774477908,0.00259132786216328,
0.00518897538298267),.UNSPECIFIED.);
#405=B_SPLINE_CURVE_WITH_KNOTS('',3,(#9516,#9517,#9518,#9519),
 .UNSPECIFIED.,.F.,.F.,(4,4),(-0.0705501902005714,0.),.UNSPECIFIED.);
#406=B_SPLINE_CURVE_WITH_KNOTS('',3,(#9523,#9524,#9525,#9526),
 .UNSPECIFIED.,.F.,.F.,(4,4),(-0.00857246768342847,0.),.UNSPECIFIED.);
#407=B_SPLINE_CURVE_WITH_KNOTS('',3,(#9528,#9529,#9530,#9531),
 .UNSPECIFIED.,.F.,.F.,(4,4),(-3.38315286125062,-2.69453440807115),
 .UNSPECIFIED.);
#408=B_SPLINE_CURVE_WITH_KNOTS('',3,(#9533,#9534,#9535,#9536),
 .UNSPECIFIED.,.F.,.F.,(4,4),(-0.878874502185153,-2.9173803212699E-15),
 .UNSPECIFIED.);
#409=B_SPLINE_CURVE_WITH_KNOTS('',3,(#9538,#9539,#9540,#9541),
 .UNSPECIFIED.,.F.,.F.,(4,4),(-0.247526936012135,0.592630014063469),
 .UNSPECIFIED.);
#410=B_SPLINE_CURVE_WITH_KNOTS('',3,(#9543,#9544,#9545,#9546),
 .UNSPECIFIED.,.F.,.F.,(4,4),(-1.,0.),.UNSPECIFIED.);
#411=B_SPLINE_CURVE_WITH_KNOTS('',3,(#9548,#9549,#9550,#9551),
 .UNSPECIFIED.,.F.,.F.,(4,4),(-0.0372963285942857,0.),.UNSPECIFIED.);
#412=B_SPLINE_CURVE_WITH_KNOTS('',3,(#9555,#9556,#9557,#9558),
 .UNSPECIFIED.,.F.,.F.,(4,4),(-0.0381698264862856,0.),.UNSPECIFIED.);
#413=B_SPLINE_CURVE_WITH_KNOTS('',3,(#9560,#9561,#9562,#9563),
 .UNSPECIFIED.,.F.,.F.,(4,4),(1.56535436198605,1.95663720541613),
 .UNSPECIFIED.);
#414=B_SPLINE_CURVE_WITH_KNOTS('',3,(#9565,#9566,#9567,#9568),
 .UNSPECIFIED.,.F.,.F.,(4,4),(-3.69918766675956,-2.95225370514188),
 .UNSPECIFIED.);
#415=B_SPLINE_CURVE_WITH_KNOTS('',3,(#9570,#9571,#9572,#9573),
 .UNSPECIFIED.,.F.,.F.,(4,4),(-2.39635987462407,-1.46174217751632),
 .UNSPECIFIED.);
#416=B_SPLINE_CURVE_WITH_KNOTS('',3,(#9575,#9576,#9577,#9578,#9579,#9580,
#9581,#9582,#9583,#9584),.UNSPECIFIED.,.F.,.F.,(4,2,2,2,4),(-0.00398170660706502,
-0.00296856726659972,-0.00199106544974044,-0.00101183426716696,0.),
 .UNSPECIFIED.);
#417=B_SPLINE_CURVE_WITH_KNOTS('',3,(#9586,#9587,#9588,#9589),
 .UNSPECIFIED.,.F.,.F.,(4,4),(-0.0400793335057141,0.),.UNSPECIFIED.);
#418=B_SPLINE_CURVE_WITH_KNOTS('',3,(#9594,#9595,#9596,#9597),
 .UNSPECIFIED.,.F.,.F.,(4,4),(0.,0.0705501902005714),.UNSPECIFIED.);
#419=B_SPLINE_CURVE_WITH_KNOTS('',3,(#9601,#9602,#9603,#9604),
 .UNSPECIFIED.,.F.,.F.,(4,4),(0.,0.0400793335057141),.UNSPECIFIED.);
#420=B_SPLINE_CURVE_WITH_KNOTS('',3,(#9606,#9607,#9608,#9609,#9610,#9611,
#9612,#9613,#9614,#9615),.UNSPECIFIED.,.F.,.F.,(4,2,2,2,4),(0.,0.00101183426716696,
0.00199106544974044,0.00296856726659972,0.00398170660706502),
 .UNSPECIFIED.);
#421=B_SPLINE_CURVE_WITH_KNOTS('',3,(#9617,#9618,#9619,#9620),
 .UNSPECIFIED.,.F.,.F.,(4,4),(1.46174217751632,2.39635987462407),
 .UNSPECIFIED.);
#422=B_SPLINE_CURVE_WITH_KNOTS('',3,(#9622,#9623,#9624,#9625),
 .UNSPECIFIED.,.F.,.F.,(4,4),(2.95225370514188,3.69918766675956),
 .UNSPECIFIED.);
#423=B_SPLINE_CURVE_WITH_KNOTS('',3,(#9627,#9628,#9629,#9630),
 .UNSPECIFIED.,.F.,.F.,(4,4),(-1.95663720541613,-1.56535436198605),
 .UNSPECIFIED.);
#424=B_SPLINE_CURVE_WITH_KNOTS('',3,(#9632,#9633,#9634,#9635),
 .UNSPECIFIED.,.F.,.F.,(4,4),(0.,0.0381698264862856),.UNSPECIFIED.);
#425=B_SPLINE_CURVE_WITH_KNOTS('',3,(#9639,#9640,#9641,#9642),
 .UNSPECIFIED.,.F.,.F.,(4,4),(0.,0.0372963285942857),.UNSPECIFIED.);
#426=B_SPLINE_CURVE_WITH_KNOTS('',3,(#9644,#9645,#9646,#9647),
 .UNSPECIFIED.,.F.,.F.,(4,4),(0.,1.),.UNSPECIFIED.);
#427=B_SPLINE_CURVE_WITH_KNOTS('',3,(#9649,#9650,#9651,#9652),
 .UNSPECIFIED.,.F.,.F.,(4,4),(-0.592630014063469,0.247526936012135),
 .UNSPECIFIED.);
#428=B_SPLINE_CURVE_WITH_KNOTS('',3,(#9654,#9655,#9656,#9657),
 .UNSPECIFIED.,.F.,.F.,(4,4),(2.9173803212699E-15,0.878874502185153),
 .UNSPECIFIED.);
#429=B_SPLINE_CURVE_WITH_KNOTS('',3,(#9659,#9660,#9661,#9662),
 .UNSPECIFIED.,.F.,.F.,(4,4),(2.69453440807115,3.38315286125062),
 .UNSPECIFIED.);
#430=B_SPLINE_CURVE_WITH_KNOTS('',3,(#9664,#9665,#9666,#9667),
 .UNSPECIFIED.,.F.,.F.,(4,4),(0.,0.00857246768342847),.UNSPECIFIED.);
#431=B_SPLINE_CURVE_WITH_KNOTS('',3,(#9938,#9939,#9940,#9941),
 .UNSPECIFIED.,.F.,.F.,(4,4),(-2.1751537192891,-1.17457593170852),
 .UNSPECIFIED.);
#432=B_SPLINE_CURVE_WITH_KNOTS('',3,(#9945,#9946,#9947,#9948),
 .UNSPECIFIED.,.F.,.F.,(4,4),(1.17457593170852,2.1751537192891),
 .UNSPECIFIED.);
#433=B_SPLINE_CURVE_WITH_KNOTS('',3,(#9967,#9968,#9969,#9970),
 .UNSPECIFIED.,.F.,.F.,(4,4),(0.870831517419814,1.75854080555257),
 .UNSPECIFIED.);
#434=B_SPLINE_CURVE_WITH_KNOTS('',3,(#9972,#9973,#9974,#9975),
 .UNSPECIFIED.,.F.,.F.,(4,4),(-1.75854080555257,-0.870831517419814),
 .UNSPECIFIED.);
#435=B_SPLINE_CURVE_WITH_KNOTS('',3,(#9994,#9995,#9996,#9997),
 .UNSPECIFIED.,.F.,.F.,(4,4),(0.123200529156521,0.73925005739256),
 .UNSPECIFIED.);
#436=B_SPLINE_CURVE_WITH_KNOTS('',3,(#9999,#10000,#10001,#10002),
 .UNSPECIFIED.,.F.,.F.,(4,4),(-0.73925005739256,-0.123200529156521),
 .UNSPECIFIED.);
#437=B_SPLINE_CURVE_WITH_KNOTS('',3,(#10021,#10022,#10023,#10024),
 .UNSPECIFIED.,.F.,.F.,(4,4),(-0.0122289704868573,0.),.UNSPECIFIED.);
#438=B_SPLINE_CURVE_WITH_KNOTS('',3,(#10026,#10027,#10028,#10029),
 .UNSPECIFIED.,.F.,.F.,(4,4),(0.,0.0122289704868573),.UNSPECIFIED.);
#439=B_SPLINE_CURVE_WITH_KNOTS('',3,(#10048,#10049,#10050,#10051),
 .UNSPECIFIED.,.F.,.F.,(4,4),(-1.39582750550397,-0.683083256320079),
 .UNSPECIFIED.);
#440=B_SPLINE_CURVE_WITH_KNOTS('',3,(#10053,#10054,#10055,#10056),
 .UNSPECIFIED.,.F.,.F.,(4,4),(0.683083256320079,1.39582750550397),
 .UNSPECIFIED.);
#441=B_SPLINE_CURVE_WITH_KNOTS('',3,(#10099,#10100,#10101,#10102,#10103,
#10104,#10105,#10106,#10107,#10108),.UNSPECIFIED.,.F.,.F.,(4,2,2,2,4),(-0.00442174698458903,
-0.00331001684238538,-0.00221072940539024,-0.00111128230707564,0.),
 .UNSPECIFIED.);
#442=B_SPLINE_CURVE_WITH_KNOTS('',3,(#10110,#10111,#10112,#10113,#10114,
#10115,#10116,#10117,#10118,#10119),.UNSPECIFIED.,.F.,.F.,(4,2,2,2,4),(0.,
0.00111128230707564,0.00221072940539024,0.00331001684238538,0.00442174698458903),
 .UNSPECIFIED.);
#443=B_SPLINE_CURVE_WITH_KNOTS('',3,(#10162,#10163,#10164,#10165,#10166,
#10167,#10168,#10169,#10170,#10171),.UNSPECIFIED.,.F.,.F.,(4,2,2,2,4),(-0.00441079941154654,
-0.00330203208454425,-0.00220524321249846,-0.00110811122007118,0.),
 .UNSPECIFIED.);
#444=B_SPLINE_CURVE_WITH_KNOTS('',3,(#10173,#10174,#10175,#10176,#10177,
#10178,#10179,#10180,#10181,#10182),.UNSPECIFIED.,.F.,.F.,(4,2,2,2,4),(0.,
0.00110811122007118,0.00220524321249846,0.00330203208454425,0.00441079941154654),
 .UNSPECIFIED.);
#445=B_SPLINE_CURVE_WITH_KNOTS('',3,(#10201,#10202,#10203,#10204),
 .UNSPECIFIED.,.F.,.F.,(4,4),(-1.,0.),.UNSPECIFIED.);
#446=B_SPLINE_CURVE_WITH_KNOTS('',3,(#10206,#10207,#10208,#10209),
 .UNSPECIFIED.,.F.,.F.,(4,4),(0.,1.),.UNSPECIFIED.);
#447=B_SPLINE_CURVE_WITH_KNOTS('',3,(#10228,#10229,#10230,#10231),
 .UNSPECIFIED.,.F.,.F.,(4,4),(-2.9463365839492,-2.10615996971504),
 .UNSPECIFIED.);
#448=B_SPLINE_CURVE_WITH_KNOTS('',3,(#10233,#10234,#10235,#10236),
 .UNSPECIFIED.,.F.,.F.,(4,4),(2.10615996971504,2.9463365839492),
 .UNSPECIFIED.);
#449=B_SPLINE_CURVE_WITH_KNOTS('',3,(#10255,#10256,#10257,#10258),
 .UNSPECIFIED.,.F.,.F.,(4,4),(-0.848841796293582,-9.97689649722657E-18),
 .UNSPECIFIED.);
#450=B_SPLINE_CURVE_WITH_KNOTS('',3,(#10260,#10261,#10262,#10263),
 .UNSPECIFIED.,.F.,.F.,(4,4),(9.97689649722657E-18,0.848841796293582),
 .UNSPECIFIED.);
#451=B_SPLINE_CURVE_WITH_KNOTS('',3,(#10282,#10283,#10284,#10285),
 .UNSPECIFIED.,.F.,.F.,(4,4),(0.754398476773791,1.11610964518874),
 .UNSPECIFIED.);
#452=B_SPLINE_CURVE_WITH_KNOTS('',3,(#10287,#10288,#10289,#10290),
 .UNSPECIFIED.,.F.,.F.,(4,4),(-1.11610964518874,-0.754398476773791),
 .UNSPECIFIED.);
#453=B_SPLINE_CURVE_WITH_KNOTS('',3,(#10300,#10301,#10302,#10303,#10304,
#10305,#10306,#10307,#10308,#10309),.UNSPECIFIED.,.F.,.F.,(4,2,2,2,4),(0.,
0.00117335925635098,0.00231713691425207,0.00347040689941093,0.00465165283435993),
 .UNSPECIFIED.);
#454=B_SPLINE_CURVE_WITH_KNOTS('',3,(#10311,#10312,#10313,#10314),
 .UNSPECIFIED.,.F.,.F.,(4,4),(2.83101954387993,3.68763969657657),
 .UNSPECIFIED.);
#455=B_SPLINE_CURVE_WITH_KNOTS('',3,(#10316,#10317,#10318,#10319),
 .UNSPECIFIED.,.F.,.F.,(4,4),(2.94452500055435,3.74264786053859),
 .UNSPECIFIED.);
#456=B_SPLINE_CURVE_WITH_KNOTS('',3,(#10321,#10322,#10323,#10324),
 .UNSPECIFIED.,.F.,.F.,(4,4),(2.81612442960984,3.14159265358979),
 .UNSPECIFIED.);
#457=B_SPLINE_CURVE_WITH_KNOTS('',3,(#10368,#10369,#10370,#10371,#10372,
#10373,#10374,#10375,#10376,#10377),.UNSPECIFIED.,.F.,.F.,(4,2,2,2,4),(-0.00465165283435993,
-0.00347040689941093,-0.00231713691425207,-0.00117335925635098,0.),
 .UNSPECIFIED.);
#458=B_SPLINE_CURVE_WITH_KNOTS('',3,(#10397,#10398,#10399,#10400),
 .UNSPECIFIED.,.F.,.F.,(4,4),(-3.68763969657657,-2.83101954387993),
 .UNSPECIFIED.);
#459=B_SPLINE_CURVE_WITH_KNOTS('',3,(#10419,#10420,#10421,#10422),
 .UNSPECIFIED.,.F.,.F.,(4,4),(-3.74264786053859,-2.94452500055435),
 .UNSPECIFIED.);
#460=B_SPLINE_CURVE_WITH_KNOTS('',3,(#10441,#10442,#10443,#10444),
 .UNSPECIFIED.,.F.,.F.,(4,4),(-3.14159265358979,-2.81612442960984),
 .UNSPECIFIED.);
#461=B_SPLINE_CURVE_WITH_KNOTS('',3,(#10456,#10457,#10458,#10459),
 .UNSPECIFIED.,.F.,.F.,(4,4),(-1.,0.),.UNSPECIFIED.);
#462=B_SPLINE_CURVE_WITH_KNOTS('',3,(#10461,#10462,#10463,#10464),
 .UNSPECIFIED.,.F.,.F.,(4,4),(-1.,0.),.UNSPECIFIED.);
#463=B_SPLINE_CURVE_WITH_KNOTS('',3,(#10468,#10469,#10470,#10471),
 .UNSPECIFIED.,.F.,.F.,(4,4),(-1.,0.),.UNSPECIFIED.);
#464=B_SPLINE_CURVE_WITH_KNOTS('',3,(#10473,#10474,#10475,#10476),
 .UNSPECIFIED.,.F.,.F.,(4,4),(-1.,0.),.UNSPECIFIED.);
#465=B_SPLINE_CURVE_WITH_KNOTS('',3,(#10481,#10482,#10483,#10484),
 .UNSPECIFIED.,.F.,.F.,(4,4),(0.,1.),.UNSPECIFIED.);
#466=B_SPLINE_CURVE_WITH_KNOTS('',3,(#10488,#10489,#10490,#10491),
 .UNSPECIFIED.,.F.,.F.,(4,4),(0.,1.),.UNSPECIFIED.);
#467=B_SPLINE_CURVE_WITH_KNOTS('',3,(#10493,#10494,#10495,#10496),
 .UNSPECIFIED.,.F.,.F.,(4,4),(0.,1.),.UNSPECIFIED.);
#468=B_SPLINE_CURVE_WITH_KNOTS('',3,(#10499,#10500,#10501,#10502),
 .UNSPECIFIED.,.F.,.F.,(4,4),(0.,1.),.UNSPECIFIED.);
#469=B_SPLINE_CURVE_WITH_KNOTS('',3,(#10593,#10594,#10595,#10596),
 .UNSPECIFIED.,.F.,.F.,(4,4),(-2.39872716989141,-1.60658745212499),
 .UNSPECIFIED.);
#470=B_SPLINE_CURVE_WITH_KNOTS('',3,(#10600,#10601,#10602,#10603),
 .UNSPECIFIED.,.F.,.F.,(4,4),(1.60658745212499,2.39872716989141),
 .UNSPECIFIED.);
#471=B_SPLINE_CURVE_WITH_KNOTS('',3,(#10628,#10629,#10630,#10631),
 .UNSPECIFIED.,.F.,.F.,(4,4),(-1.,0.),.UNSPECIFIED.);
#472=B_SPLINE_CURVE_WITH_KNOTS('',3,(#10633,#10634,#10635,#10636),
 .UNSPECIFIED.,.F.,.F.,(4,4),(0.,1.),.UNSPECIFIED.);
#473=B_SPLINE_CURVE_WITH_KNOTS('',3,(#10655,#10656,#10657,#10658),
 .UNSPECIFIED.,.F.,.F.,(4,4),(-1.,0.),.UNSPECIFIED.);
#474=B_SPLINE_CURVE_WITH_KNOTS('',3,(#10660,#10661,#10662,#10663),
 .UNSPECIFIED.,.F.,.F.,(4,4),(0.,1.),.UNSPECIFIED.);
#475=B_SPLINE_CURVE_WITH_KNOTS('',3,(#10696,#10697,#10698,#10699,#10700,
#10701),.UNSPECIFIED.,.F.,.F.,(4,2,4),(-0.00914447910209883,-0.00457249836584564,
0.),.UNSPECIFIED.);
#476=B_SPLINE_CURVE_WITH_KNOTS('',3,(#10703,#10704,#10705,#10706,#10707,
#10708),.UNSPECIFIED.,.F.,.F.,(4,2,4),(0.,0.00457249836584564,0.00914447910209883),
 .UNSPECIFIED.);
#477=B_SPLINE_CURVE_WITH_KNOTS('',3,(#10727,#10728,#10729,#10730),
 .UNSPECIFIED.,.F.,.F.,(4,4),(0.693065885681112,1.4901105502062),
 .UNSPECIFIED.);
#478=B_SPLINE_CURVE_WITH_KNOTS('',3,(#10732,#10733,#10734,#10735),
 .UNSPECIFIED.,.F.,.F.,(4,4),(-1.4901105502062,-0.693065885681112),
 .UNSPECIFIED.);
#479=B_SPLINE_CURVE_WITH_KNOTS('',3,(#10761,#10762,#10763,#10764,#10765,
#10766),.UNSPECIFIED.,.F.,.F.,(4,2,4),(-0.00909739550423607,-0.00454877887957924,
0.),.UNSPECIFIED.);
#480=B_SPLINE_CURVE_WITH_KNOTS('',3,(#10767,#10768,#10769,#10770,#10771,
#10772),.UNSPECIFIED.,.F.,.F.,(4,2,4),(0.,0.00454877887957924,0.00909739550423607),
 .UNSPECIFIED.);
#481=SHAPE_REPRESENTATION_RELATIONSHIP('SRR','None',#10798,#483);
#482=SHAPE_REPRESENTATION_RELATIONSHIP('SRR','None',#10799,#484);
#483=ADVANCED_BREP_SHAPE_REPRESENTATION('',(#729,#730,#731),#10782);
#484=ADVANCED_BREP_SHAPE_REPRESENTATION('',(#732,#733,#734,#735,#736,#737,
#738,#739,#740,#741,#742,#743,#744,#745,#746,#747,#748,#749),#10783);
#485=STYLED_ITEM('',(#4748),#729);
#486=STYLED_ITEM('',(#4748),#4457);
#487=STYLED_ITEM('',(#4748),#4458);
#488=STYLED_ITEM('',(#4748),#4459);
#489=STYLED_ITEM('',(#4748),#4460);
#490=STYLED_ITEM('',(#4748),#4461);
#491=STYLED_ITEM('',(#4747),#730);
#492=STYLED_ITEM('',(#4747),#731);
#493=STYLED_ITEM('',(#4749),#4468);
#494=STYLED_ITEM('',(#4749),#4469);
#495=STYLED_ITEM('',(#4749),#4470);
#496=STYLED_ITEM('',(#4749),#4471);
#497=STYLED_ITEM('',(#4749),#4472);
#498=STYLED_ITEM('',(#4749),#4473);
#499=STYLED_ITEM('',(#4749),#4474);
#500=STYLED_ITEM('',(#4749),#4475);
#501=STYLED_ITEM('',(#4749),#4476);
#502=STYLED_ITEM('',(#4749),#4477);
#503=STYLED_ITEM('',(#4749),#4478);
#504=STYLED_ITEM('',(#4749),#4479);
#505=STYLED_ITEM('',(#4749),#4480);
#506=STYLED_ITEM('',(#4749),#4481);
#507=STYLED_ITEM('',(#4749),#4482);
#508=STYLED_ITEM('',(#4749),#4483);
#509=STYLED_ITEM('',(#4749),#4484);
#510=STYLED_ITEM('',(#4749),#4485);
#511=STYLED_ITEM('',(#4749),#4486);
#512=STYLED_ITEM('',(#4749),#4487);
#513=STYLED_ITEM('',(#4749),#4488);
#514=STYLED_ITEM('',(#4749),#4489);
#515=STYLED_ITEM('',(#4749),#4492);
#516=STYLED_ITEM('',(#4749),#4493);
#517=STYLED_ITEM('',(#4749),#4494);
#518=STYLED_ITEM('',(#4749),#4495);
#519=STYLED_ITEM('',(#4749),#4496);
#520=STYLED_ITEM('',(#4749),#4497);
#521=STYLED_ITEM('',(#4749),#4498);
#522=STYLED_ITEM('',(#4749),#4499);
#523=STYLED_ITEM('',(#4749),#4500);
#524=STYLED_ITEM('',(#4749),#4501);
#525=STYLED_ITEM('',(#4749),#4502);
#526=STYLED_ITEM('',(#4749),#4503);
#527=STYLED_ITEM('',(#4749),#4504);
#528=STYLED_ITEM('',(#4749),#4505);
#529=STYLED_ITEM('',(#4749),#4506);
#530=STYLED_ITEM('',(#4749),#4507);
#531=STYLED_ITEM('',(#4749),#4508);
#532=STYLED_ITEM('',(#4749),#4509);
#533=STYLED_ITEM('',(#4749),#4510);
#534=STYLED_ITEM('',(#4749),#4511);
#535=STYLED_ITEM('',(#4749),#4514);
#536=STYLED_ITEM('',(#4749),#4515);
#537=STYLED_ITEM('',(#4749),#4516);
#538=STYLED_ITEM('',(#4749),#4517);
#539=STYLED_ITEM('',(#4749),#4518);
#540=STYLED_ITEM('',(#4749),#4519);
#541=STYLED_ITEM('',(#4749),#4520);
#542=STYLED_ITEM('',(#4749),#4521);
#543=STYLED_ITEM('',(#4749),#4522);
#544=STYLED_ITEM('',(#4749),#4523);
#545=STYLED_ITEM('',(#4749),#4524);
#546=STYLED_ITEM('',(#4749),#4525);
#547=STYLED_ITEM('',(#4749),#4526);
#548=STYLED_ITEM('',(#4749),#4527);
#549=STYLED_ITEM('',(#4749),#4528);
#550=STYLED_ITEM('',(#4749),#4529);
#551=STYLED_ITEM('',(#4749),#4530);
#552=STYLED_ITEM('',(#4749),#4531);
#553=STYLED_ITEM('',(#4749),#4532);
#554=STYLED_ITEM('',(#4749),#4533);
#555=STYLED_ITEM('',(#4749),#4534);
#556=STYLED_ITEM('',(#4749),#4535);
#557=STYLED_ITEM('',(#4749),#4536);
#558=STYLED_ITEM('',(#4749),#4537);
#559=STYLED_ITEM('',(#4749),#4538);
#560=STYLED_ITEM('',(#4749),#4539);
#561=STYLED_ITEM('',(#4749),#4540);
#562=STYLED_ITEM('',(#4749),#4541);
#563=STYLED_ITEM('',(#4749),#4542);
#564=STYLED_ITEM('',(#4749),#4545);
#565=STYLED_ITEM('',(#4749),#4546);
#566=STYLED_ITEM('',(#4749),#4547);
#567=STYLED_ITEM('',(#4749),#4548);
#568=STYLED_ITEM('',(#4749),#4549);
#569=STYLED_ITEM('',(#4749),#4550);
#570=STYLED_ITEM('',(#4749),#4551);
#571=STYLED_ITEM('',(#4749),#4552);
#572=STYLED_ITEM('',(#4749),#4553);
#573=STYLED_ITEM('',(#4749),#4554);
#574=STYLED_ITEM('',(#4749),#4555);
#575=STYLED_ITEM('',(#4749),#4556);
#576=STYLED_ITEM('',(#4749),#4557);
#577=STYLED_ITEM('',(#4749),#4558);
#578=STYLED_ITEM('',(#4749),#4559);
#579=STYLED_ITEM('',(#4749),#4560);
#580=STYLED_ITEM('',(#4749),#4561);
#581=STYLED_ITEM('',(#4749),#4562);
#582=STYLED_ITEM('',(#4749),#4563);
#583=STYLED_ITEM('',(#4749),#4564);
#584=STYLED_ITEM('',(#4749),#4565);
#585=STYLED_ITEM('',(#4749),#4566);
#586=STYLED_ITEM('',(#4749),#4567);
#587=STYLED_ITEM('',(#4749),#4568);
#588=STYLED_ITEM('',(#4749),#4569);
#589=STYLED_ITEM('',(#4749),#4570);
#590=STYLED_ITEM('',(#4749),#4571);
#591=STYLED_ITEM('',(#4749),#4572);
#592=STYLED_ITEM('',(#4749),#4573);
#593=STYLED_ITEM('',(#4749),#4574);
#594=STYLED_ITEM('',(#4749),#4577);
#595=STYLED_ITEM('',(#4749),#4578);
#596=STYLED_ITEM('',(#4749),#4579);
#597=STYLED_ITEM('',(#4749),#4580);
#598=STYLED_ITEM('',(#4749),#4581);
#599=STYLED_ITEM('',(#4749),#4582);
#600=STYLED_ITEM('',(#4749),#4583);
#601=STYLED_ITEM('',(#4749),#4584);
#602=STYLED_ITEM('',(#4749),#4585);
#603=STYLED_ITEM('',(#4749),#4586);
#604=STYLED_ITEM('',(#4749),#4589);
#605=STYLED_ITEM('',(#4749),#4590);
#606=STYLED_ITEM('',(#4749),#4591);
#607=STYLED_ITEM('',(#4749),#4592);
#608=STYLED_ITEM('',(#4749),#4593);
#609=STYLED_ITEM('',(#4749),#4594);
#610=STYLED_ITEM('',(#4749),#4595);
#611=STYLED_ITEM('',(#4749),#4596);
#612=STYLED_ITEM('',(#4749),#4597);
#613=STYLED_ITEM('',(#4749),#4598);
#614=STYLED_ITEM('',(#4749),#4599);
#615=STYLED_ITEM('',(#4749),#4600);
#616=STYLED_ITEM('',(#4749),#4601);
#617=STYLED_ITEM('',(#4749),#4602);
#618=STYLED_ITEM('',(#4749),#4603);
#619=STYLED_ITEM('',(#4749),#4604);
#620=STYLED_ITEM('',(#4749),#4605);
#621=STYLED_ITEM('',(#4749),#4606);
#622=STYLED_ITEM('',(#4749),#4607);
#623=STYLED_ITEM('',(#4749),#4608);
#624=STYLED_ITEM('',(#4749),#4609);
#625=STYLED_ITEM('',(#4749),#4610);
#626=STYLED_ITEM('',(#4749),#4611);
#627=STYLED_ITEM('',(#4749),#4612);
#628=STYLED_ITEM('',(#4749),#4613);
#629=STYLED_ITEM('',(#4749),#4614);
#630=STYLED_ITEM('',(#4749),#4615);
#631=STYLED_ITEM('',(#4749),#4618);
#632=STYLED_ITEM('',(#4749),#4619);
#633=STYLED_ITEM('',(#4749),#4620);
#634=STYLED_ITEM('',(#4749),#4621);
#635=STYLED_ITEM('',(#4749),#4622);
#636=STYLED_ITEM('',(#4749),#4623);
#637=STYLED_ITEM('',(#4749),#4624);
#638=STYLED_ITEM('',(#4749),#4625);
#639=STYLED_ITEM('',(#4749),#4626);
#640=STYLED_ITEM('',(#4749),#4627);
#641=STYLED_ITEM('',(#4749),#4628);
#642=STYLED_ITEM('',(#4749),#4629);
#643=STYLED_ITEM('',(#4749),#4630);
#644=STYLED_ITEM('',(#4749),#4631);
#645=STYLED_ITEM('',(#4749),#4632);
#646=STYLED_ITEM('',(#4749),#4633);
#647=STYLED_ITEM('',(#4749),#4634);
#648=STYLED_ITEM('',(#4749),#4635);
#649=STYLED_ITEM('',(#4749),#4636);
#650=STYLED_ITEM('',(#4749),#4637);
#651=STYLED_ITEM('',(#4749),#4638);
#652=STYLED_ITEM('',(#4749),#4639);
#653=STYLED_ITEM('',(#4749),#4640);
#654=STYLED_ITEM('',(#4749),#4641);
#655=STYLED_ITEM('',(#4749),#4642);
#656=STYLED_ITEM('',(#4749),#4643);
#657=STYLED_ITEM('',(#4749),#4644);
#658=STYLED_ITEM('',(#4749),#4645);
#659=STYLED_ITEM('',(#4749),#4648);
#660=STYLED_ITEM('',(#4749),#4649);
#661=STYLED_ITEM('',(#4749),#4650);
#662=STYLED_ITEM('',(#4749),#4651);
#663=STYLED_ITEM('',(#4749),#4652);
#664=STYLED_ITEM('',(#4749),#4653);
#665=STYLED_ITEM('',(#4749),#4654);
#666=STYLED_ITEM('',(#4749),#4655);
#667=STYLED_ITEM('',(#4749),#4656);
#668=STYLED_ITEM('',(#4749),#4657);
#669=STYLED_ITEM('',(#4749),#4658);
#670=STYLED_ITEM('',(#4749),#4659);
#671=STYLED_ITEM('',(#4749),#4660);
#672=STYLED_ITEM('',(#4749),#4661);
#673=STYLED_ITEM('',(#4749),#4662);
#674=STYLED_ITEM('',(#4749),#4663);
#675=STYLED_ITEM('',(#4749),#4664);
#676=STYLED_ITEM('',(#4749),#4665);
#677=STYLED_ITEM('',(#4749),#4666);
#678=STYLED_ITEM('',(#4749),#4667);
#679=STYLED_ITEM('',(#4749),#4668);
#680=STYLED_ITEM('',(#4749),#4669);
#681=STYLED_ITEM('',(#4749),#4670);
#682=STYLED_ITEM('',(#4749),#4671);
#683=STYLED_ITEM('',(#4749),#4672);
#684=STYLED_ITEM('',(#4749),#4673);
#685=STYLED_ITEM('',(#4749),#4674);
#686=STYLED_ITEM('',(#4749),#4675);
#687=STYLED_ITEM('',(#4749),#4676);
#688=STYLED_ITEM('',(#4749),#4677);
#689=STYLED_ITEM('',(#4749),#4678);
#690=STYLED_ITEM('',(#4749),#4679);
#691=STYLED_ITEM('',(#4749),#4680);
#692=STYLED_ITEM('',(#4749),#4681);
#693=STYLED_ITEM('',(#4749),#4682);
#694=STYLED_ITEM('',(#4749),#4683);
#695=STYLED_ITEM('',(#4749),#4686);
#696=STYLED_ITEM('',(#4749),#4687);
#697=STYLED_ITEM('',(#4749),#4688);
#698=STYLED_ITEM('',(#4749),#4689);
#699=STYLED_ITEM('',(#4749),#4690);
#700=STYLED_ITEM('',(#4749),#4691);
#701=STYLED_ITEM('',(#4749),#4692);
#702=STYLED_ITEM('',(#4749),#4693);
#703=STYLED_ITEM('',(#4749),#4694);
#704=STYLED_ITEM('',(#4749),#4695);
#705=STYLED_ITEM('',(#4749),#4696);
#706=STYLED_ITEM('',(#4749),#4697);
#707=STYLED_ITEM('',(#4749),#4698);
#708=STYLED_ITEM('',(#4749),#4699);
#709=STYLED_ITEM('',(#4749),#4700);
#710=STYLED_ITEM('',(#4749),#4701);
#711=STYLED_ITEM('',(#4747),#732);
#712=STYLED_ITEM('',(#4747),#733);
#713=STYLED_ITEM('',(#4747),#734);
#714=STYLED_ITEM('',(#4747),#735);
#715=STYLED_ITEM('',(#4747),#736);
#716=STYLED_ITEM('',(#4747),#737);
#717=STYLED_ITEM('',(#4747),#738);
#718=STYLED_ITEM('',(#4747),#739);
#719=STYLED_ITEM('',(#4747),#740);
#720=STYLED_ITEM('',(#4747),#741);
#721=STYLED_ITEM('',(#4747),#742);
#722=STYLED_ITEM('',(#4747),#743);
#723=STYLED_ITEM('',(#4747),#744);
#724=STYLED_ITEM('',(#4747),#745);
#725=STYLED_ITEM('',(#4747),#746);
#726=STYLED_ITEM('',(#4747),#747);
#727=STYLED_ITEM('',(#4747),#748);
#728=STYLED_ITEM('',(#4747),#749);
#729=MANIFOLD_SOLID_BREP('S\X\F3lido4',#4703);
#730=MANIFOLD_SOLID_BREP('S\X\F3lido6',#4704);
#731=MANIFOLD_SOLID_BREP('S\X\F3lido6',#4705);
#732=MANIFOLD_SOLID_BREP('S\X\F3lido1',#4706);
#733=MANIFOLD_SOLID_BREP('S\X\F3lido1',#4707);
#734=MANIFOLD_SOLID_BREP('S\X\F3lido1',#4708);
#735=MANIFOLD_SOLID_BREP('S\X\F3lido1',#4709);
#736=MANIFOLD_SOLID_BREP('S\X\F3lido1',#4710);
#737=MANIFOLD_SOLID_BREP('S\X\F3lido1',#4711);
#738=MANIFOLD_SOLID_BREP('S\X\F3lido1',#4712);
#739=MANIFOLD_SOLID_BREP('S\X\F3lido1',#4713);
#740=MANIFOLD_SOLID_BREP('S\X\F3lido1',#4714);
#741=MANIFOLD_SOLID_BREP('S\X\F3lido1',#4715);
#742=MANIFOLD_SOLID_BREP('S\X\F3lido1',#4716);
#743=MANIFOLD_SOLID_BREP('S\X\F3lido1',#4717);
#744=MANIFOLD_SOLID_BREP('S\X\F3lido1',#4718);
#745=MANIFOLD_SOLID_BREP('S\X\F3lido1',#4719);
#746=MANIFOLD_SOLID_BREP('S\X\F3lido1',#4720);
#747=MANIFOLD_SOLID_BREP('S\X\F3lido1',#4721);
#748=MANIFOLD_SOLID_BREP('S\X\F3lido1',#4722);
#749=MANIFOLD_SOLID_BREP('S\X\F3lido1',#4723);
#750=LINE('',#5615,#1046);
#751=LINE('',#5626,#1047);
#752=LINE('',#5635,#1048);
#753=LINE('',#5663,#1049);
#754=LINE('',#5679,#1050);
#755=LINE('',#5690,#1051);
#756=LINE('',#5707,#1052);
#757=LINE('',#5717,#1053);
#758=LINE('',#5724,#1054);
#759=LINE('',#5731,#1055);
#760=LINE('',#5738,#1056);
#761=LINE('',#5745,#1057);
#762=LINE('',#5752,#1058);
#763=LINE('',#5765,#1059);
#764=LINE('',#5772,#1060);
#765=LINE('',#5779,#1061);
#766=LINE('',#5786,#1062);
#767=LINE('',#5793,#1063);
#768=LINE('',#5799,#1064);
#769=LINE('',#5816,#1065);
#770=LINE('',#5817,#1066);
#771=LINE('',#5819,#1067);
#772=LINE('',#5836,#1068);
#773=LINE('',#5838,#1069);
#774=LINE('',#5855,#1070);
#775=LINE('',#5857,#1071);
#776=LINE('',#5874,#1072);
#777=LINE('',#5876,#1073);
#778=LINE('',#5893,#1074);
#779=LINE('',#5895,#1075);
#780=LINE('',#5912,#1076);
#781=LINE('',#5937,#1077);
#782=LINE('',#5943,#1078);
#783=LINE('',#5946,#1079);
#784=LINE('',#5948,#1080);
#785=LINE('',#5949,#1081);
#786=LINE('',#5976,#1082);
#787=LINE('',#5979,#1083);
#788=LINE('',#5981,#1084);
#789=LINE('',#5982,#1085);
#790=LINE('',#6009,#1086);
#791=LINE('',#6012,#1087);
#792=LINE('',#6014,#1088);
#793=LINE('',#6015,#1089);
#794=LINE('',#6042,#1090);
#795=LINE('',#6044,#1091);
#796=LINE('',#6045,#1092);
#797=LINE('',#6056,#1093);
#798=LINE('',#6068,#1094);
#799=LINE('',#6086,#1095);
#800=LINE('',#6097,#1096);
#801=LINE('',#6114,#1097);
#802=LINE('',#6115,#1098);
#803=LINE('',#6132,#1099);
#804=LINE('',#6134,#1100);
#805=LINE('',#6151,#1101);
#806=LINE('',#6168,#1102);
#807=LINE('',#6193,#1103);
#808=LINE('',#6199,#1104);
#809=LINE('',#6262,#1105);
#810=LINE('',#6289,#1106);
#811=LINE('',#6316,#1107);
#812=LINE('',#6343,#1108);
#813=LINE('',#6469,#1109);
#814=LINE('',#6470,#1110);
#815=LINE('',#6492,#1111);
#816=LINE('',#6544,#1112);
#817=LINE('',#6566,#1113);
#818=LINE('',#6588,#1114);
#819=LINE('',#6668,#1115);
#820=LINE('',#6680,#1116);
#821=LINE('',#6710,#1117);
#822=LINE('',#6722,#1118);
#823=LINE('',#6758,#1119);
#824=LINE('',#6759,#1120);
#825=LINE('',#6780,#1121);
#826=LINE('',#6797,#1122);
#827=LINE('',#6799,#1123);
#828=LINE('',#6816,#1124);
#829=LINE('',#6833,#1125);
#830=LINE('',#6835,#1126);
#831=LINE('',#6852,#1127);
#832=LINE('',#6869,#1128);
#833=LINE('',#6886,#1129);
#834=LINE('',#6906,#1130);
#835=LINE('',#6908,#1131);
#836=LINE('',#6910,#1132);
#837=LINE('',#6911,#1133);
#838=LINE('',#6938,#1134);
#839=LINE('',#6965,#1135);
#840=LINE('',#6992,#1136);
#841=LINE('',#7019,#1137);
#842=LINE('',#7046,#1138);
#843=LINE('',#7073,#1139);
#844=LINE('',#7076,#1140);
#845=LINE('',#7078,#1141);
#846=LINE('',#7079,#1142);
#847=LINE('',#7106,#1143);
#848=LINE('',#7133,#1144);
#849=LINE('',#7160,#1145);
#850=LINE('',#7187,#1146);
#851=LINE('',#7250,#1147);
#852=LINE('',#7277,#1148);
#853=LINE('',#7280,#1149);
#854=LINE('',#7286,#1150);
#855=LINE('',#7321,#1151);
#856=LINE('',#7333,#1152);
#857=LINE('',#7339,#1153);
#858=LINE('',#7348,#1154);
#859=LINE('',#7355,#1155);
#860=LINE('',#7366,#1156);
#861=LINE('',#7383,#1157);
#862=LINE('',#7384,#1158);
#863=LINE('',#7386,#1159);
#864=LINE('',#7403,#1160);
#865=LINE('',#7405,#1161);
#866=LINE('',#7422,#1162);
#867=LINE('',#7439,#1163);
#868=LINE('',#7464,#1164);
#869=LINE('',#7470,#1165);
#870=LINE('',#7497,#1166);
#871=LINE('',#7524,#1167);
#872=LINE('',#7551,#1168);
#873=LINE('',#7554,#1169);
#874=LINE('',#7556,#1170);
#875=LINE('',#7557,#1171);
#876=LINE('',#7584,#1172);
#877=LINE('',#7587,#1173);
#878=LINE('',#7589,#1174);
#879=LINE('',#7590,#1175);
#880=LINE('',#7617,#1176);
#881=LINE('',#7620,#1177);
#882=LINE('',#7622,#1178);
#883=LINE('',#7623,#1179);
#884=LINE('',#7650,#1180);
#885=LINE('',#7653,#1181);
#886=LINE('',#7655,#1182);
#887=LINE('',#7656,#1183);
#888=LINE('',#7683,#1184);
#889=LINE('',#7686,#1185);
#890=LINE('',#7688,#1186);
#891=LINE('',#7689,#1187);
#892=LINE('',#7716,#1188);
#893=LINE('',#7743,#1189);
#894=LINE('',#7770,#1190);
#895=LINE('',#7797,#1191);
#896=LINE('',#7824,#1192);
#897=LINE('',#7851,#1193);
#898=LINE('',#7878,#1194);
#899=LINE('',#7895,#1195);
#900=LINE('',#7901,#1196);
#901=LINE('',#7910,#1197);
#902=LINE('',#7916,#1198);
#903=LINE('',#7933,#1199);
#904=LINE('',#7934,#1200);
#905=LINE('',#7936,#1201);
#906=LINE('',#7953,#1202);
#907=LINE('',#7958,#1203);
#908=LINE('',#7960,#1204);
#909=LINE('',#7962,#1205);
#910=LINE('',#7963,#1206);
#911=LINE('',#7990,#1207);
#912=LINE('',#7993,#1208);
#913=LINE('',#7995,#1209);
#914=LINE('',#7996,#1210);
#915=LINE('',#8031,#1211);
#916=LINE('',#8037,#1212);
#917=LINE('',#8046,#1213);
#918=LINE('',#8052,#1214);
#919=LINE('',#8069,#1215);
#920=LINE('',#8070,#1216);
#921=LINE('',#8072,#1217);
#922=LINE('',#8089,#1218);
#923=LINE('',#8124,#1219);
#924=LINE('',#8132,#1220);
#925=LINE('',#8159,#1221);
#926=LINE('',#8186,#1222);
#927=LINE('',#8213,#1223);
#928=LINE('',#8216,#1224);
#929=LINE('',#8218,#1225);
#930=LINE('',#8219,#1226);
#931=LINE('',#8246,#1227);
#932=LINE('',#8249,#1228);
#933=LINE('',#8251,#1229);
#934=LINE('',#8252,#1230);
#935=LINE('',#8279,#1231);
#936=LINE('',#8282,#1232);
#937=LINE('',#8284,#1233);
#938=LINE('',#8285,#1234);
#939=LINE('',#8312,#1235);
#940=LINE('',#8315,#1236);
#941=LINE('',#8317,#1237);
#942=LINE('',#8318,#1238);
#943=LINE('',#8345,#1239);
#944=LINE('',#8348,#1240);
#945=LINE('',#8350,#1241);
#946=LINE('',#8351,#1242);
#947=LINE('',#8378,#1243);
#948=LINE('',#8405,#1244);
#949=LINE('',#8432,#1245);
#950=LINE('',#8459,#1246);
#951=LINE('',#8486,#1247);
#952=LINE('',#8513,#1248);
#953=LINE('',#8540,#1249);
#954=LINE('',#8725,#1250);
#955=LINE('',#8726,#1251);
#956=LINE('',#8759,#1252);
#957=LINE('',#8776,#1253);
#958=LINE('',#8793,#1254);
#959=LINE('',#8810,#1255);
#960=LINE('',#8827,#1256);
#961=LINE('',#8868,#1257);
#962=LINE('',#8885,#1258);
#963=LINE('',#8902,#1259);
#964=LINE('',#8923,#1260);
#965=LINE('',#8940,#1261);
#966=LINE('',#8981,#1262);
#967=LINE('',#9045,#1263);
#968=LINE('',#9051,#1264);
#969=LINE('',#9078,#1265);
#970=LINE('',#9141,#1266);
#971=LINE('',#9168,#1267);
#972=LINE('',#9201,#1268);
#973=LINE('',#9228,#1269);
#974=LINE('',#9291,#1270);
#975=LINE('',#9354,#1271);
#976=LINE('',#9381,#1272);
#977=LINE('',#9408,#1273);
#978=LINE('',#9435,#1274);
#979=LINE('',#9462,#1275);
#980=LINE('',#9521,#1276);
#981=LINE('',#9553,#1277);
#982=LINE('',#9590,#1278);
#983=LINE('',#9599,#1279);
#984=LINE('',#9637,#1280);
#985=LINE('',#9668,#1281);
#986=LINE('',#9685,#1282);
#987=LINE('',#9686,#1283);
#988=LINE('',#9688,#1284);
#989=LINE('',#9705,#1285);
#990=LINE('',#9746,#1286);
#991=LINE('',#9763,#1287);
#992=LINE('',#9780,#1288);
#993=LINE('',#9797,#1289);
#994=LINE('',#9814,#1290);
#995=LINE('',#9816,#1291);
#996=LINE('',#9833,#1292);
#997=LINE('',#9850,#1293);
#998=LINE('',#9867,#1294);
#999=LINE('',#9884,#1295);
#1000=LINE('',#9901,#1296);
#1001=LINE('',#9918,#1297);
#1002=LINE('',#9943,#1298);
#1003=LINE('',#9949,#1299);
#1004=LINE('',#9976,#1300);
#1005=LINE('',#10003,#1301);
#1006=LINE('',#10030,#1302);
#1007=LINE('',#10057,#1303);
#1008=LINE('',#10120,#1304);
#1009=LINE('',#10183,#1305);
#1010=LINE('',#10210,#1306);
#1011=LINE('',#10237,#1307);
#1012=LINE('',#10264,#1308);
#1013=LINE('',#10291,#1309);
#1014=LINE('',#10293,#1310);
#1015=LINE('',#10294,#1311);
#1016=LINE('',#10325,#1312);
#1017=LINE('',#10378,#1313);
#1018=LINE('',#10379,#1314);
#1019=LINE('',#10401,#1315);
#1020=LINE('',#10423,#1316);
#1021=LINE('',#10445,#1317);
#1022=LINE('',#10448,#1318);
#1023=LINE('',#10449,#1319);
#1024=LINE('',#10466,#1320);
#1025=LINE('',#10477,#1321);
#1026=LINE('',#10486,#1322);
#1027=LINE('',#10498,#1323);
#1028=LINE('',#10519,#1324);
#1029=LINE('',#10520,#1325);
#1030=LINE('',#10522,#1326);
#1031=LINE('',#10539,#1327);
#1032=LINE('',#10556,#1328);
#1033=LINE('',#10558,#1329);
#1034=LINE('',#10598,#1330);
#1035=LINE('',#10604,#1331);
#1036=LINE('',#10607,#1332);
#1037=LINE('',#10609,#1333);
#1038=LINE('',#10610,#1334);
#1039=LINE('',#10637,#1335);
#1040=LINE('',#10664,#1336);
#1041=LINE('',#10667,#1337);
#1042=LINE('',#10669,#1338);
#1043=LINE('',#10670,#1339);
#1044=LINE('',#10709,#1340);
#1045=LINE('',#10736,#1341);
#1046=VECTOR('',#4993,0.925);
#1047=VECTOR('',#5006,0.875);
#1048=VECTOR('',#5017,0.925);
#1049=VECTOR('',#5052,0.225);
#1050=VECTOR('',#5071,0.225);
#1051=VECTOR('',#5084,0.225);
#1052=VECTOR('',#5105,0.225);
#1053=VECTOR('',#5118,10.);
#1054=VECTOR('',#5119,10.);
#1055=VECTOR('',#5120,10.);
#1056=VECTOR('',#5121,10.);
#1057=VECTOR('',#5122,10.);
#1058=VECTOR('',#5123,10.);
#1059=VECTOR('',#5126,10.);
#1060=VECTOR('',#5127,10.);
#1061=VECTOR('',#5128,10.);
#1062=VECTOR('',#5129,10.);
#1063=VECTOR('',#5130,10.);
#1064=VECTOR('',#5131,10.);
#1065=VECTOR('',#5132,10.);
#1066=VECTOR('',#5133,10.);
#1067=VECTOR('',#5136,10.);
#1068=VECTOR('',#5137,10.);
#1069=VECTOR('',#5140,10.);
#1070=VECTOR('',#5141,10.);
#1071=VECTOR('',#5144,10.);
#1072=VECTOR('',#5145,10.);
#1073=VECTOR('',#5148,10.);
#1074=VECTOR('',#5149,10.);
#1075=VECTOR('',#5152,10.);
#1076=VECTOR('',#5153,10.);
#1077=VECTOR('',#5156,10.);
#1078=VECTOR('',#5157,10.);
#1079=VECTOR('',#5160,10.);
#1080=VECTOR('',#5161,10.);
#1081=VECTOR('',#5162,10.);
#1082=VECTOR('',#5163,10.);
#1083=VECTOR('',#5166,10.);
#1084=VECTOR('',#5167,10.);
#1085=VECTOR('',#5168,10.);
#1086=VECTOR('',#5169,10.);
#1087=VECTOR('',#5172,10.);
#1088=VECTOR('',#5173,10.);
#1089=VECTOR('',#5174,10.);
#1090=VECTOR('',#5175,10.);
#1091=VECTOR('',#5178,10.);
#1092=VECTOR('',#5179,10.);
#1093=VECTOR('',#5186,10.);
#1094=VECTOR('',#5187,10.);
#1095=VECTOR('',#5190,10.);
#1096=VECTOR('',#5191,10.);
#1097=VECTOR('',#5192,10.);
#1098=VECTOR('',#5193,10.);
#1099=VECTOR('',#5194,10.);
#1100=VECTOR('',#5197,10.);
#1101=VECTOR('',#5198,10.);
#1102=VECTOR('',#5199,10.);
#1103=VECTOR('',#5202,10.);
#1104=VECTOR('',#5203,10.);
#1105=VECTOR('',#5204,10.);
#1106=VECTOR('',#5205,10.);
#1107=VECTOR('',#5206,10.);
#1108=VECTOR('',#5207,10.);
#1109=VECTOR('',#5210,10.);
#1110=VECTOR('',#5211,10.);
#1111=VECTOR('',#5212,10.);
#1112=VECTOR('',#5213,10.);
#1113=VECTOR('',#5214,10.);
#1114=VECTOR('',#5215,10.);
#1115=VECTOR('',#5220,10.);
#1116=VECTOR('',#5221,10.);
#1117=VECTOR('',#5224,10.);
#1118=VECTOR('',#5225,10.);
#1119=VECTOR('',#5226,10.);
#1120=VECTOR('',#5227,10.);
#1121=VECTOR('',#5228,10.);
#1122=VECTOR('',#5229,10.);
#1123=VECTOR('',#5232,10.);
#1124=VECTOR('',#5233,10.);
#1125=VECTOR('',#5234,10.);
#1126=VECTOR('',#5237,10.);
#1127=VECTOR('',#5238,10.);
#1128=VECTOR('',#5239,10.);
#1129=VECTOR('',#5240,10.);
#1130=VECTOR('',#5243,10.);
#1131=VECTOR('',#5244,10.);
#1132=VECTOR('',#5245,10.);
#1133=VECTOR('',#5246,10.);
#1134=VECTOR('',#5247,10.);
#1135=VECTOR('',#5248,10.);
#1136=VECTOR('',#5249,10.);
#1137=VECTOR('',#5250,10.);
#1138=VECTOR('',#5251,10.);
#1139=VECTOR('',#5252,10.);
#1140=VECTOR('',#5255,10.);
#1141=VECTOR('',#5256,10.);
#1142=VECTOR('',#5257,10.);
#1143=VECTOR('',#5258,10.);
#1144=VECTOR('',#5259,10.);
#1145=VECTOR('',#5260,10.);
#1146=VECTOR('',#5261,10.);
#1147=VECTOR('',#5262,10.);
#1148=VECTOR('',#5263,10.);
#1149=VECTOR('',#5266,10.);
#1150=VECTOR('',#5267,10.);
#1151=VECTOR('',#5274,10.);
#1152=VECTOR('',#5275,10.);
#1153=VECTOR('',#5276,10.);
#1154=VECTOR('',#5279,10.);
#1155=VECTOR('',#5280,10.);
#1156=VECTOR('',#5281,10.);
#1157=VECTOR('',#5282,10.);
#1158=VECTOR('',#5283,10.);
#1159=VECTOR('',#5286,10.);
#1160=VECTOR('',#5287,10.);
#1161=VECTOR('',#5290,10.);
#1162=VECTOR('',#5291,10.);
#1163=VECTOR('',#5292,10.);
#1164=VECTOR('',#5295,10.);
#1165=VECTOR('',#5296,10.);
#1166=VECTOR('',#5297,10.);
#1167=VECTOR('',#5298,10.);
#1168=VECTOR('',#5299,10.);
#1169=VECTOR('',#5302,10.);
#1170=VECTOR('',#5303,10.);
#1171=VECTOR('',#5304,10.);
#1172=VECTOR('',#5305,10.);
#1173=VECTOR('',#5308,10.);
#1174=VECTOR('',#5309,10.);
#1175=VECTOR('',#5310,10.);
#1176=VECTOR('',#5311,10.);
#1177=VECTOR('',#5314,10.);
#1178=VECTOR('',#5315,10.);
#1179=VECTOR('',#5316,10.);
#1180=VECTOR('',#5317,10.);
#1181=VECTOR('',#5320,10.);
#1182=VECTOR('',#5321,10.);
#1183=VECTOR('',#5322,10.);
#1184=VECTOR('',#5323,10.);
#1185=VECTOR('',#5326,10.);
#1186=VECTOR('',#5327,10.);
#1187=VECTOR('',#5328,10.);
#1188=VECTOR('',#5329,10.);
#1189=VECTOR('',#5330,10.);
#1190=VECTOR('',#5331,10.);
#1191=VECTOR('',#5332,10.);
#1192=VECTOR('',#5333,10.);
#1193=VECTOR('',#5334,10.);
#1194=VECTOR('',#5335,10.);
#1195=VECTOR('',#5346,10.);
#1196=VECTOR('',#5347,10.);
#1197=VECTOR('',#5350,10.);
#1198=VECTOR('',#5351,10.);
#1199=VECTOR('',#5352,10.);
#1200=VECTOR('',#5353,10.);
#1201=VECTOR('',#5356,10.);
#1202=VECTOR('',#5357,10.);
#1203=VECTOR('',#5362,10.);
#1204=VECTOR('',#5363,10.);
#1205=VECTOR('',#5364,10.);
#1206=VECTOR('',#5365,10.);
#1207=VECTOR('',#5366,10.);
#1208=VECTOR('',#5369,10.);
#1209=VECTOR('',#5370,10.);
#1210=VECTOR('',#5371,10.);
#1211=VECTOR('',#5378,10.);
#1212=VECTOR('',#5379,10.);
#1213=VECTOR('',#5382,10.);
#1214=VECTOR('',#5383,10.);
#1215=VECTOR('',#5384,10.);
#1216=VECTOR('',#5385,10.);
#1217=VECTOR('',#5388,10.);
#1218=VECTOR('',#5389,10.);
#1219=VECTOR('',#5392,10.);
#1220=VECTOR('',#5393,10.);
#1221=VECTOR('',#5394,10.);
#1222=VECTOR('',#5395,10.);
#1223=VECTOR('',#5396,10.);
#1224=VECTOR('',#5399,10.);
#1225=VECTOR('',#5400,10.);
#1226=VECTOR('',#5401,10.);
#1227=VECTOR('',#5402,10.);
#1228=VECTOR('',#5405,10.);
#1229=VECTOR('',#5406,10.);
#1230=VECTOR('',#5407,10.);
#1231=VECTOR('',#5408,10.);
#1232=VECTOR('',#5411,10.);
#1233=VECTOR('',#5412,10.);
#1234=VECTOR('',#5413,10.);
#1235=VECTOR('',#5414,10.);
#1236=VECTOR('',#5417,10.);
#1237=VECTOR('',#5418,10.);
#1238=VECTOR('',#5419,10.);
#1239=VECTOR('',#5420,10.);
#1240=VECTOR('',#5423,10.);
#1241=VECTOR('',#5424,10.);
#1242=VECTOR('',#5425,10.);
#1243=VECTOR('',#5426,10.);
#1244=VECTOR('',#5427,10.);
#1245=VECTOR('',#5428,10.);
#1246=VECTOR('',#5429,10.);
#1247=VECTOR('',#5430,10.);
#1248=VECTOR('',#5431,10.);
#1249=VECTOR('',#5432,10.);
#1250=VECTOR('',#5449,10.);
#1251=VECTOR('',#5450,10.);
#1252=VECTOR('',#5451,10.);
#1253=VECTOR('',#5452,10.);
#1254=VECTOR('',#5453,10.);
#1255=VECTOR('',#5454,10.);
#1256=VECTOR('',#5455,10.);
#1257=VECTOR('',#5456,10.);
#1258=VECTOR('',#5457,10.);
#1259=VECTOR('',#5458,10.);
#1260=VECTOR('',#5459,10.);
#1261=VECTOR('',#5460,10.);
#1262=VECTOR('',#5461,10.);
#1263=VECTOR('',#5462,10.);
#1264=VECTOR('',#5463,10.);
#1265=VECTOR('',#5464,10.);
#1266=VECTOR('',#5465,10.);
#1267=VECTOR('',#5466,10.);
#1268=VECTOR('',#5467,10.);
#1269=VECTOR('',#5468,10.);
#1270=VECTOR('',#5469,10.);
#1271=VECTOR('',#5470,10.);
#1272=VECTOR('',#5471,10.);
#1273=VECTOR('',#5472,10.);
#1274=VECTOR('',#5473,10.);
#1275=VECTOR('',#5474,10.);
#1276=VECTOR('',#5481,10.);
#1277=VECTOR('',#5482,10.);
#1278=VECTOR('',#5483,10.);
#1279=VECTOR('',#5486,10.);
#1280=VECTOR('',#5487,10.);
#1281=VECTOR('',#5488,10.);
#1282=VECTOR('',#5489,10.);
#1283=VECTOR('',#5490,10.);
#1284=VECTOR('',#5493,10.);
#1285=VECTOR('',#5494,10.);
#1286=VECTOR('',#5495,10.);
#1287=VECTOR('',#5496,10.);
#1288=VECTOR('',#5497,10.);
#1289=VECTOR('',#5498,10.);
#1290=VECTOR('',#5499,10.);
#1291=VECTOR('',#5502,10.);
#1292=VECTOR('',#5503,10.);
#1293=VECTOR('',#5504,10.);
#1294=VECTOR('',#5505,10.);
#1295=VECTOR('',#5506,10.);
#1296=VECTOR('',#5507,10.);
#1297=VECTOR('',#5508,10.);
#1298=VECTOR('',#5511,10.);
#1299=VECTOR('',#5512,10.);
#1300=VECTOR('',#5513,10.);
#1301=VECTOR('',#5514,10.);
#1302=VECTOR('',#5515,10.);
#1303=VECTOR('',#5516,10.);
#1304=VECTOR('',#5517,10.);
#1305=VECTOR('',#5518,10.);
#1306=VECTOR('',#5519,10.);
#1307=VECTOR('',#5520,10.);
#1308=VECTOR('',#5521,10.);
#1309=VECTOR('',#5522,10.);
#1310=VECTOR('',#5525,10.);
#1311=VECTOR('',#5526,10.);
#1312=VECTOR('',#5531,10.);
#1313=VECTOR('',#5532,10.);
#1314=VECTOR('',#5533,10.);
#1315=VECTOR('',#5534,10.);
#1316=VECTOR('',#5535,10.);
#1317=VECTOR('',#5536,10.);
#1318=VECTOR('',#5539,10.);
#1319=VECTOR('',#5540,10.);
#1320=VECTOR('',#5549,10.);
#1321=VECTOR('',#5550,10.);
#1322=VECTOR('',#5553,10.);
#1323=VECTOR('',#5554,10.);
#1324=VECTOR('',#5555,10.);
#1325=VECTOR('',#5556,10.);
#1326=VECTOR('',#5559,10.);
#1327=VECTOR('',#5560,10.);
#1328=VECTOR('',#5561,10.);
#1329=VECTOR('',#5564,10.);
#1330=VECTOR('',#5565,10.);
#1331=VECTOR('',#5566,10.);
#1332=VECTOR('',#5569,10.);
#1333=VECTOR('',#5570,10.);
#1334=VECTOR('',#5571,10.);
#1335=VECTOR('',#5572,10.);
#1336=VECTOR('',#5573,10.);
#1337=VECTOR('',#5576,10.);
#1338=VECTOR('',#5577,10.);
#1339=VECTOR('',#5578,10.);
#1340=VECTOR('',#5579,10.);
#1341=VECTOR('',#5580,10.);
#1342=CYLINDRICAL_SURFACE('',#4808,0.925);
#1343=CYLINDRICAL_SURFACE('',#4813,0.875);
#1344=CYLINDRICAL_SURFACE('',#4819,0.925);
#1345=CYLINDRICAL_SURFACE('',#4834,0.225);
#1346=CYLINDRICAL_SURFACE('',#4845,0.225);
#1347=CYLINDRICAL_SURFACE('',#4850,0.225);
#1348=CYLINDRICAL_SURFACE('',#4861,0.225);
#1349=CYLINDRICAL_SURFACE('',#4867,0.875);
#1350=CYLINDRICAL_SURFACE('',#4868,0.88);
#1351=CYLINDRICAL_SURFACE('',#4879,0.88);
#1352=CYLINDRICAL_SURFACE('',#4880,0.875);
#1353=CYLINDRICAL_SURFACE('',#4881,0.875);
#1354=CYLINDRICAL_SURFACE('',#4882,0.88);
#1355=CYLINDRICAL_SURFACE('',#4885,0.88);
#1356=CYLINDRICAL_SURFACE('',#4886,0.875);
#1357=CYLINDRICAL_SURFACE('',#4887,0.875);
#1358=CYLINDRICAL_SURFACE('',#4888,0.88);
#1359=CYLINDRICAL_SURFACE('',#4894,0.88);
#1360=CYLINDRICAL_SURFACE('',#4895,0.875);
#1361=CYLINDRICAL_SURFACE('',#4896,0.875);
#1362=CYLINDRICAL_SURFACE('',#4897,0.88);
#1363=CYLINDRICAL_SURFACE('',#4908,0.88);
#1364=CYLINDRICAL_SURFACE('',#4909,0.875);
#1365=CYLINDRICAL_SURFACE('',#4910,0.875);
#1366=CYLINDRICAL_SURFACE('',#4911,0.88);
#1367=CYLINDRICAL_SURFACE('',#4916,0.88);
#1368=CYLINDRICAL_SURFACE('',#4917,0.875);
#1369=CYLINDRICAL_SURFACE('',#4918,0.875);
#1370=CYLINDRICAL_SURFACE('',#4919,0.88);
#1371=CYLINDRICAL_SURFACE('',#4929,0.88);
#1372=CYLINDRICAL_SURFACE('',#4930,0.875);
#1373=CYLINDRICAL_SURFACE('',#4931,0.875);
#1374=CYLINDRICAL_SURFACE('',#4933,0.88);
#1375=CYLINDRICAL_SURFACE('',#4935,0.88);
#1376=CYLINDRICAL_SURFACE('',#4936,0.875);
#1377=CYLINDRICAL_SURFACE('',#4937,0.875);
#1378=CYLINDRICAL_SURFACE('',#4938,0.88);
#1379=CYLINDRICAL_SURFACE('',#4943,0.88);
#1380=CYLINDRICAL_SURFACE('',#4948,0.875);
#1381=CYLINDRICAL_SURFACE('',#4949,0.875);
#1382=CYLINDRICAL_SURFACE('',#4950,0.88);
#1383=CYLINDRICAL_SURFACE('',#4955,0.88);
#1384=CYLINDRICAL_SURFACE('',#4956,0.875);
#1385=FACE_BOUND('',#1661,.T.);
#1386=FACE_BOUND('',#1665,.T.);
#1387=FACE_BOUND('',#1668,.T.);
#1388=FACE_BOUND('',#1672,.T.);
#1389=FACE_BOUND('',#1724,.T.);
#1390=FACE_BOUND('',#1732,.T.);
#1391=FACE_BOUND('',#1898,.T.);
#1392=FACE_BOUND('',#1906,.T.);
#1393=TOROIDAL_SURFACE('',#4797,0.425,0.2);
#1394=TOROIDAL_SURFACE('',#4804,0.875,0.05);
#1395=TOROIDAL_SURFACE('',#4822,0.875,0.05);
#1396=TOROIDAL_SURFACE('',#4829,0.425,0.2);
#1397=TOROIDAL_SURFACE('',#4840,0.543195761176145,0.225);
#1398=TOROIDAL_SURFACE('',#4856,0.543195761176145,0.225);
#1399=FACE_OUTER_BOUND('',#1658,.T.);
#1400=FACE_OUTER_BOUND('',#1659,.T.);
#1401=FACE_OUTER_BOUND('',#1660,.T.);
#1402=FACE_OUTER_BOUND('',#1662,.T.);
#1403=FACE_OUTER_BOUND('',#1663,.T.);
#1404=FACE_OUTER_BOUND('',#1664,.T.);
#1405=FACE_OUTER_BOUND('',#1666,.T.);
#1406=FACE_OUTER_BOUND('',#1667,.T.);
#1407=FACE_OUTER_BOUND('',#1669,.T.);
#1408=FACE_OUTER_BOUND('',#1670,.T.);
#1409=FACE_OUTER_BOUND('',#1671,.T.);
#1410=FACE_OUTER_BOUND('',#1673,.T.);
#1411=FACE_OUTER_BOUND('',#1674,.T.);
#1412=FACE_OUTER_BOUND('',#1675,.T.);
#1413=FACE_OUTER_BOUND('',#1676,.T.);
#1414=FACE_OUTER_BOUND('',#1677,.T.);
#1415=FACE_OUTER_BOUND('',#1678,.T.);
#1416=FACE_OUTER_BOUND('',#1679,.T.);
#1417=FACE_OUTER_BOUND('',#1680,.T.);
#1418=FACE_OUTER_BOUND('',#1681,.T.);
#1419=FACE_OUTER_BOUND('',#1682,.T.);
#1420=FACE_OUTER_BOUND('',#1683,.T.);
#1421=FACE_OUTER_BOUND('',#1684,.T.);
#1422=FACE_OUTER_BOUND('',#1685,.T.);
#1423=FACE_OUTER_BOUND('',#1686,.T.);
#1424=FACE_OUTER_BOUND('',#1687,.T.);
#1425=FACE_OUTER_BOUND('',#1688,.T.);
#1426=FACE_OUTER_BOUND('',#1689,.T.);
#1427=FACE_OUTER_BOUND('',#1690,.T.);
#1428=FACE_OUTER_BOUND('',#1691,.T.);
#1429=FACE_OUTER_BOUND('',#1692,.T.);
#1430=FACE_OUTER_BOUND('',#1693,.T.);
#1431=FACE_OUTER_BOUND('',#1694,.T.);
#1432=FACE_OUTER_BOUND('',#1695,.T.);
#1433=FACE_OUTER_BOUND('',#1696,.T.);
#1434=FACE_OUTER_BOUND('',#1697,.T.);
#1435=FACE_OUTER_BOUND('',#1698,.T.);
#1436=FACE_OUTER_BOUND('',#1699,.T.);
#1437=FACE_OUTER_BOUND('',#1700,.T.);
#1438=FACE_OUTER_BOUND('',#1701,.T.);
#1439=FACE_OUTER_BOUND('',#1702,.T.);
#1440=FACE_OUTER_BOUND('',#1703,.T.);
#1441=FACE_OUTER_BOUND('',#1704,.T.);
#1442=FACE_OUTER_BOUND('',#1705,.T.);
#1443=FACE_OUTER_BOUND('',#1706,.T.);
#1444=FACE_OUTER_BOUND('',#1707,.T.);
#1445=FACE_OUTER_BOUND('',#1708,.T.);
#1446=FACE_OUTER_BOUND('',#1709,.T.);
#1447=FACE_OUTER_BOUND('',#1710,.T.);
#1448=FACE_OUTER_BOUND('',#1711,.T.);
#1449=FACE_OUTER_BOUND('',#1712,.T.);
#1450=FACE_OUTER_BOUND('',#1713,.T.);
#1451=FACE_OUTER_BOUND('',#1714,.T.);
#1452=FACE_OUTER_BOUND('',#1715,.T.);
#1453=FACE_OUTER_BOUND('',#1716,.T.);
#1454=FACE_OUTER_BOUND('',#1717,.T.);
#1455=FACE_OUTER_BOUND('',#1718,.T.);
#1456=FACE_OUTER_BOUND('',#1719,.T.);
#1457=FACE_OUTER_BOUND('',#1720,.T.);
#1458=FACE_OUTER_BOUND('',#1721,.T.);
#1459=FACE_OUTER_BOUND('',#1722,.T.);
#1460=FACE_OUTER_BOUND('',#1723,.T.);
#1461=FACE_OUTER_BOUND('',#1725,.T.);
#1462=FACE_OUTER_BOUND('',#1726,.T.);
#1463=FACE_OUTER_BOUND('',#1727,.T.);
#1464=FACE_OUTER_BOUND('',#1728,.T.);
#1465=FACE_OUTER_BOUND('',#1729,.T.);
#1466=FACE_OUTER_BOUND('',#1730,.T.);
#1467=FACE_OUTER_BOUND('',#1731,.T.);
#1468=FACE_OUTER_BOUND('',#1733,.T.);
#1469=FACE_OUTER_BOUND('',#1734,.T.);
#1470=FACE_OUTER_BOUND('',#1735,.T.);
#1471=FACE_OUTER_BOUND('',#1736,.T.);
#1472=FACE_OUTER_BOUND('',#1737,.T.);
#1473=FACE_OUTER_BOUND('',#1738,.T.);
#1474=FACE_OUTER_BOUND('',#1739,.T.);
#1475=FACE_OUTER_BOUND('',#1740,.T.);
#1476=FACE_OUTER_BOUND('',#1741,.T.);
#1477=FACE_OUTER_BOUND('',#1742,.T.);
#1478=FACE_OUTER_BOUND('',#1743,.T.);
#1479=FACE_OUTER_BOUND('',#1744,.T.);
#1480=FACE_OUTER_BOUND('',#1745,.T.);
#1481=FACE_OUTER_BOUND('',#1746,.T.);
#1482=FACE_OUTER_BOUND('',#1747,.T.);
#1483=FACE_OUTER_BOUND('',#1748,.T.);
#1484=FACE_OUTER_BOUND('',#1749,.T.);
#1485=FACE_OUTER_BOUND('',#1750,.T.);
#1486=FACE_OUTER_BOUND('',#1751,.T.);
#1487=FACE_OUTER_BOUND('',#1752,.T.);
#1488=FACE_OUTER_BOUND('',#1753,.T.);
#1489=FACE_OUTER_BOUND('',#1754,.T.);
#1490=FACE_OUTER_BOUND('',#1755,.T.);
#1491=FACE_OUTER_BOUND('',#1756,.T.);
#1492=FACE_OUTER_BOUND('',#1757,.T.);
#1493=FACE_OUTER_BOUND('',#1758,.T.);
#1494=FACE_OUTER_BOUND('',#1759,.T.);
#1495=FACE_OUTER_BOUND('',#1760,.T.);
#1496=FACE_OUTER_BOUND('',#1761,.T.);
#1497=FACE_OUTER_BOUND('',#1762,.T.);
#1498=FACE_OUTER_BOUND('',#1763,.T.);
#1499=FACE_OUTER_BOUND('',#1764,.T.);
#1500=FACE_OUTER_BOUND('',#1765,.T.);
#1501=FACE_OUTER_BOUND('',#1766,.T.);
#1502=FACE_OUTER_BOUND('',#1767,.T.);
#1503=FACE_OUTER_BOUND('',#1768,.T.);
#1504=FACE_OUTER_BOUND('',#1769,.T.);
#1505=FACE_OUTER_BOUND('',#1770,.T.);
#1506=FACE_OUTER_BOUND('',#1771,.T.);
#1507=FACE_OUTER_BOUND('',#1772,.T.);
#1508=FACE_OUTER_BOUND('',#1773,.T.);
#1509=FACE_OUTER_BOUND('',#1774,.T.);
#1510=FACE_OUTER_BOUND('',#1775,.T.);
#1511=FACE_OUTER_BOUND('',#1776,.T.);
#1512=FACE_OUTER_BOUND('',#1777,.T.);
#1513=FACE_OUTER_BOUND('',#1778,.T.);
#1514=FACE_OUTER_BOUND('',#1779,.T.);
#1515=FACE_OUTER_BOUND('',#1780,.T.);
#1516=FACE_OUTER_BOUND('',#1781,.T.);
#1517=FACE_OUTER_BOUND('',#1782,.T.);
#1518=FACE_OUTER_BOUND('',#1783,.T.);
#1519=FACE_OUTER_BOUND('',#1784,.T.);
#1520=FACE_OUTER_BOUND('',#1785,.T.);
#1521=FACE_OUTER_BOUND('',#1786,.T.);
#1522=FACE_OUTER_BOUND('',#1787,.T.);
#1523=FACE_OUTER_BOUND('',#1788,.T.);
#1524=FACE_OUTER_BOUND('',#1789,.T.);
#1525=FACE_OUTER_BOUND('',#1790,.T.);
#1526=FACE_OUTER_BOUND('',#1791,.T.);
#1527=FACE_OUTER_BOUND('',#1792,.T.);
#1528=FACE_OUTER_BOUND('',#1793,.T.);
#1529=FACE_OUTER_BOUND('',#1794,.T.);
#1530=FACE_OUTER_BOUND('',#1795,.T.);
#1531=FACE_OUTER_BOUND('',#1796,.T.);
#1532=FACE_OUTER_BOUND('',#1797,.T.);
#1533=FACE_OUTER_BOUND('',#1798,.T.);
#1534=FACE_OUTER_BOUND('',#1799,.T.);
#1535=FACE_OUTER_BOUND('',#1800,.T.);
#1536=FACE_OUTER_BOUND('',#1801,.T.);
#1537=FACE_OUTER_BOUND('',#1802,.T.);
#1538=FACE_OUTER_BOUND('',#1803,.T.);
#1539=FACE_OUTER_BOUND('',#1804,.T.);
#1540=FACE_OUTER_BOUND('',#1805,.T.);
#1541=FACE_OUTER_BOUND('',#1806,.T.);
#1542=FACE_OUTER_BOUND('',#1807,.T.);
#1543=FACE_OUTER_BOUND('',#1808,.T.);
#1544=FACE_OUTER_BOUND('',#1809,.T.);
#1545=FACE_OUTER_BOUND('',#1810,.T.);
#1546=FACE_OUTER_BOUND('',#1811,.T.);
#1547=FACE_OUTER_BOUND('',#1812,.T.);
#1548=FACE_OUTER_BOUND('',#1813,.T.);
#1549=FACE_OUTER_BOUND('',#1814,.T.);
#1550=FACE_OUTER_BOUND('',#1815,.T.);
#1551=FACE_OUTER_BOUND('',#1816,.T.);
#1552=FACE_OUTER_BOUND('',#1817,.T.);
#1553=FACE_OUTER_BOUND('',#1818,.T.);
#1554=FACE_OUTER_BOUND('',#1819,.T.);
#1555=FACE_OUTER_BOUND('',#1820,.T.);
#1556=FACE_OUTER_BOUND('',#1821,.T.);
#1557=FACE_OUTER_BOUND('',#1822,.T.);
#1558=FACE_OUTER_BOUND('',#1823,.T.);
#1559=FACE_OUTER_BOUND('',#1824,.T.);
#1560=FACE_OUTER_BOUND('',#1825,.T.);
#1561=FACE_OUTER_BOUND('',#1826,.T.);
#1562=FACE_OUTER_BOUND('',#1827,.T.);
#1563=FACE_OUTER_BOUND('',#1828,.T.);
#1564=FACE_OUTER_BOUND('',#1829,.T.);
#1565=FACE_OUTER_BOUND('',#1830,.T.);
#1566=FACE_OUTER_BOUND('',#1831,.T.);
#1567=FACE_OUTER_BOUND('',#1832,.T.);
#1568=FACE_OUTER_BOUND('',#1833,.T.);
#1569=FACE_OUTER_BOUND('',#1834,.T.);
#1570=FACE_OUTER_BOUND('',#1835,.T.);
#1571=FACE_OUTER_BOUND('',#1836,.T.);
#1572=FACE_OUTER_BOUND('',#1837,.T.);
#1573=FACE_OUTER_BOUND('',#1838,.T.);
#1574=FACE_OUTER_BOUND('',#1839,.T.);
#1575=FACE_OUTER_BOUND('',#1840,.T.);
#1576=FACE_OUTER_BOUND('',#1841,.T.);
#1577=FACE_OUTER_BOUND('',#1842,.T.);
#1578=FACE_OUTER_BOUND('',#1843,.T.);
#1579=FACE_OUTER_BOUND('',#1844,.T.);
#1580=FACE_OUTER_BOUND('',#1845,.T.);
#1581=FACE_OUTER_BOUND('',#1846,.T.);
#1582=FACE_OUTER_BOUND('',#1847,.T.);
#1583=FACE_OUTER_BOUND('',#1848,.T.);
#1584=FACE_OUTER_BOUND('',#1849,.T.);
#1585=FACE_OUTER_BOUND('',#1850,.T.);
#1586=FACE_OUTER_BOUND('',#1851,.T.);
#1587=FACE_OUTER_BOUND('',#1852,.T.);
#1588=FACE_OUTER_BOUND('',#1853,.T.);
#1589=FACE_OUTER_BOUND('',#1854,.T.);
#1590=FACE_OUTER_BOUND('',#1855,.T.);
#1591=FACE_OUTER_BOUND('',#1856,.T.);
#1592=FACE_OUTER_BOUND('',#1857,.T.);
#1593=FACE_OUTER_BOUND('',#1858,.T.);
#1594=FACE_OUTER_BOUND('',#1859,.T.);
#1595=FACE_OUTER_BOUND('',#1860,.T.);
#1596=FACE_OUTER_BOUND('',#1861,.T.);
#1597=FACE_OUTER_BOUND('',#1862,.T.);
#1598=FACE_OUTER_BOUND('',#1863,.T.);
#1599=FACE_OUTER_BOUND('',#1864,.T.);
#1600=FACE_OUTER_BOUND('',#1865,.T.);
#1601=FACE_OUTER_BOUND('',#1866,.T.);
#1602=FACE_OUTER_BOUND('',#1867,.T.);
#1603=FACE_OUTER_BOUND('',#1868,.T.);
#1604=FACE_OUTER_BOUND('',#1869,.T.);
#1605=FACE_OUTER_BOUND('',#1870,.T.);
#1606=FACE_OUTER_BOUND('',#1871,.T.);
#1607=FACE_OUTER_BOUND('',#1872,.T.);
#1608=FACE_OUTER_BOUND('',#1873,.T.);
#1609=FACE_OUTER_BOUND('',#1874,.T.);
#1610=FACE_OUTER_BOUND('',#1875,.T.);
#1611=FACE_OUTER_BOUND('',#1876,.T.);
#1612=FACE_OUTER_BOUND('',#1877,.T.);
#1613=FACE_OUTER_BOUND('',#1878,.T.);
#1614=FACE_OUTER_BOUND('',#1879,.T.);
#1615=FACE_OUTER_BOUND('',#1880,.T.);
#1616=FACE_OUTER_BOUND('',#1881,.T.);
#1617=FACE_OUTER_BOUND('',#1882,.T.);
#1618=FACE_OUTER_BOUND('',#1883,.T.);
#1619=FACE_OUTER_BOUND('',#1884,.T.);
#1620=FACE_OUTER_BOUND('',#1885,.T.);
#1621=FACE_OUTER_BOUND('',#1886,.T.);
#1622=FACE_OUTER_BOUND('',#1887,.T.);
#1623=FACE_OUTER_BOUND('',#1888,.T.);
#1624=FACE_OUTER_BOUND('',#1889,.T.);
#1625=FACE_OUTER_BOUND('',#1890,.T.);
#1626=FACE_OUTER_BOUND('',#1891,.T.);
#1627=FACE_OUTER_BOUND('',#1892,.T.);
#1628=FACE_OUTER_BOUND('',#1893,.T.);
#1629=FACE_OUTER_BOUND('',#1894,.T.);
#1630=FACE_OUTER_BOUND('',#1895,.T.);
#1631=FACE_OUTER_BOUND('',#1896,.T.);
#1632=FACE_OUTER_BOUND('',#1897,.T.);
#1633=FACE_OUTER_BOUND('',#1899,.T.);
#1634=FACE_OUTER_BOUND('',#1900,.T.);
#1635=FACE_OUTER_BOUND('',#1901,.T.);
#1636=FACE_OUTER_BOUND('',#1902,.T.);
#1637=FACE_OUTER_BOUND('',#1903,.T.);
#1638=FACE_OUTER_BOUND('',#1904,.T.);
#1639=FACE_OUTER_BOUND('',#1905,.T.);
#1640=FACE_OUTER_BOUND('',#1907,.T.);
#1641=FACE_OUTER_BOUND('',#1908,.T.);
#1642=FACE_OUTER_BOUND('',#1909,.T.);
#1643=FACE_OUTER_BOUND('',#1910,.T.);
#1644=FACE_OUTER_BOUND('',#1911,.T.);
#1645=FACE_OUTER_BOUND('',#1912,.T.);
#1646=FACE_OUTER_BOUND('',#1913,.T.);
#1647=FACE_OUTER_BOUND('',#1914,.T.);
#1648=FACE_OUTER_BOUND('',#1915,.T.);
#1649=FACE_OUTER_BOUND('',#1916,.T.);
#1650=FACE_OUTER_BOUND('',#1917,.T.);
#1651=FACE_OUTER_BOUND('',#1918,.T.);
#1652=FACE_OUTER_BOUND('',#1919,.T.);
#1653=FACE_OUTER_BOUND('',#1920,.T.);
#1654=FACE_OUTER_BOUND('',#1921,.T.);
#1655=FACE_OUTER_BOUND('',#1922,.T.);
#1656=FACE_OUTER_BOUND('',#1923,.T.);
#1657=FACE_OUTER_BOUND('',#1924,.T.);
#1658=EDGE_LOOP('',(#3073,#3074));
#1659=EDGE_LOOP('',(#3075,#3076,#3077,#3078,#3079,#3080));
#1660=EDGE_LOOP('',(#3081,#3082));
#1661=EDGE_LOOP('',(#3083,#3084));
#1662=EDGE_LOOP('',(#3085,#3086,#3087,#3088,#3089,#3090));
#1663=EDGE_LOOP('',(#3091,#3092,#3093,#3094,#3095));
#1664=EDGE_LOOP('',(#3096));
#1665=EDGE_LOOP('',(#3097,#3098));
#1666=EDGE_LOOP('',(#3099,#3100,#3101,#3102,#3103,#3104));
#1667=EDGE_LOOP('',(#3105,#3106));
#1668=EDGE_LOOP('',(#3107,#3108));
#1669=EDGE_LOOP('',(#3109,#3110,#3111,#3112,#3113,#3114));
#1670=EDGE_LOOP('',(#3115,#3116,#3117,#3118,#3119,#3120));
#1671=EDGE_LOOP('',(#3121,#3122));
#1672=EDGE_LOOP('',(#3123,#3124));
#1673=EDGE_LOOP('',(#3125,#3126,#3127,#3128,#3129,#3130));
#1674=EDGE_LOOP('',(#3131,#3132));
#1675=EDGE_LOOP('',(#3133,#3134,#3135,#3136,#3137,#3138,#3139));
#1676=EDGE_LOOP('',(#3140,#3141,#3142,#3143,#3144,#3145,#3146,#3147));
#1677=EDGE_LOOP('',(#3148,#3149,#3150,#3151,#3152,#3153,#3154));
#1678=EDGE_LOOP('',(#3155,#3156));
#1679=EDGE_LOOP('',(#3157,#3158));
#1680=EDGE_LOOP('',(#3159,#3160,#3161,#3162,#3163,#3164,#3165));
#1681=EDGE_LOOP('',(#3166,#3167,#3168,#3169,#3170,#3171,#3172,#3173));
#1682=EDGE_LOOP('',(#3174,#3175,#3176,#3177,#3178,#3179,#3180));
#1683=EDGE_LOOP('',(#3181,#3182));
#1684=EDGE_LOOP('',(#3183,#3184));
#1685=EDGE_LOOP('',(#3185,#3186,#3187,#3188,#3189,#3190,#3191,#3192,#3193,
#3194,#3195,#3196));
#1686=EDGE_LOOP('',(#3197,#3198,#3199,#3200,#3201,#3202,#3203,#3204,#3205,
#3206,#3207,#3208));
#1687=EDGE_LOOP('',(#3209,#3210,#3211,#3212));
#1688=EDGE_LOOP('',(#3213,#3214,#3215,#3216));
#1689=EDGE_LOOP('',(#3217,#3218,#3219,#3220));
#1690=EDGE_LOOP('',(#3221,#3222,#3223,#3224));
#1691=EDGE_LOOP('',(#3225,#3226,#3227,#3228));
#1692=EDGE_LOOP('',(#3229,#3230,#3231,#3232));
#1693=EDGE_LOOP('',(#3233,#3234,#3235,#3236));
#1694=EDGE_LOOP('',(#3237,#3238,#3239,#3240));
#1695=EDGE_LOOP('',(#3241,#3242,#3243,#3244));
#1696=EDGE_LOOP('',(#3245,#3246,#3247,#3248));
#1697=EDGE_LOOP('',(#3249,#3250,#3251,#3252));
#1698=EDGE_LOOP('',(#3253,#3254,#3255,#3256));
#1699=EDGE_LOOP('',(#3257,#3258,#3259,#3260));
#1700=EDGE_LOOP('',(#3261,#3262,#3263,#3264));
#1701=EDGE_LOOP('',(#3265,#3266,#3267,#3268));
#1702=EDGE_LOOP('',(#3269,#3270,#3271,#3272));
#1703=EDGE_LOOP('',(#3273,#3274,#3275,#3276));
#1704=EDGE_LOOP('',(#3277,#3278,#3279,#3280));
#1705=EDGE_LOOP('',(#3281,#3282,#3283,#3284));
#1706=EDGE_LOOP('',(#3285,#3286,#3287,#3288));
#1707=EDGE_LOOP('',(#3289,#3290,#3291,#3292,#3293,#3294,#3295,#3296));
#1708=EDGE_LOOP('',(#3297,#3298,#3299,#3300,#3301,#3302,#3303,#3304));
#1709=EDGE_LOOP('',(#3305,#3306,#3307,#3308,#3309,#3310));
#1710=EDGE_LOOP('',(#3311,#3312,#3313,#3314,#3315,#3316));
#1711=EDGE_LOOP('',(#3317,#3318,#3319,#3320));
#1712=EDGE_LOOP('',(#3321,#3322,#3323,#3324));
#1713=EDGE_LOOP('',(#3325,#3326,#3327,#3328));
#1714=EDGE_LOOP('',(#3329,#3330,#3331,#3332));
#1715=EDGE_LOOP('',(#3333,#3334,#3335,#3336));
#1716=EDGE_LOOP('',(#3337,#3338,#3339,#3340));
#1717=EDGE_LOOP('',(#3341,#3342,#3343,#3344));
#1718=EDGE_LOOP('',(#3345,#3346,#3347,#3348));
#1719=EDGE_LOOP('',(#3349,#3350,#3351,#3352));
#1720=EDGE_LOOP('',(#3353,#3354,#3355,#3356));
#1721=EDGE_LOOP('',(#3357,#3358,#3359,#3360));
#1722=EDGE_LOOP('',(#3361,#3362,#3363,#3364));
#1723=EDGE_LOOP('',(#3365,#3366,#3367,#3368,#3369,#3370));
#1724=EDGE_LOOP('',(#3371,#3372,#3373,#3374,#3375,#3376));
#1725=EDGE_LOOP('',(#3377,#3378,#3379,#3380));
#1726=EDGE_LOOP('',(#3381,#3382,#3383,#3384));
#1727=EDGE_LOOP('',(#3385,#3386,#3387,#3388));
#1728=EDGE_LOOP('',(#3389,#3390,#3391,#3392));
#1729=EDGE_LOOP('',(#3393,#3394,#3395,#3396));
#1730=EDGE_LOOP('',(#3397,#3398,#3399,#3400));
#1731=EDGE_LOOP('',(#3401,#3402,#3403,#3404,#3405,#3406));
#1732=EDGE_LOOP('',(#3407,#3408,#3409,#3410,#3411,#3412));
#1733=EDGE_LOOP('',(#3413,#3414,#3415,#3416,#3417,#3418,#3419,#3420,#3421,
#3422,#3423));
#1734=EDGE_LOOP('',(#3424,#3425,#3426,#3427,#3428,#3429,#3430,#3431,#3432,
#3433,#3434));
#1735=EDGE_LOOP('',(#3435,#3436,#3437,#3438));
#1736=EDGE_LOOP('',(#3439,#3440,#3441,#3442));
#1737=EDGE_LOOP('',(#3443,#3444,#3445,#3446));
#1738=EDGE_LOOP('',(#3447,#3448,#3449,#3450));
#1739=EDGE_LOOP('',(#3451,#3452,#3453,#3454));
#1740=EDGE_LOOP('',(#3455,#3456,#3457,#3458));
#1741=EDGE_LOOP('',(#3459,#3460,#3461,#3462));
#1742=EDGE_LOOP('',(#3463,#3464,#3465,#3466));
#1743=EDGE_LOOP('',(#3467,#3468,#3469,#3470));
#1744=EDGE_LOOP('',(#3471,#3472,#3473,#3474));
#1745=EDGE_LOOP('',(#3475,#3476,#3477,#3478));
#1746=EDGE_LOOP('',(#3479,#3480,#3481,#3482));
#1747=EDGE_LOOP('',(#3483,#3484,#3485,#3486));
#1748=EDGE_LOOP('',(#3487,#3488,#3489,#3490));
#1749=EDGE_LOOP('',(#3491,#3492,#3493,#3494));
#1750=EDGE_LOOP('',(#3495,#3496,#3497,#3498));
#1751=EDGE_LOOP('',(#3499,#3500,#3501,#3502));
#1752=EDGE_LOOP('',(#3503,#3504,#3505,#3506));
#1753=EDGE_LOOP('',(#3507,#3508,#3509,#3510));
#1754=EDGE_LOOP('',(#3511,#3512,#3513,#3514));
#1755=EDGE_LOOP('',(#3515,#3516,#3517,#3518));
#1756=EDGE_LOOP('',(#3519,#3520,#3521,#3522));
#1757=EDGE_LOOP('',(#3523,#3524,#3525,#3526));
#1758=EDGE_LOOP('',(#3527,#3528,#3529,#3530));
#1759=EDGE_LOOP('',(#3531,#3532,#3533,#3534));
#1760=EDGE_LOOP('',(#3535,#3536,#3537,#3538));
#1761=EDGE_LOOP('',(#3539,#3540,#3541,#3542));
#1762=EDGE_LOOP('',(#3543,#3544,#3545,#3546,#3547,#3548,#3549,#3550,#3551,
#3552,#3553,#3554,#3555,#3556,#3557,#3558));
#1763=EDGE_LOOP('',(#3559,#3560,#3561,#3562,#3563,#3564,#3565,#3566,#3567,
#3568,#3569,#3570,#3571,#3572,#3573,#3574));
#1764=EDGE_LOOP('',(#3575,#3576,#3577,#3578,#3579,#3580,#3581));
#1765=EDGE_LOOP('',(#3582,#3583,#3584,#3585,#3586,#3587,#3588));
#1766=EDGE_LOOP('',(#3589,#3590,#3591,#3592));
#1767=EDGE_LOOP('',(#3593,#3594,#3595,#3596));
#1768=EDGE_LOOP('',(#3597,#3598,#3599,#3600));
#1769=EDGE_LOOP('',(#3601,#3602,#3603,#3604));
#1770=EDGE_LOOP('',(#3605,#3606,#3607,#3608));
#1771=EDGE_LOOP('',(#3609,#3610,#3611,#3612));
#1772=EDGE_LOOP('',(#3613,#3614,#3615,#3616));
#1773=EDGE_LOOP('',(#3617,#3618,#3619,#3620));
#1774=EDGE_LOOP('',(#3621,#3622,#3623,#3624));
#1775=EDGE_LOOP('',(#3625,#3626,#3627,#3628));
#1776=EDGE_LOOP('',(#3629,#3630,#3631,#3632));
#1777=EDGE_LOOP('',(#3633,#3634,#3635,#3636));
#1778=EDGE_LOOP('',(#3637,#3638,#3639,#3640));
#1779=EDGE_LOOP('',(#3641,#3642,#3643,#3644));
#1780=EDGE_LOOP('',(#3645,#3646,#3647,#3648));
#1781=EDGE_LOOP('',(#3649,#3650,#3651,#3652));
#1782=EDGE_LOOP('',(#3653,#3654,#3655,#3656));
#1783=EDGE_LOOP('',(#3657,#3658,#3659,#3660));
#1784=EDGE_LOOP('',(#3661,#3662,#3663,#3664));
#1785=EDGE_LOOP('',(#3665,#3666,#3667,#3668));
#1786=EDGE_LOOP('',(#3669,#3670,#3671,#3672));
#1787=EDGE_LOOP('',(#3673,#3674,#3675,#3676));
#1788=EDGE_LOOP('',(#3677,#3678,#3679,#3680));
#1789=EDGE_LOOP('',(#3681,#3682,#3683,#3684));
#1790=EDGE_LOOP('',(#3685,#3686,#3687,#3688));
#1791=EDGE_LOOP('',(#3689,#3690,#3691,#3692));
#1792=EDGE_LOOP('',(#3693,#3694,#3695,#3696));
#1793=EDGE_LOOP('',(#3697,#3698,#3699,#3700));
#1794=EDGE_LOOP('',(#3701,#3702,#3703,#3704,#3705,#3706,#3707,#3708,#3709,
#3710,#3711,#3712,#3713,#3714,#3715,#3716,#3717,#3718,#3719,#3720,#3721));
#1795=EDGE_LOOP('',(#3722,#3723,#3724,#3725,#3726,#3727,#3728,#3729,#3730,
#3731,#3732,#3733,#3734,#3735,#3736,#3737,#3738,#3739,#3740,#3741,#3742));
#1796=EDGE_LOOP('',(#3743,#3744,#3745,#3746));
#1797=EDGE_LOOP('',(#3747,#3748,#3749,#3750));
#1798=EDGE_LOOP('',(#3751,#3752,#3753,#3754));
#1799=EDGE_LOOP('',(#3755,#3756,#3757,#3758));
#1800=EDGE_LOOP('',(#3759,#3760,#3761,#3762));
#1801=EDGE_LOOP('',(#3763,#3764,#3765,#3766));
#1802=EDGE_LOOP('',(#3767,#3768,#3769,#3770));
#1803=EDGE_LOOP('',(#3771,#3772,#3773,#3774));
#1804=EDGE_LOOP('',(#3775,#3776,#3777,#3778));
#1805=EDGE_LOOP('',(#3779,#3780,#3781,#3782));
#1806=EDGE_LOOP('',(#3783,#3784,#3785,#3786));
#1807=EDGE_LOOP('',(#3787,#3788,#3789,#3790));
#1808=EDGE_LOOP('',(#3791,#3792,#3793,#3794));
#1809=EDGE_LOOP('',(#3795,#3796,#3797,#3798));
#1810=EDGE_LOOP('',(#3799,#3800,#3801,#3802));
#1811=EDGE_LOOP('',(#3803,#3804,#3805,#3806));
#1812=EDGE_LOOP('',(#3807,#3808,#3809,#3810));
#1813=EDGE_LOOP('',(#3811,#3812,#3813,#3814));
#1814=EDGE_LOOP('',(#3815,#3816,#3817,#3818));
#1815=EDGE_LOOP('',(#3819,#3820,#3821,#3822));
#1816=EDGE_LOOP('',(#3823,#3824,#3825,#3826));
#1817=EDGE_LOOP('',(#3827,#3828,#3829,#3830));
#1818=EDGE_LOOP('',(#3831,#3832,#3833,#3834));
#1819=EDGE_LOOP('',(#3835,#3836,#3837,#3838));
#1820=EDGE_LOOP('',(#3839,#3840,#3841,#3842));
#1821=EDGE_LOOP('',(#3843,#3844,#3845,#3846));
#1822=EDGE_LOOP('',(#3847,#3848,#3849,#3850));
#1823=EDGE_LOOP('',(#3851,#3852,#3853,#3854));
#1824=EDGE_LOOP('',(#3855,#3856,#3857,#3858));
#1825=EDGE_LOOP('',(#3859,#3860,#3861,#3862));
#1826=EDGE_LOOP('',(#3863,#3864,#3865,#3866));
#1827=EDGE_LOOP('',(#3867,#3868,#3869,#3870));
#1828=EDGE_LOOP('',(#3871,#3872,#3873,#3874));
#1829=EDGE_LOOP('',(#3875,#3876,#3877,#3878));
#1830=EDGE_LOOP('',(#3879,#3880,#3881,#3882));
#1831=EDGE_LOOP('',(#3883,#3884,#3885,#3886));
#1832=EDGE_LOOP('',(#3887,#3888,#3889,#3890));
#1833=EDGE_LOOP('',(#3891,#3892,#3893,#3894));
#1834=EDGE_LOOP('',(#3895,#3896,#3897,#3898));
#1835=EDGE_LOOP('',(#3899,#3900,#3901,#3902,#3903,#3904,#3905,#3906,#3907,
#3908,#3909,#3910,#3911,#3912,#3913,#3914,#3915,#3916,#3917,#3918,#3919));
#1836=EDGE_LOOP('',(#3920,#3921,#3922,#3923,#3924,#3925,#3926,#3927,#3928,
#3929,#3930,#3931,#3932,#3933,#3934,#3935,#3936,#3937,#3938,#3939,#3940));
#1837=EDGE_LOOP('',(#3941,#3942,#3943,#3944,#3945,#3946,#3947,#3948,#3949,
#3950,#3951,#3952,#3953));
#1838=EDGE_LOOP('',(#3954,#3955,#3956,#3957,#3958,#3959,#3960,#3961,#3962,
#3963,#3964,#3965,#3966));
#1839=EDGE_LOOP('',(#3967,#3968,#3969,#3970));
#1840=EDGE_LOOP('',(#3971,#3972,#3973,#3974));
#1841=EDGE_LOOP('',(#3975,#3976,#3977,#3978));
#1842=EDGE_LOOP('',(#3979,#3980,#3981,#3982));
#1843=EDGE_LOOP('',(#3983,#3984,#3985,#3986));
#1844=EDGE_LOOP('',(#3987,#3988,#3989,#3990));
#1845=EDGE_LOOP('',(#3991,#3992,#3993,#3994));
#1846=EDGE_LOOP('',(#3995,#3996,#3997,#3998));
#1847=EDGE_LOOP('',(#3999,#4000,#4001,#4002));
#1848=EDGE_LOOP('',(#4003,#4004,#4005,#4006));
#1849=EDGE_LOOP('',(#4007,#4008,#4009,#4010));
#1850=EDGE_LOOP('',(#4011,#4012,#4013,#4014));
#1851=EDGE_LOOP('',(#4015,#4016,#4017,#4018));
#1852=EDGE_LOOP('',(#4019,#4020,#4021,#4022));
#1853=EDGE_LOOP('',(#4023,#4024,#4025,#4026));
#1854=EDGE_LOOP('',(#4027,#4028,#4029,#4030));
#1855=EDGE_LOOP('',(#4031,#4032,#4033,#4034));
#1856=EDGE_LOOP('',(#4035,#4036,#4037,#4038));
#1857=EDGE_LOOP('',(#4039,#4040,#4041,#4042));
#1858=EDGE_LOOP('',(#4043,#4044,#4045,#4046));
#1859=EDGE_LOOP('',(#4047,#4048,#4049,#4050));
#1860=EDGE_LOOP('',(#4051,#4052,#4053,#4054));
#1861=EDGE_LOOP('',(#4055,#4056,#4057,#4058));
#1862=EDGE_LOOP('',(#4059,#4060,#4061,#4062));
#1863=EDGE_LOOP('',(#4063,#4064,#4065,#4066));
#1864=EDGE_LOOP('',(#4067,#4068,#4069,#4070));
#1865=EDGE_LOOP('',(#4071,#4072,#4073,#4074,#4075,#4076,#4077,#4078,#4079,
#4080,#4081,#4082,#4083));
#1866=EDGE_LOOP('',(#4084,#4085,#4086,#4087,#4088,#4089,#4090,#4091,#4092,
#4093,#4094,#4095,#4096));
#1867=EDGE_LOOP('',(#4097,#4098,#4099,#4100,#4101,#4102,#4103,#4104,#4105,
#4106,#4107,#4108,#4109,#4110,#4111,#4112));
#1868=EDGE_LOOP('',(#4113,#4114,#4115,#4116,#4117,#4118,#4119,#4120,#4121,
#4122,#4123,#4124,#4125,#4126,#4127,#4128));
#1869=EDGE_LOOP('',(#4129,#4130,#4131,#4132));
#1870=EDGE_LOOP('',(#4133,#4134,#4135,#4136));
#1871=EDGE_LOOP('',(#4137,#4138,#4139,#4140));
#1872=EDGE_LOOP('',(#4141,#4142,#4143,#4144));
#1873=EDGE_LOOP('',(#4145,#4146,#4147,#4148));
#1874=EDGE_LOOP('',(#4149,#4150,#4151,#4152));
#1875=EDGE_LOOP('',(#4153,#4154,#4155,#4156));
#1876=EDGE_LOOP('',(#4157,#4158,#4159,#4160));
#1877=EDGE_LOOP('',(#4161,#4162,#4163,#4164));
#1878=EDGE_LOOP('',(#4165,#4166,#4167,#4168));
#1879=EDGE_LOOP('',(#4169,#4170,#4171,#4172));
#1880=EDGE_LOOP('',(#4173,#4174,#4175,#4176));
#1881=EDGE_LOOP('',(#4177,#4178,#4179,#4180));
#1882=EDGE_LOOP('',(#4181,#4182,#4183,#4184));
#1883=EDGE_LOOP('',(#4185,#4186,#4187,#4188));
#1884=EDGE_LOOP('',(#4189,#4190,#4191,#4192));
#1885=EDGE_LOOP('',(#4193,#4194,#4195,#4196));
#1886=EDGE_LOOP('',(#4197,#4198,#4199,#4200));
#1887=EDGE_LOOP('',(#4201,#4202,#4203,#4204));
#1888=EDGE_LOOP('',(#4205,#4206,#4207,#4208));
#1889=EDGE_LOOP('',(#4209,#4210,#4211,#4212));
#1890=EDGE_LOOP('',(#4213,#4214,#4215,#4216));
#1891=EDGE_LOOP('',(#4217,#4218,#4219,#4220));
#1892=EDGE_LOOP('',(#4221,#4222,#4223,#4224));
#1893=EDGE_LOOP('',(#4225,#4226,#4227,#4228));
#1894=EDGE_LOOP('',(#4229,#4230,#4231,#4232));
#1895=EDGE_LOOP('',(#4233,#4234,#4235,#4236));
#1896=EDGE_LOOP('',(#4237,#4238,#4239,#4240));
#1897=EDGE_LOOP('',(#4241,#4242,#4243,#4244,#4245,#4246,#4247,#4248,#4249,
#4250,#4251,#4252));
#1898=EDGE_LOOP('',(#4253,#4254,#4255,#4256,#4257,#4258));
#1899=EDGE_LOOP('',(#4259,#4260,#4261,#4262));
#1900=EDGE_LOOP('',(#4263,#4264,#4265,#4266));
#1901=EDGE_LOOP('',(#4267,#4268,#4269,#4270));
#1902=EDGE_LOOP('',(#4271,#4272,#4273,#4274));
#1903=EDGE_LOOP('',(#4275,#4276,#4277,#4278));
#1904=EDGE_LOOP('',(#4279,#4280,#4281,#4282));
#1905=EDGE_LOOP('',(#4283,#4284,#4285,#4286,#4287,#4288,#4289,#4290,#4291,
#4292,#4293,#4294));
#1906=EDGE_LOOP('',(#4295,#4296,#4297,#4298,#4299,#4300));
#1907=EDGE_LOOP('',(#4301,#4302,#4303,#4304,#4305,#4306));
#1908=EDGE_LOOP('',(#4307,#4308,#4309,#4310,#4311,#4312));
#1909=EDGE_LOOP('',(#4313,#4314,#4315,#4316));
#1910=EDGE_LOOP('',(#4317,#4318,#4319,#4320));
#1911=EDGE_LOOP('',(#4321,#4322,#4323,#4324));
#1912=EDGE_LOOP('',(#4325,#4326,#4327,#4328));
#1913=EDGE_LOOP('',(#4329,#4330,#4331,#4332));
#1914=EDGE_LOOP('',(#4333,#4334,#4335,#4336));
#1915=EDGE_LOOP('',(#4337,#4338,#4339,#4340));
#1916=EDGE_LOOP('',(#4341,#4342,#4343,#4344));
#1917=EDGE_LOOP('',(#4345,#4346,#4347,#4348));
#1918=EDGE_LOOP('',(#4349,#4350,#4351,#4352));
#1919=EDGE_LOOP('',(#4353,#4354,#4355,#4356));
#1920=EDGE_LOOP('',(#4357,#4358,#4359,#4360));
#1921=EDGE_LOOP('',(#4361,#4362,#4363,#4364));
#1922=EDGE_LOOP('',(#4365,#4366,#4367,#4368));
#1923=EDGE_LOOP('',(#4369,#4370,#4371,#4372,#4373,#4374,#4375,#4376));
#1924=EDGE_LOOP('',(#4377,#4378,#4379,#4380,#4381,#4382,#4383,#4384));
#1925=CIRCLE('',#4795,0.225);
#1926=CIRCLE('',#4796,0.225);
#1927=CIRCLE('',#4798,0.2);
#1928=CIRCLE('',#4799,0.4249995897331);
#1929=CIRCLE('',#4800,0.4249995897331);
#1930=CIRCLE('',#4802,0.8749999719043);
#1931=CIRCLE('',#4803,0.8749999719043);
#1932=CIRCLE('',#4805,0.05);
#1933=CIRCLE('',#4806,0.925);
#1934=CIRCLE('',#4807,0.925);
#1935=CIRCLE('',#4809,0.925);
#1936=CIRCLE('',#4811,0.875);
#1937=CIRCLE('',#4812,0.875);
#1938=CIRCLE('',#4814,0.875);
#1939=CIRCLE('',#4815,0.875);
#1940=CIRCLE('',#4817,0.925);
#1941=CIRCLE('',#4818,0.925);
#1942=CIRCLE('',#4820,0.925);
#1943=CIRCLE('',#4821,0.925);
#1944=CIRCLE('',#4823,0.05);
#1945=CIRCLE('',#4824,0.8749999547377);
#1946=CIRCLE('',#4825,0.8749999547377);
#1947=CIRCLE('',#4827,0.4249997876552);
#1948=CIRCLE('',#4828,0.4249997876552);
#1949=CIRCLE('',#4830,0.2);
#1950=CIRCLE('',#4831,0.225);
#1951=CIRCLE('',#4832,0.225);
#1952=CIRCLE('',#4835,0.225);
#1953=CIRCLE('',#4836,0.225);
#1954=CIRCLE('',#4837,0.225);
#1955=CIRCLE('',#4838,0.225);
#1956=CIRCLE('',#4839,0.225);
#1957=CIRCLE('',#4841,0.318195761176145);
#1958=CIRCLE('',#4842,0.225);
#1959=CIRCLE('',#4843,0.225);
#1960=CIRCLE('',#4844,0.225);
#1961=CIRCLE('',#4846,0.225);
#1962=CIRCLE('',#4847,0.225);
#1963=CIRCLE('',#4851,0.225);
#1964=CIRCLE('',#4852,0.225);
#1965=CIRCLE('',#4853,0.225);
#1966=CIRCLE('',#4854,0.225);
#1967=CIRCLE('',#4855,0.225);
#1968=CIRCLE('',#4857,0.318195761176145);
#1969=CIRCLE('',#4858,0.225);
#1970=CIRCLE('',#4859,0.225);
#1971=CIRCLE('',#4860,0.225);
#1972=CIRCLE('',#4862,0.225);
#1973=CIRCLE('',#4863,0.225);
#1974=VERTEX_POINT('',#5592);
#1975=VERTEX_POINT('',#5593);
#1976=VERTEX_POINT('',#5597);
#1977=VERTEX_POINT('',#5599);
#1978=VERTEX_POINT('',#5603);
#1979=VERTEX_POINT('',#5604);
#1980=VERTEX_POINT('',#5608);
#1981=VERTEX_POINT('',#5610);
#1982=VERTEX_POINT('',#5614);
#1983=VERTEX_POINT('',#5618);
#1984=VERTEX_POINT('',#5619);
#1985=VERTEX_POINT('',#5623);
#1986=VERTEX_POINT('',#5624);
#1987=VERTEX_POINT('',#5629);
#1988=VERTEX_POINT('',#5630);
#1989=VERTEX_POINT('',#5634);
#1990=VERTEX_POINT('',#5636);
#1991=VERTEX_POINT('',#5640);
#1992=VERTEX_POINT('',#5642);
#1993=VERTEX_POINT('',#5646);
#1994=VERTEX_POINT('',#5647);
#1995=VERTEX_POINT('',#5651);
#1996=VERTEX_POINT('',#5653);
#1997=VERTEX_POINT('',#5658);
#1998=VERTEX_POINT('',#5659);
#1999=VERTEX_POINT('',#5662);
#2000=VERTEX_POINT('',#5664);
#2001=VERTEX_POINT('',#5666);
#2002=VERTEX_POINT('',#5670);
#2003=VERTEX_POINT('',#5672);
#2004=VERTEX_POINT('',#5674);
#2005=VERTEX_POINT('',#5678);
#2006=VERTEX_POINT('',#5680);
#2007=VERTEX_POINT('',#5686);
#2008=VERTEX_POINT('',#5687);
#2009=VERTEX_POINT('',#5689);
#2010=VERTEX_POINT('',#5691);
#2011=VERTEX_POINT('',#5693);
#2012=VERTEX_POINT('',#5698);
#2013=VERTEX_POINT('',#5700);
#2014=VERTEX_POINT('',#5702);
#2015=VERTEX_POINT('',#5706);
#2016=VERTEX_POINT('',#5708);
#2017=VERTEX_POINT('',#5715);
#2018=VERTEX_POINT('',#5716);
#2019=VERTEX_POINT('',#5718);
#2020=VERTEX_POINT('',#5723);
#2021=VERTEX_POINT('',#5725);
#2022=VERTEX_POINT('',#5730);
#2023=VERTEX_POINT('',#5732);
#2024=VERTEX_POINT('',#5737);
#2025=VERTEX_POINT('',#5739);
#2026=VERTEX_POINT('',#5744);
#2027=VERTEX_POINT('',#5746);
#2028=VERTEX_POINT('',#5751);
#2029=VERTEX_POINT('',#5758);
#2030=VERTEX_POINT('',#5759);
#2031=VERTEX_POINT('',#5764);
#2032=VERTEX_POINT('',#5766);
#2033=VERTEX_POINT('',#5771);
#2034=VERTEX_POINT('',#5773);
#2035=VERTEX_POINT('',#5778);
#2036=VERTEX_POINT('',#5780);
#2037=VERTEX_POINT('',#5785);
#2038=VERTEX_POINT('',#5787);
#2039=VERTEX_POINT('',#5792);
#2040=VERTEX_POINT('',#5794);
#2041=VERTEX_POINT('',#5930);
#2042=VERTEX_POINT('',#5931);
#2043=VERTEX_POINT('',#5936);
#2044=VERTEX_POINT('',#5938);
#2045=VERTEX_POINT('',#5945);
#2046=VERTEX_POINT('',#5947);
#2047=VERTEX_POINT('',#5966);
#2048=VERTEX_POINT('',#5971);
#2049=VERTEX_POINT('',#5978);
#2050=VERTEX_POINT('',#5980);
#2051=VERTEX_POINT('',#5999);
#2052=VERTEX_POINT('',#6004);
#2053=VERTEX_POINT('',#6011);
#2054=VERTEX_POINT('',#6013);
#2055=VERTEX_POINT('',#6032);
#2056=VERTEX_POINT('',#6037);
#2057=VERTEX_POINT('',#6049);
#2058=VERTEX_POINT('',#6050);
#2059=VERTEX_POINT('',#6055);
#2060=VERTEX_POINT('',#6057);
#2061=VERTEX_POINT('',#6062);
#2062=VERTEX_POINT('',#6067);
#2063=VERTEX_POINT('',#6074);
#2064=VERTEX_POINT('',#6075);
#2065=VERTEX_POINT('',#6080);
#2066=VERTEX_POINT('',#6085);
#2067=VERTEX_POINT('',#6087);
#2068=VERTEX_POINT('',#6092);
#2069=VERTEX_POINT('',#6186);
#2070=VERTEX_POINT('',#6187);
#2071=VERTEX_POINT('',#6192);
#2072=VERTEX_POINT('',#6194);
#2073=VERTEX_POINT('',#6240);
#2074=VERTEX_POINT('',#6251);
#2075=VERTEX_POINT('',#6279);
#2076=VERTEX_POINT('',#6284);
#2077=VERTEX_POINT('',#6306);
#2078=VERTEX_POINT('',#6311);
#2079=VERTEX_POINT('',#6333);
#2080=VERTEX_POINT('',#6338);
#2081=VERTEX_POINT('',#6405);
#2082=VERTEX_POINT('',#6406);
#2083=VERTEX_POINT('',#6411);
#2084=VERTEX_POINT('',#6416);
#2085=VERTEX_POINT('',#6427);
#2086=VERTEX_POINT('',#6432);
#2087=VERTEX_POINT('',#6463);
#2088=VERTEX_POINT('',#6464);
#2089=VERTEX_POINT('',#6487);
#2090=VERTEX_POINT('',#6533);
#2091=VERTEX_POINT('',#6561);
#2092=VERTEX_POINT('',#6583);
#2093=VERTEX_POINT('',#6641);
#2094=VERTEX_POINT('',#6642);
#2095=VERTEX_POINT('',#6647);
#2096=VERTEX_POINT('',#6652);
#2097=VERTEX_POINT('',#6657);
#2098=VERTEX_POINT('',#6662);
#2099=VERTEX_POINT('',#6667);
#2100=VERTEX_POINT('',#6669);
#2101=VERTEX_POINT('',#6674);
#2102=VERTEX_POINT('',#6679);
#2103=VERTEX_POINT('',#6681);
#2104=VERTEX_POINT('',#6692);
#2105=VERTEX_POINT('',#6693);
#2106=VERTEX_POINT('',#6698);
#2107=VERTEX_POINT('',#6704);
#2108=VERTEX_POINT('',#6709);
#2109=VERTEX_POINT('',#6711);
#2110=VERTEX_POINT('',#6716);
#2111=VERTEX_POINT('',#6721);
#2112=VERTEX_POINT('',#6723);
#2113=VERTEX_POINT('',#6728);
#2114=VERTEX_POINT('',#6733);
#2115=VERTEX_POINT('',#6904);
#2116=VERTEX_POINT('',#6905);
#2117=VERTEX_POINT('',#6907);
#2118=VERTEX_POINT('',#6909);
#2119=VERTEX_POINT('',#6928);
#2120=VERTEX_POINT('',#6933);
#2121=VERTEX_POINT('',#6955);
#2122=VERTEX_POINT('',#6960);
#2123=VERTEX_POINT('',#6982);
#2124=VERTEX_POINT('',#6987);
#2125=VERTEX_POINT('',#7009);
#2126=VERTEX_POINT('',#7014);
#2127=VERTEX_POINT('',#7036);
#2128=VERTEX_POINT('',#7041);
#2129=VERTEX_POINT('',#7063);
#2130=VERTEX_POINT('',#7068);
#2131=VERTEX_POINT('',#7075);
#2132=VERTEX_POINT('',#7077);
#2133=VERTEX_POINT('',#7096);
#2134=VERTEX_POINT('',#7101);
#2135=VERTEX_POINT('',#7123);
#2136=VERTEX_POINT('',#7128);
#2137=VERTEX_POINT('',#7150);
#2138=VERTEX_POINT('',#7155);
#2139=VERTEX_POINT('',#7177);
#2140=VERTEX_POINT('',#7182);
#2141=VERTEX_POINT('',#7228);
#2142=VERTEX_POINT('',#7239);
#2143=VERTEX_POINT('',#7267);
#2144=VERTEX_POINT('',#7272);
#2145=VERTEX_POINT('',#7279);
#2146=VERTEX_POINT('',#7281);
#2147=VERTEX_POINT('',#7314);
#2148=VERTEX_POINT('',#7315);
#2149=VERTEX_POINT('',#7320);
#2150=VERTEX_POINT('',#7322);
#2151=VERTEX_POINT('',#7327);
#2152=VERTEX_POINT('',#7332);
#2153=VERTEX_POINT('',#7334);
#2154=VERTEX_POINT('',#7341);
#2155=VERTEX_POINT('',#7342);
#2156=VERTEX_POINT('',#7347);
#2157=VERTEX_POINT('',#7349);
#2158=VERTEX_POINT('',#7354);
#2159=VERTEX_POINT('',#7356);
#2160=VERTEX_POINT('',#7361);
#2161=VERTEX_POINT('',#7457);
#2162=VERTEX_POINT('',#7458);
#2163=VERTEX_POINT('',#7463);
#2164=VERTEX_POINT('',#7465);
#2165=VERTEX_POINT('',#7487);
#2166=VERTEX_POINT('',#7492);
#2167=VERTEX_POINT('',#7514);
#2168=VERTEX_POINT('',#7519);
#2169=VERTEX_POINT('',#7541);
#2170=VERTEX_POINT('',#7546);
#2171=VERTEX_POINT('',#7553);
#2172=VERTEX_POINT('',#7555);
#2173=VERTEX_POINT('',#7574);
#2174=VERTEX_POINT('',#7579);
#2175=VERTEX_POINT('',#7586);
#2176=VERTEX_POINT('',#7588);
#2177=VERTEX_POINT('',#7607);
#2178=VERTEX_POINT('',#7612);
#2179=VERTEX_POINT('',#7619);
#2180=VERTEX_POINT('',#7621);
#2181=VERTEX_POINT('',#7640);
#2182=VERTEX_POINT('',#7645);
#2183=VERTEX_POINT('',#7652);
#2184=VERTEX_POINT('',#7654);
#2185=VERTEX_POINT('',#7673);
#2186=VERTEX_POINT('',#7678);
#2187=VERTEX_POINT('',#7685);
#2188=VERTEX_POINT('',#7687);
#2189=VERTEX_POINT('',#7706);
#2190=VERTEX_POINT('',#7711);
#2191=VERTEX_POINT('',#7733);
#2192=VERTEX_POINT('',#7738);
#2193=VERTEX_POINT('',#7760);
#2194=VERTEX_POINT('',#7765);
#2195=VERTEX_POINT('',#7787);
#2196=VERTEX_POINT('',#7792);
#2197=VERTEX_POINT('',#7814);
#2198=VERTEX_POINT('',#7819);
#2199=VERTEX_POINT('',#7841);
#2200=VERTEX_POINT('',#7846);
#2201=VERTEX_POINT('',#7868);
#2202=VERTEX_POINT('',#7873);
#2203=VERTEX_POINT('',#7888);
#2204=VERTEX_POINT('',#7889);
#2205=VERTEX_POINT('',#7894);
#2206=VERTEX_POINT('',#7896);
#2207=VERTEX_POINT('',#7903);
#2208=VERTEX_POINT('',#7904);
#2209=VERTEX_POINT('',#7909);
#2210=VERTEX_POINT('',#7911);
#2211=VERTEX_POINT('',#7956);
#2212=VERTEX_POINT('',#7957);
#2213=VERTEX_POINT('',#7959);
#2214=VERTEX_POINT('',#7961);
#2215=VERTEX_POINT('',#7980);
#2216=VERTEX_POINT('',#7985);
#2217=VERTEX_POINT('',#7992);
#2218=VERTEX_POINT('',#7994);
#2219=VERTEX_POINT('',#8024);
#2220=VERTEX_POINT('',#8025);
#2221=VERTEX_POINT('',#8030);
#2222=VERTEX_POINT('',#8032);
#2223=VERTEX_POINT('',#8039);
#2224=VERTEX_POINT('',#8040);
#2225=VERTEX_POINT('',#8045);
#2226=VERTEX_POINT('',#8047);
#2227=VERTEX_POINT('',#8115);
#2228=VERTEX_POINT('',#8116);
#2229=VERTEX_POINT('',#8123);
#2230=VERTEX_POINT('',#8125);
#2231=VERTEX_POINT('',#8149);
#2232=VERTEX_POINT('',#8154);
#2233=VERTEX_POINT('',#8176);
#2234=VERTEX_POINT('',#8181);
#2235=VERTEX_POINT('',#8203);
#2236=VERTEX_POINT('',#8208);
#2237=VERTEX_POINT('',#8215);
#2238=VERTEX_POINT('',#8217);
#2239=VERTEX_POINT('',#8236);
#2240=VERTEX_POINT('',#8241);
#2241=VERTEX_POINT('',#8248);
#2242=VERTEX_POINT('',#8250);
#2243=VERTEX_POINT('',#8269);
#2244=VERTEX_POINT('',#8274);
#2245=VERTEX_POINT('',#8281);
#2246=VERTEX_POINT('',#8283);
#2247=VERTEX_POINT('',#8302);
#2248=VERTEX_POINT('',#8307);
#2249=VERTEX_POINT('',#8314);
#2250=VERTEX_POINT('',#8316);
#2251=VERTEX_POINT('',#8335);
#2252=VERTEX_POINT('',#8340);
#2253=VERTEX_POINT('',#8347);
#2254=VERTEX_POINT('',#8349);
#2255=VERTEX_POINT('',#8368);
#2256=VERTEX_POINT('',#8373);
#2257=VERTEX_POINT('',#8395);
#2258=VERTEX_POINT('',#8400);
#2259=VERTEX_POINT('',#8422);
#2260=VERTEX_POINT('',#8427);
#2261=VERTEX_POINT('',#8449);
#2262=VERTEX_POINT('',#8454);
#2263=VERTEX_POINT('',#8476);
#2264=VERTEX_POINT('',#8481);
#2265=VERTEX_POINT('',#8503);
#2266=VERTEX_POINT('',#8508);
#2267=VERTEX_POINT('',#8530);
#2268=VERTEX_POINT('',#8535);
#2269=VERTEX_POINT('',#8550);
#2270=VERTEX_POINT('',#8551);
#2271=VERTEX_POINT('',#8553);
#2272=VERTEX_POINT('',#8564);
#2273=VERTEX_POINT('',#8575);
#2274=VERTEX_POINT('',#8580);
#2275=VERTEX_POINT('',#8586);
#2276=VERTEX_POINT('',#8591);
#2277=VERTEX_POINT('',#8596);
#2278=VERTEX_POINT('',#8607);
#2279=VERTEX_POINT('',#8612);
#2280=VERTEX_POINT('',#8617);
#2281=VERTEX_POINT('',#8622);
#2282=VERTEX_POINT('',#8636);
#2283=VERTEX_POINT('',#8637);
#2284=VERTEX_POINT('',#8642);
#2285=VERTEX_POINT('',#8651);
#2286=VERTEX_POINT('',#8656);
#2287=VERTEX_POINT('',#8661);
#2288=VERTEX_POINT('',#8666);
#2289=VERTEX_POINT('',#8671);
#2290=VERTEX_POINT('',#8682);
#2291=VERTEX_POINT('',#8687);
#2292=VERTEX_POINT('',#8692);
#2293=VERTEX_POINT('',#8698);
#2294=VERTEX_POINT('',#8703);
#2295=VERTEX_POINT('',#9038);
#2296=VERTEX_POINT('',#9039);
#2297=VERTEX_POINT('',#9044);
#2298=VERTEX_POINT('',#9046);
#2299=VERTEX_POINT('',#9068);
#2300=VERTEX_POINT('',#9073);
#2301=VERTEX_POINT('',#9119);
#2302=VERTEX_POINT('',#9130);
#2303=VERTEX_POINT('',#9158);
#2304=VERTEX_POINT('',#9163);
#2305=VERTEX_POINT('',#9189);
#2306=VERTEX_POINT('',#9195);
#2307=VERTEX_POINT('',#9218);
#2308=VERTEX_POINT('',#9223);
#2309=VERTEX_POINT('',#9269);
#2310=VERTEX_POINT('',#9280);
#2311=VERTEX_POINT('',#9332);
#2312=VERTEX_POINT('',#9343);
#2313=VERTEX_POINT('',#9371);
#2314=VERTEX_POINT('',#9376);
#2315=VERTEX_POINT('',#9398);
#2316=VERTEX_POINT('',#9403);
#2317=VERTEX_POINT('',#9425);
#2318=VERTEX_POINT('',#9430);
#2319=VERTEX_POINT('',#9452);
#2320=VERTEX_POINT('',#9457);
#2321=VERTEX_POINT('',#9514);
#2322=VERTEX_POINT('',#9515);
#2323=VERTEX_POINT('',#9520);
#2324=VERTEX_POINT('',#9522);
#2325=VERTEX_POINT('',#9527);
#2326=VERTEX_POINT('',#9532);
#2327=VERTEX_POINT('',#9537);
#2328=VERTEX_POINT('',#9542);
#2329=VERTEX_POINT('',#9547);
#2330=VERTEX_POINT('',#9552);
#2331=VERTEX_POINT('',#9554);
#2332=VERTEX_POINT('',#9559);
#2333=VERTEX_POINT('',#9564);
#2334=VERTEX_POINT('',#9569);
#2335=VERTEX_POINT('',#9574);
#2336=VERTEX_POINT('',#9585);
#2337=VERTEX_POINT('',#9592);
#2338=VERTEX_POINT('',#9593);
#2339=VERTEX_POINT('',#9598);
#2340=VERTEX_POINT('',#9600);
#2341=VERTEX_POINT('',#9605);
#2342=VERTEX_POINT('',#9616);
#2343=VERTEX_POINT('',#9621);
#2344=VERTEX_POINT('',#9626);
#2345=VERTEX_POINT('',#9631);
#2346=VERTEX_POINT('',#9636);
#2347=VERTEX_POINT('',#9638);
#2348=VERTEX_POINT('',#9643);
#2349=VERTEX_POINT('',#9648);
#2350=VERTEX_POINT('',#9653);
#2351=VERTEX_POINT('',#9658);
#2352=VERTEX_POINT('',#9663);
#2353=VERTEX_POINT('',#9936);
#2354=VERTEX_POINT('',#9937);
#2355=VERTEX_POINT('',#9942);
#2356=VERTEX_POINT('',#9944);
#2357=VERTEX_POINT('',#9966);
#2358=VERTEX_POINT('',#9971);
#2359=VERTEX_POINT('',#9993);
#2360=VERTEX_POINT('',#9998);
#2361=VERTEX_POINT('',#10020);
#2362=VERTEX_POINT('',#10025);
#2363=VERTEX_POINT('',#10047);
#2364=VERTEX_POINT('',#10052);
#2365=VERTEX_POINT('',#10098);
#2366=VERTEX_POINT('',#10109);
#2367=VERTEX_POINT('',#10161);
#2368=VERTEX_POINT('',#10172);
#2369=VERTEX_POINT('',#10200);
#2370=VERTEX_POINT('',#10205);
#2371=VERTEX_POINT('',#10227);
#2372=VERTEX_POINT('',#10232);
#2373=VERTEX_POINT('',#10254);
#2374=VERTEX_POINT('',#10259);
#2375=VERTEX_POINT('',#10281);
#2376=VERTEX_POINT('',#10286);
#2377=VERTEX_POINT('',#10296);
#2378=VERTEX_POINT('',#10297);
#2379=VERTEX_POINT('',#10299);
#2380=VERTEX_POINT('',#10310);
#2381=VERTEX_POINT('',#10315);
#2382=VERTEX_POINT('',#10320);
#2383=VERTEX_POINT('',#10366);
#2384=VERTEX_POINT('',#10367);
#2385=VERTEX_POINT('',#10396);
#2386=VERTEX_POINT('',#10418);
#2387=VERTEX_POINT('',#10440);
#2388=VERTEX_POINT('',#10447);
#2389=VERTEX_POINT('',#10454);
#2390=VERTEX_POINT('',#10455);
#2391=VERTEX_POINT('',#10460);
#2392=VERTEX_POINT('',#10465);
#2393=VERTEX_POINT('',#10467);
#2394=VERTEX_POINT('',#10472);
#2395=VERTEX_POINT('',#10479);
#2396=VERTEX_POINT('',#10480);
#2397=VERTEX_POINT('',#10485);
#2398=VERTEX_POINT('',#10487);
#2399=VERTEX_POINT('',#10492);
#2400=VERTEX_POINT('',#10497);
#2401=VERTEX_POINT('',#10591);
#2402=VERTEX_POINT('',#10592);
#2403=VERTEX_POINT('',#10597);
#2404=VERTEX_POINT('',#10599);
#2405=VERTEX_POINT('',#10606);
#2406=VERTEX_POINT('',#10608);
#2407=VERTEX_POINT('',#10627);
#2408=VERTEX_POINT('',#10632);
#2409=VERTEX_POINT('',#10654);
#2410=VERTEX_POINT('',#10659);
#2411=VERTEX_POINT('',#10666);
#2412=VERTEX_POINT('',#10668);
#2413=VERTEX_POINT('',#10695);
#2414=VERTEX_POINT('',#10702);
#2415=VERTEX_POINT('',#10726);
#2416=VERTEX_POINT('',#10731);
#2417=EDGE_CURVE('',#1974,#1975,#1925,.T.);
#2418=EDGE_CURVE('',#1975,#1974,#1926,.T.);
#2419=EDGE_CURVE('',#1975,#1976,#1927,.T.);
#2420=EDGE_CURVE('',#1976,#1977,#1928,.T.);
#2421=EDGE_CURVE('',#1977,#1976,#1929,.T.);
#2422=EDGE_CURVE('',#1978,#1979,#1930,.T.);
#2423=EDGE_CURVE('',#1979,#1978,#1931,.T.);
#2424=EDGE_CURVE('',#1979,#1980,#1932,.T.);
#2425=EDGE_CURVE('',#1981,#1980,#1933,.T.);
#2426=EDGE_CURVE('',#1980,#1981,#1934,.T.);
#2427=EDGE_CURVE('',#1981,#1982,#750,.T.);
#2428=EDGE_CURVE('',#1982,#1982,#1935,.T.);
#2429=EDGE_CURVE('',#1983,#1984,#1936,.T.);
#2430=EDGE_CURVE('',#1984,#1983,#1937,.T.);
#2431=EDGE_CURVE('',#1985,#1986,#1938,.T.);
#2432=EDGE_CURVE('',#1986,#1984,#751,.T.);
#2433=EDGE_CURVE('',#1986,#1985,#1939,.T.);
#2434=EDGE_CURVE('',#1987,#1988,#1940,.T.);
#2435=EDGE_CURVE('',#1988,#1987,#1941,.T.);
#2436=EDGE_CURVE('',#1988,#1989,#752,.T.);
#2437=EDGE_CURVE('',#1990,#1989,#1942,.T.);
#2438=EDGE_CURVE('',#1989,#1990,#1943,.T.);
#2439=EDGE_CURVE('',#1990,#1991,#1944,.T.);
#2440=EDGE_CURVE('',#1992,#1991,#1945,.T.);
#2441=EDGE_CURVE('',#1991,#1992,#1946,.T.);
#2442=EDGE_CURVE('',#1993,#1994,#1947,.T.);
#2443=EDGE_CURVE('',#1994,#1993,#1948,.T.);
#2444=EDGE_CURVE('',#1994,#1995,#1949,.T.);
#2445=EDGE_CURVE('',#1995,#1996,#1950,.T.);
#2446=EDGE_CURVE('',#1996,#1995,#1951,.T.);
#2447=EDGE_CURVE('',#1997,#1998,#1952,.T.);
#2448=EDGE_CURVE('',#1998,#1997,#1953,.T.);
#2449=EDGE_CURVE('',#1998,#1999,#753,.T.);
#2450=EDGE_CURVE('',#1999,#2000,#1954,.T.);
#2451=EDGE_CURVE('',#2000,#2001,#1955,.T.);
#2452=EDGE_CURVE('',#2001,#1999,#1956,.T.);
#2453=EDGE_CURVE('',#2000,#2002,#1957,.T.);
#2454=EDGE_CURVE('',#2002,#2003,#1958,.T.);
#2455=EDGE_CURVE('',#2003,#2004,#1959,.T.);
#2456=EDGE_CURVE('',#2004,#2002,#1960,.T.);
#2457=EDGE_CURVE('',#2004,#2005,#754,.T.);
#2458=EDGE_CURVE('',#2005,#2006,#1961,.T.);
#2459=EDGE_CURVE('',#2006,#2005,#1962,.T.);
#2460=EDGE_CURVE('',#2007,#2008,#1963,.T.);
#2461=EDGE_CURVE('',#2008,#2009,#755,.T.);
#2462=EDGE_CURVE('',#2010,#2009,#1964,.T.);
#2463=EDGE_CURVE('',#2011,#2010,#1965,.T.);
#2464=EDGE_CURVE('',#2009,#2011,#1966,.T.);
#2465=EDGE_CURVE('',#2008,#2007,#1967,.T.);
#2466=EDGE_CURVE('',#2011,#2012,#1968,.T.);
#2467=EDGE_CURVE('',#2013,#2012,#1969,.T.);
#2468=EDGE_CURVE('',#2014,#2013,#1970,.T.);
#2469=EDGE_CURVE('',#2012,#2014,#1971,.T.);
#2470=EDGE_CURVE('',#2013,#2015,#756,.T.);
#2471=EDGE_CURVE('',#2016,#2015,#1972,.T.);
#2472=EDGE_CURVE('',#2015,#2016,#1973,.T.);
#2473=EDGE_CURVE('',#2017,#2018,#757,.T.);
#2474=EDGE_CURVE('',#2018,#2019,#175,.T.);
#2475=EDGE_CURVE('',#2019,#2020,#758,.T.);
#2476=EDGE_CURVE('',#2020,#2021,#176,.T.);
#2477=EDGE_CURVE('',#2021,#2022,#759,.T.);
#2478=EDGE_CURVE('',#2022,#2023,#177,.T.);
#2479=EDGE_CURVE('',#2023,#2024,#760,.T.);
#2480=EDGE_CURVE('',#2024,#2025,#178,.T.);
#2481=EDGE_CURVE('',#2025,#2026,#761,.T.);
#2482=EDGE_CURVE('',#2026,#2027,#179,.T.);
#2483=EDGE_CURVE('',#2027,#2028,#762,.T.);
#2484=EDGE_CURVE('',#2028,#2017,#180,.T.);
#2485=EDGE_CURVE('',#2029,#2030,#181,.T.);
#2486=EDGE_CURVE('',#2030,#2031,#763,.T.);
#2487=EDGE_CURVE('',#2031,#2032,#182,.T.);
#2488=EDGE_CURVE('',#2032,#2033,#764,.T.);
#2489=EDGE_CURVE('',#2033,#2034,#183,.T.);
#2490=EDGE_CURVE('',#2034,#2035,#765,.T.);
#2491=EDGE_CURVE('',#2035,#2036,#184,.T.);
#2492=EDGE_CURVE('',#2036,#2037,#766,.T.);
#2493=EDGE_CURVE('',#2037,#2038,#185,.T.);
#2494=EDGE_CURVE('',#2038,#2039,#767,.T.);
#2495=EDGE_CURVE('',#2039,#2040,#186,.T.);
#2496=EDGE_CURVE('',#2040,#2029,#768,.T.);
#2497=EDGE_CURVE('',#2028,#2030,#769,.T.);
#2498=EDGE_CURVE('',#2017,#2029,#770,.T.);
#2499=EDGE_CURVE('',#2027,#2031,#771,.T.);
#2500=EDGE_CURVE('',#2026,#2032,#772,.T.);
#2501=EDGE_CURVE('',#2025,#2033,#773,.T.);
#2502=EDGE_CURVE('',#2024,#2034,#774,.T.);
#2503=EDGE_CURVE('',#2023,#2035,#775,.T.);
#2504=EDGE_CURVE('',#2022,#2036,#776,.T.);
#2505=EDGE_CURVE('',#2021,#2037,#777,.T.);
#2506=EDGE_CURVE('',#2020,#2038,#778,.T.);
#2507=EDGE_CURVE('',#2019,#2039,#779,.T.);
#2508=EDGE_CURVE('',#2018,#2040,#780,.T.);
#2509=EDGE_CURVE('',#2041,#2042,#187,.T.);
#2510=EDGE_CURVE('',#2041,#2043,#781,.T.);
#2511=EDGE_CURVE('',#2044,#2043,#188,.T.);
#2512=EDGE_CURVE('',#2042,#2044,#782,.T.);
#2513=EDGE_CURVE('',#2042,#2045,#783,.T.);
#2514=EDGE_CURVE('',#2046,#2044,#784,.T.);
#2515=EDGE_CURVE('',#2045,#2046,#785,.T.);
#2516=EDGE_CURVE('',#2045,#2047,#189,.T.);
#2517=EDGE_CURVE('',#2048,#2046,#190,.T.);
#2518=EDGE_CURVE('',#2047,#2048,#786,.T.);
#2519=EDGE_CURVE('',#2047,#2049,#787,.T.);
#2520=EDGE_CURVE('',#2050,#2048,#788,.T.);
#2521=EDGE_CURVE('',#2049,#2050,#789,.T.);
#2522=EDGE_CURVE('',#2049,#2051,#191,.T.);
#2523=EDGE_CURVE('',#2052,#2050,#192,.T.);
#2524=EDGE_CURVE('',#2051,#2052,#790,.T.);
#2525=EDGE_CURVE('',#2051,#2053,#791,.T.);
#2526=EDGE_CURVE('',#2054,#2052,#792,.T.);
#2527=EDGE_CURVE('',#2053,#2054,#793,.T.);
#2528=EDGE_CURVE('',#2053,#2055,#193,.T.);
#2529=EDGE_CURVE('',#2056,#2054,#194,.T.);
#2530=EDGE_CURVE('',#2055,#2056,#794,.T.);
#2531=EDGE_CURVE('',#2055,#2041,#795,.T.);
#2532=EDGE_CURVE('',#2043,#2056,#796,.T.);
#2533=EDGE_CURVE('',#2057,#2058,#195,.T.);
#2534=EDGE_CURVE('',#2058,#2059,#797,.T.);
#2535=EDGE_CURVE('',#2059,#2060,#196,.T.);
#2536=EDGE_CURVE('',#2060,#2061,#197,.T.);
#2537=EDGE_CURVE('',#2061,#2062,#798,.T.);
#2538=EDGE_CURVE('',#2062,#2057,#198,.T.);
#2539=EDGE_CURVE('',#2063,#2064,#199,.T.);
#2540=EDGE_CURVE('',#2064,#2065,#200,.T.);
#2541=EDGE_CURVE('',#2065,#2066,#799,.T.);
#2542=EDGE_CURVE('',#2066,#2067,#201,.T.);
#2543=EDGE_CURVE('',#2067,#2068,#202,.T.);
#2544=EDGE_CURVE('',#2068,#2063,#800,.T.);
#2545=EDGE_CURVE('',#2057,#2064,#801,.T.);
#2546=EDGE_CURVE('',#2058,#2063,#802,.T.);
#2547=EDGE_CURVE('',#2062,#2065,#803,.T.);
#2548=EDGE_CURVE('',#2061,#2066,#804,.T.);
#2549=EDGE_CURVE('',#2060,#2067,#805,.T.);
#2550=EDGE_CURVE('',#2059,#2068,#806,.T.);
#2551=EDGE_CURVE('',#2069,#2070,#203,.T.);
#2552=EDGE_CURVE('',#2069,#2071,#807,.T.);
#2553=EDGE_CURVE('',#2072,#2071,#204,.T.);
#2554=EDGE_CURVE('',#2070,#2072,#808,.T.);
#2555=EDGE_CURVE('',#2070,#2073,#205,.T.);
#2556=EDGE_CURVE('',#2074,#2072,#206,.T.);
#2557=EDGE_CURVE('',#2073,#2074,#809,.T.);
#2558=EDGE_CURVE('',#2073,#2075,#207,.T.);
#2559=EDGE_CURVE('',#2076,#2074,#208,.T.);
#2560=EDGE_CURVE('',#2075,#2076,#810,.T.);
#2561=EDGE_CURVE('',#2075,#2077,#209,.T.);
#2562=EDGE_CURVE('',#2078,#2076,#210,.T.);
#2563=EDGE_CURVE('',#2077,#2078,#811,.T.);
#2564=EDGE_CURVE('',#2077,#2079,#211,.T.);
#2565=EDGE_CURVE('',#2080,#2078,#212,.T.);
#2566=EDGE_CURVE('',#2079,#2080,#812,.T.);
#2567=EDGE_CURVE('',#2079,#2069,#213,.T.);
#2568=EDGE_CURVE('',#2071,#2080,#214,.T.);
#2569=EDGE_CURVE('',#2081,#2082,#215,.T.);
#2570=EDGE_CURVE('',#2082,#2083,#216,.T.);
#2571=EDGE_CURVE('',#2083,#2084,#217,.T.);
#2572=EDGE_CURVE('',#2084,#2085,#218,.T.);
#2573=EDGE_CURVE('',#2085,#2086,#219,.T.);
#2574=EDGE_CURVE('',#2086,#2081,#220,.T.);
#2575=EDGE_CURVE('',#2087,#2088,#221,.T.);
#2576=EDGE_CURVE('',#2087,#2082,#813,.T.);
#2577=EDGE_CURVE('',#2088,#2081,#814,.T.);
#2578=EDGE_CURVE('',#2089,#2087,#222,.T.);
#2579=EDGE_CURVE('',#2089,#2083,#815,.T.);
#2580=EDGE_CURVE('',#2090,#2089,#223,.T.);
#2581=EDGE_CURVE('',#2090,#2084,#816,.T.);
#2582=EDGE_CURVE('',#2091,#2090,#224,.T.);
#2583=EDGE_CURVE('',#2091,#2085,#817,.T.);
#2584=EDGE_CURVE('',#2092,#2091,#225,.T.);
#2585=EDGE_CURVE('',#2092,#2086,#818,.T.);
#2586=EDGE_CURVE('',#2088,#2092,#226,.T.);
#2587=EDGE_CURVE('',#2093,#2094,#227,.T.);
#2588=EDGE_CURVE('',#2094,#2095,#228,.T.);
#2589=EDGE_CURVE('',#2095,#2096,#229,.T.);
#2590=EDGE_CURVE('',#2096,#2097,#230,.T.);
#2591=EDGE_CURVE('',#2097,#2098,#231,.T.);
#2592=EDGE_CURVE('',#2098,#2099,#819,.T.);
#2593=EDGE_CURVE('',#2099,#2100,#232,.T.);
#2594=EDGE_CURVE('',#2100,#2101,#233,.T.);
#2595=EDGE_CURVE('',#2101,#2102,#820,.T.);
#2596=EDGE_CURVE('',#2102,#2103,#234,.T.);
#2597=EDGE_CURVE('',#2103,#2093,#235,.T.);
#2598=EDGE_CURVE('',#2104,#2105,#236,.T.);
#2599=EDGE_CURVE('',#2105,#2106,#237,.T.);
#2600=EDGE_CURVE('',#2106,#2107,#238,.T.);
#2601=EDGE_CURVE('',#2107,#2108,#821,.T.);
#2602=EDGE_CURVE('',#2108,#2109,#239,.T.);
#2603=EDGE_CURVE('',#2109,#2110,#240,.T.);
#2604=EDGE_CURVE('',#2110,#2111,#822,.T.);
#2605=EDGE_CURVE('',#2111,#2112,#241,.T.);
#2606=EDGE_CURVE('',#2112,#2113,#242,.T.);
#2607=EDGE_CURVE('',#2113,#2114,#243,.T.);
#2608=EDGE_CURVE('',#2114,#2104,#244,.T.);
#2609=EDGE_CURVE('',#2093,#2105,#823,.T.);
#2610=EDGE_CURVE('',#2094,#2104,#824,.T.);
#2611=EDGE_CURVE('',#2103,#2106,#825,.T.);
#2612=EDGE_CURVE('',#2102,#2107,#826,.T.);
#2613=EDGE_CURVE('',#2101,#2108,#827,.T.);
#2614=EDGE_CURVE('',#2100,#2109,#828,.T.);
#2615=EDGE_CURVE('',#2099,#2110,#829,.T.);
#2616=EDGE_CURVE('',#2098,#2111,#830,.T.);
#2617=EDGE_CURVE('',#2097,#2112,#831,.T.);
#2618=EDGE_CURVE('',#2096,#2113,#832,.T.);
#2619=EDGE_CURVE('',#2095,#2114,#833,.T.);
#2620=EDGE_CURVE('',#2115,#2116,#834,.T.);
#2621=EDGE_CURVE('',#2115,#2117,#835,.T.);
#2622=EDGE_CURVE('',#2118,#2117,#836,.T.);
#2623=EDGE_CURVE('',#2116,#2118,#837,.T.);
#2624=EDGE_CURVE('',#2116,#2119,#245,.T.);
#2625=EDGE_CURVE('',#2120,#2118,#246,.T.);
#2626=EDGE_CURVE('',#2119,#2120,#838,.T.);
#2627=EDGE_CURVE('',#2119,#2121,#247,.T.);
#2628=EDGE_CURVE('',#2122,#2120,#248,.T.);
#2629=EDGE_CURVE('',#2121,#2122,#839,.T.);
#2630=EDGE_CURVE('',#2121,#2123,#249,.T.);
#2631=EDGE_CURVE('',#2124,#2122,#250,.T.);
#2632=EDGE_CURVE('',#2123,#2124,#840,.T.);
#2633=EDGE_CURVE('',#2123,#2125,#251,.T.);
#2634=EDGE_CURVE('',#2126,#2124,#252,.T.);
#2635=EDGE_CURVE('',#2125,#2126,#841,.T.);
#2636=EDGE_CURVE('',#2125,#2127,#253,.T.);
#2637=EDGE_CURVE('',#2128,#2126,#254,.T.);
#2638=EDGE_CURVE('',#2127,#2128,#842,.T.);
#2639=EDGE_CURVE('',#2127,#2129,#255,.T.);
#2640=EDGE_CURVE('',#2130,#2128,#256,.T.);
#2641=EDGE_CURVE('',#2129,#2130,#843,.T.);
#2642=EDGE_CURVE('',#2129,#2131,#844,.T.);
#2643=EDGE_CURVE('',#2132,#2130,#845,.T.);
#2644=EDGE_CURVE('',#2131,#2132,#846,.T.);
#2645=EDGE_CURVE('',#2131,#2133,#257,.T.);
#2646=EDGE_CURVE('',#2134,#2132,#258,.T.);
#2647=EDGE_CURVE('',#2133,#2134,#847,.T.);
#2648=EDGE_CURVE('',#2133,#2135,#259,.T.);
#2649=EDGE_CURVE('',#2136,#2134,#260,.T.);
#2650=EDGE_CURVE('',#2135,#2136,#848,.T.);
#2651=EDGE_CURVE('',#2135,#2137,#261,.T.);
#2652=EDGE_CURVE('',#2138,#2136,#262,.T.);
#2653=EDGE_CURVE('',#2137,#2138,#849,.T.);
#2654=EDGE_CURVE('',#2137,#2139,#263,.T.);
#2655=EDGE_CURVE('',#2140,#2138,#264,.T.);
#2656=EDGE_CURVE('',#2139,#2140,#850,.T.);
#2657=EDGE_CURVE('',#2139,#2141,#265,.T.);
#2658=EDGE_CURVE('',#2142,#2140,#266,.T.);
#2659=EDGE_CURVE('',#2141,#2142,#851,.T.);
#2660=EDGE_CURVE('',#2141,#2143,#267,.T.);
#2661=EDGE_CURVE('',#2144,#2142,#268,.T.);
#2662=EDGE_CURVE('',#2143,#2144,#852,.T.);
#2663=EDGE_CURVE('',#2143,#2145,#853,.T.);
#2664=EDGE_CURVE('',#2146,#2144,#269,.T.);
#2665=EDGE_CURVE('',#2145,#2146,#854,.T.);
#2666=EDGE_CURVE('',#2145,#2115,#270,.T.);
#2667=EDGE_CURVE('',#2117,#2146,#271,.T.);
#2668=EDGE_CURVE('',#2147,#2148,#272,.T.);
#2669=EDGE_CURVE('',#2148,#2149,#855,.T.);
#2670=EDGE_CURVE('',#2149,#2150,#273,.T.);
#2671=EDGE_CURVE('',#2150,#2151,#274,.T.);
#2672=EDGE_CURVE('',#2151,#2152,#856,.T.);
#2673=EDGE_CURVE('',#2152,#2153,#275,.T.);
#2674=EDGE_CURVE('',#2153,#2147,#857,.T.);
#2675=EDGE_CURVE('',#2154,#2155,#276,.T.);
#2676=EDGE_CURVE('',#2155,#2156,#858,.T.);
#2677=EDGE_CURVE('',#2156,#2157,#277,.T.);
#2678=EDGE_CURVE('',#2157,#2158,#859,.T.);
#2679=EDGE_CURVE('',#2158,#2159,#278,.T.);
#2680=EDGE_CURVE('',#2159,#2160,#279,.T.);
#2681=EDGE_CURVE('',#2160,#2154,#860,.T.);
#2682=EDGE_CURVE('',#2147,#2155,#861,.T.);
#2683=EDGE_CURVE('',#2148,#2154,#862,.T.);
#2684=EDGE_CURVE('',#2153,#2156,#863,.T.);
#2685=EDGE_CURVE('',#2152,#2157,#864,.T.);
#2686=EDGE_CURVE('',#2151,#2158,#865,.T.);
#2687=EDGE_CURVE('',#2150,#2159,#866,.T.);
#2688=EDGE_CURVE('',#2149,#2160,#867,.T.);
#2689=EDGE_CURVE('',#2161,#2162,#280,.T.);
#2690=EDGE_CURVE('',#2161,#2163,#868,.T.);
#2691=EDGE_CURVE('',#2164,#2163,#281,.T.);
#2692=EDGE_CURVE('',#2162,#2164,#869,.T.);
#2693=EDGE_CURVE('',#2162,#2165,#282,.T.);
#2694=EDGE_CURVE('',#2166,#2164,#283,.T.);
#2695=EDGE_CURVE('',#2165,#2166,#870,.T.);
#2696=EDGE_CURVE('',#2165,#2167,#284,.T.);
#2697=EDGE_CURVE('',#2168,#2166,#285,.T.);
#2698=EDGE_CURVE('',#2167,#2168,#871,.T.);
#2699=EDGE_CURVE('',#2167,#2169,#286,.T.);
#2700=EDGE_CURVE('',#2170,#2168,#287,.T.);
#2701=EDGE_CURVE('',#2169,#2170,#872,.T.);
#2702=EDGE_CURVE('',#2169,#2171,#873,.T.);
#2703=EDGE_CURVE('',#2172,#2170,#874,.T.);
#2704=EDGE_CURVE('',#2171,#2172,#875,.T.);
#2705=EDGE_CURVE('',#2171,#2173,#288,.T.);
#2706=EDGE_CURVE('',#2174,#2172,#289,.T.);
#2707=EDGE_CURVE('',#2173,#2174,#876,.T.);
#2708=EDGE_CURVE('',#2173,#2175,#877,.T.);
#2709=EDGE_CURVE('',#2176,#2174,#878,.T.);
#2710=EDGE_CURVE('',#2175,#2176,#879,.T.);
#2711=EDGE_CURVE('',#2175,#2177,#290,.T.);
#2712=EDGE_CURVE('',#2178,#2176,#291,.T.);
#2713=EDGE_CURVE('',#2177,#2178,#880,.T.);
#2714=EDGE_CURVE('',#2177,#2179,#881,.T.);
#2715=EDGE_CURVE('',#2180,#2178,#882,.T.);
#2716=EDGE_CURVE('',#2179,#2180,#883,.T.);
#2717=EDGE_CURVE('',#2179,#2181,#292,.T.);
#2718=EDGE_CURVE('',#2182,#2180,#293,.T.);
#2719=EDGE_CURVE('',#2181,#2182,#884,.T.);
#2720=EDGE_CURVE('',#2181,#2183,#885,.T.);
#2721=EDGE_CURVE('',#2184,#2182,#886,.T.);
#2722=EDGE_CURVE('',#2183,#2184,#887,.T.);
#2723=EDGE_CURVE('',#2183,#2185,#294,.T.);
#2724=EDGE_CURVE('',#2186,#2184,#295,.T.);
#2725=EDGE_CURVE('',#2185,#2186,#888,.T.);
#2726=EDGE_CURVE('',#2185,#2187,#889,.T.);
#2727=EDGE_CURVE('',#2188,#2186,#890,.T.);
#2728=EDGE_CURVE('',#2187,#2188,#891,.T.);
#2729=EDGE_CURVE('',#2187,#2189,#296,.T.);
#2730=EDGE_CURVE('',#2190,#2188,#297,.T.);
#2731=EDGE_CURVE('',#2189,#2190,#892,.T.);
#2732=EDGE_CURVE('',#2189,#2191,#298,.T.);
#2733=EDGE_CURVE('',#2192,#2190,#299,.T.);
#2734=EDGE_CURVE('',#2191,#2192,#893,.T.);
#2735=EDGE_CURVE('',#2191,#2193,#300,.T.);
#2736=EDGE_CURVE('',#2194,#2192,#301,.T.);
#2737=EDGE_CURVE('',#2193,#2194,#894,.T.);
#2738=EDGE_CURVE('',#2193,#2195,#302,.T.);
#2739=EDGE_CURVE('',#2196,#2194,#303,.T.);
#2740=EDGE_CURVE('',#2195,#2196,#895,.T.);
#2741=EDGE_CURVE('',#2195,#2197,#304,.T.);
#2742=EDGE_CURVE('',#2198,#2196,#305,.T.);
#2743=EDGE_CURVE('',#2197,#2198,#896,.T.);
#2744=EDGE_CURVE('',#2197,#2199,#306,.T.);
#2745=EDGE_CURVE('',#2200,#2198,#307,.T.);
#2746=EDGE_CURVE('',#2199,#2200,#897,.T.);
#2747=EDGE_CURVE('',#2199,#2201,#308,.T.);
#2748=EDGE_CURVE('',#2202,#2200,#309,.T.);
#2749=EDGE_CURVE('',#2201,#2202,#898,.T.);
#2750=EDGE_CURVE('',#2201,#2161,#19,.T.);
#2751=EDGE_CURVE('',#2163,#2202,#310,.T.);
#2752=EDGE_CURVE('',#2203,#2204,#311,.T.);
#2753=EDGE_CURVE('',#2204,#2205,#899,.T.);
#2754=EDGE_CURVE('',#2205,#2206,#312,.T.);
#2755=EDGE_CURVE('',#2206,#2203,#900,.T.);
#2756=EDGE_CURVE('',#2207,#2208,#313,.T.);
#2757=EDGE_CURVE('',#2208,#2209,#901,.T.);
#2758=EDGE_CURVE('',#2209,#2210,#314,.T.);
#2759=EDGE_CURVE('',#2210,#2207,#902,.T.);
#2760=EDGE_CURVE('',#2203,#2208,#903,.T.);
#2761=EDGE_CURVE('',#2204,#2207,#904,.T.);
#2762=EDGE_CURVE('',#2206,#2209,#905,.T.);
#2763=EDGE_CURVE('',#2205,#2210,#906,.T.);
#2764=EDGE_CURVE('',#2211,#2212,#907,.T.);
#2765=EDGE_CURVE('',#2211,#2213,#908,.T.);
#2766=EDGE_CURVE('',#2214,#2213,#909,.T.);
#2767=EDGE_CURVE('',#2212,#2214,#910,.T.);
#2768=EDGE_CURVE('',#2212,#2215,#315,.T.);
#2769=EDGE_CURVE('',#2216,#2214,#316,.T.);
#2770=EDGE_CURVE('',#2215,#2216,#911,.T.);
#2771=EDGE_CURVE('',#2215,#2217,#912,.T.);
#2772=EDGE_CURVE('',#2218,#2216,#913,.T.);
#2773=EDGE_CURVE('',#2217,#2218,#914,.T.);
#2774=EDGE_CURVE('',#2217,#2211,#317,.T.);
#2775=EDGE_CURVE('',#2213,#2218,#318,.T.);
#2776=EDGE_CURVE('',#2219,#2220,#319,.T.);
#2777=EDGE_CURVE('',#2220,#2221,#915,.T.);
#2778=EDGE_CURVE('',#2221,#2222,#320,.T.);
#2779=EDGE_CURVE('',#2222,#2219,#916,.T.);
#2780=EDGE_CURVE('',#2223,#2224,#321,.T.);
#2781=EDGE_CURVE('',#2224,#2225,#917,.T.);
#2782=EDGE_CURVE('',#2225,#2226,#322,.T.);
#2783=EDGE_CURVE('',#2226,#2223,#918,.T.);
#2784=EDGE_CURVE('',#2219,#2224,#919,.T.);
#2785=EDGE_CURVE('',#2220,#2223,#920,.T.);
#2786=EDGE_CURVE('',#2222,#2225,#921,.T.);
#2787=EDGE_CURVE('',#2221,#2226,#922,.T.);
#2788=EDGE_CURVE('',#2227,#2228,#323,.T.);
#2789=EDGE_CURVE('',#2227,#2229,#923,.T.);
#2790=EDGE_CURVE('',#2230,#2229,#324,.T.);
#2791=EDGE_CURVE('',#2228,#2230,#924,.T.);
#2792=EDGE_CURVE('',#2228,#2231,#325,.T.);
#2793=EDGE_CURVE('',#2232,#2230,#326,.T.);
#2794=EDGE_CURVE('',#2231,#2232,#925,.T.);
#2795=EDGE_CURVE('',#2231,#2233,#327,.T.);
#2796=EDGE_CURVE('',#2234,#2232,#328,.T.);
#2797=EDGE_CURVE('',#2233,#2234,#926,.T.);
#2798=EDGE_CURVE('',#2233,#2235,#329,.T.);
#2799=EDGE_CURVE('',#2236,#2234,#330,.T.);
#2800=EDGE_CURVE('',#2235,#2236,#927,.T.);
#2801=EDGE_CURVE('',#2235,#2237,#928,.T.);
#2802=EDGE_CURVE('',#2238,#2236,#929,.T.);
#2803=EDGE_CURVE('',#2237,#2238,#930,.T.);
#2804=EDGE_CURVE('',#2237,#2239,#331,.T.);
#2805=EDGE_CURVE('',#2240,#2238,#332,.T.);
#2806=EDGE_CURVE('',#2239,#2240,#931,.T.);
#2807=EDGE_CURVE('',#2239,#2241,#932,.T.);
#2808=EDGE_CURVE('',#2242,#2240,#933,.T.);
#2809=EDGE_CURVE('',#2241,#2242,#934,.T.);
#2810=EDGE_CURVE('',#2241,#2243,#333,.T.);
#2811=EDGE_CURVE('',#2244,#2242,#334,.T.);
#2812=EDGE_CURVE('',#2243,#2244,#935,.T.);
#2813=EDGE_CURVE('',#2243,#2245,#936,.T.);
#2814=EDGE_CURVE('',#2246,#2244,#937,.T.);
#2815=EDGE_CURVE('',#2245,#2246,#938,.T.);
#2816=EDGE_CURVE('',#2245,#2247,#335,.T.);
#2817=EDGE_CURVE('',#2248,#2246,#336,.T.);
#2818=EDGE_CURVE('',#2247,#2248,#939,.T.);
#2819=EDGE_CURVE('',#2247,#2249,#940,.T.);
#2820=EDGE_CURVE('',#2250,#2248,#941,.T.);
#2821=EDGE_CURVE('',#2249,#2250,#942,.T.);
#2822=EDGE_CURVE('',#2249,#2251,#337,.T.);
#2823=EDGE_CURVE('',#2252,#2250,#338,.T.);
#2824=EDGE_CURVE('',#2251,#2252,#943,.T.);
#2825=EDGE_CURVE('',#2251,#2253,#944,.T.);
#2826=EDGE_CURVE('',#2254,#2252,#945,.T.);
#2827=EDGE_CURVE('',#2253,#2254,#946,.T.);
#2828=EDGE_CURVE('',#2253,#2255,#339,.T.);
#2829=EDGE_CURVE('',#2256,#2254,#340,.T.);
#2830=EDGE_CURVE('',#2255,#2256,#947,.T.);
#2831=EDGE_CURVE('',#2255,#2257,#341,.T.);
#2832=EDGE_CURVE('',#2258,#2256,#342,.T.);
#2833=EDGE_CURVE('',#2257,#2258,#948,.T.);
#2834=EDGE_CURVE('',#2257,#2259,#343,.T.);
#2835=EDGE_CURVE('',#2260,#2258,#344,.T.);
#2836=EDGE_CURVE('',#2259,#2260,#949,.T.);
#2837=EDGE_CURVE('',#2259,#2261,#345,.T.);
#2838=EDGE_CURVE('',#2262,#2260,#346,.T.);
#2839=EDGE_CURVE('',#2261,#2262,#950,.T.);
#2840=EDGE_CURVE('',#2261,#2263,#347,.T.);
#2841=EDGE_CURVE('',#2264,#2262,#348,.T.);
#2842=EDGE_CURVE('',#2263,#2264,#951,.T.);
#2843=EDGE_CURVE('',#2263,#2265,#349,.T.);
#2844=EDGE_CURVE('',#2266,#2264,#350,.T.);
#2845=EDGE_CURVE('',#2265,#2266,#952,.T.);
#2846=EDGE_CURVE('',#2265,#2267,#351,.T.);
#2847=EDGE_CURVE('',#2268,#2266,#352,.T.);
#2848=EDGE_CURVE('',#2267,#2268,#953,.T.);
#2849=EDGE_CURVE('',#2267,#2227,#20,.T.);
#2850=EDGE_CURVE('',#2229,#2268,#353,.T.);
#2851=EDGE_CURVE('',#2269,#2270,#21,.T.);
#2852=EDGE_CURVE('',#2270,#2271,#354,.T.);
#2853=EDGE_CURVE('',#2271,#2272,#355,.T.);
#2854=EDGE_CURVE('',#2272,#2273,#356,.T.);
#2855=EDGE_CURVE('',#2273,#2274,#357,.T.);
#2856=EDGE_CURVE('',#2274,#2275,#358,.T.);
#2857=EDGE_CURVE('',#2275,#2276,#359,.T.);
#2858=EDGE_CURVE('',#2276,#2277,#360,.T.);
#2859=EDGE_CURVE('',#2277,#2278,#361,.T.);
#2860=EDGE_CURVE('',#2278,#2279,#362,.T.);
#2861=EDGE_CURVE('',#2279,#2280,#363,.T.);
#2862=EDGE_CURVE('',#2280,#2281,#364,.T.);
#2863=EDGE_CURVE('',#2281,#2269,#365,.T.);
#2864=EDGE_CURVE('',#2282,#2283,#366,.T.);
#2865=EDGE_CURVE('',#2283,#2284,#367,.T.);
#2866=EDGE_CURVE('',#2284,#2285,#368,.T.);
#2867=EDGE_CURVE('',#2285,#2286,#369,.T.);
#2868=EDGE_CURVE('',#2286,#2287,#370,.T.);
#2869=EDGE_CURVE('',#2287,#2288,#371,.T.);
#2870=EDGE_CURVE('',#2288,#2289,#372,.T.);
#2871=EDGE_CURVE('',#2289,#2290,#373,.T.);
#2872=EDGE_CURVE('',#2290,#2291,#374,.T.);
#2873=EDGE_CURVE('',#2291,#2292,#375,.T.);
#2874=EDGE_CURVE('',#2292,#2293,#376,.T.);
#2875=EDGE_CURVE('',#2293,#2294,#377,.T.);
#2876=EDGE_CURVE('',#2294,#2282,#378,.T.);
#2877=EDGE_CURVE('',#2269,#2283,#954,.T.);
#2878=EDGE_CURVE('',#2270,#2282,#955,.T.);
#2879=EDGE_CURVE('',#2281,#2284,#956,.T.);
#2880=EDGE_CURVE('',#2280,#2285,#957,.T.);
#2881=EDGE_CURVE('',#2279,#2286,#958,.T.);
#2882=EDGE_CURVE('',#2278,#2287,#959,.T.);
#2883=EDGE_CURVE('',#2277,#2288,#960,.T.);
#2884=EDGE_CURVE('',#2276,#2289,#961,.T.);
#2885=EDGE_CURVE('',#2275,#2290,#962,.T.);
#2886=EDGE_CURVE('',#2274,#2291,#963,.T.);
#2887=EDGE_CURVE('',#2273,#2292,#964,.T.);
#2888=EDGE_CURVE('',#2272,#2293,#965,.T.);
#2889=EDGE_CURVE('',#2271,#2294,#966,.T.);
#2890=EDGE_CURVE('',#2295,#2296,#379,.T.);
#2891=EDGE_CURVE('',#2295,#2297,#967,.T.);
#2892=EDGE_CURVE('',#2298,#2297,#380,.T.);
#2893=EDGE_CURVE('',#2296,#2298,#968,.T.);
#2894=EDGE_CURVE('',#2296,#2299,#381,.T.);
#2895=EDGE_CURVE('',#2300,#2298,#382,.T.);
#2896=EDGE_CURVE('',#2299,#2300,#969,.T.);
#2897=EDGE_CURVE('',#2299,#2301,#383,.T.);
#2898=EDGE_CURVE('',#2302,#2300,#384,.T.);
#2899=EDGE_CURVE('',#2301,#2302,#970,.T.);
#2900=EDGE_CURVE('',#2301,#2303,#385,.T.);
#2901=EDGE_CURVE('',#2304,#2302,#386,.T.);
#2902=EDGE_CURVE('',#2303,#2304,#971,.T.);
#2903=EDGE_CURVE('',#2303,#2305,#387,.T.);
#2904=EDGE_CURVE('',#2306,#2304,#388,.T.);
#2905=EDGE_CURVE('',#2305,#2306,#972,.T.);
#2906=EDGE_CURVE('',#2305,#2307,#389,.T.);
#2907=EDGE_CURVE('',#2308,#2306,#390,.T.);
#2908=EDGE_CURVE('',#2307,#2308,#973,.T.);
#2909=EDGE_CURVE('',#2307,#2309,#391,.T.);
#2910=EDGE_CURVE('',#2310,#2308,#392,.T.);
#2911=EDGE_CURVE('',#2309,#2310,#974,.T.);
#2912=EDGE_CURVE('',#2309,#2311,#393,.T.);
#2913=EDGE_CURVE('',#2312,#2310,#394,.T.);
#2914=EDGE_CURVE('',#2311,#2312,#975,.T.);
#2915=EDGE_CURVE('',#2311,#2313,#395,.T.);
#2916=EDGE_CURVE('',#2314,#2312,#396,.T.);
#2917=EDGE_CURVE('',#2313,#2314,#976,.T.);
#2918=EDGE_CURVE('',#2313,#2315,#397,.T.);
#2919=EDGE_CURVE('',#2316,#2314,#398,.T.);
#2920=EDGE_CURVE('',#2315,#2316,#977,.T.);
#2921=EDGE_CURVE('',#2315,#2317,#399,.T.);
#2922=EDGE_CURVE('',#2318,#2316,#400,.T.);
#2923=EDGE_CURVE('',#2317,#2318,#978,.T.);
#2924=EDGE_CURVE('',#2317,#2319,#401,.T.);
#2925=EDGE_CURVE('',#2320,#2318,#402,.T.);
#2926=EDGE_CURVE('',#2319,#2320,#979,.T.);
#2927=EDGE_CURVE('',#2319,#2295,#403,.T.);
#2928=EDGE_CURVE('',#2297,#2320,#404,.T.);
#2929=EDGE_CURVE('',#2321,#2322,#405,.T.);
#2930=EDGE_CURVE('',#2322,#2323,#980,.T.);
#2931=EDGE_CURVE('',#2323,#2324,#406,.T.);
#2932=EDGE_CURVE('',#2324,#2325,#407,.T.);
#2933=EDGE_CURVE('',#2325,#2326,#408,.T.);
#2934=EDGE_CURVE('',#2326,#2327,#409,.T.);
#2935=EDGE_CURVE('',#2327,#2328,#410,.T.);
#2936=EDGE_CURVE('',#2328,#2329,#411,.T.);
#2937=EDGE_CURVE('',#2329,#2330,#981,.T.);
#2938=EDGE_CURVE('',#2330,#2331,#412,.T.);
#2939=EDGE_CURVE('',#2331,#2332,#413,.T.);
#2940=EDGE_CURVE('',#2332,#2333,#414,.T.);
#2941=EDGE_CURVE('',#2333,#2334,#415,.T.);
#2942=EDGE_CURVE('',#2334,#2335,#416,.T.);
#2943=EDGE_CURVE('',#2335,#2336,#417,.T.);
#2944=EDGE_CURVE('',#2336,#2321,#982,.T.);
#2945=EDGE_CURVE('',#2337,#2338,#418,.T.);
#2946=EDGE_CURVE('',#2338,#2339,#983,.T.);
#2947=EDGE_CURVE('',#2339,#2340,#419,.T.);
#2948=EDGE_CURVE('',#2340,#2341,#420,.T.);
#2949=EDGE_CURVE('',#2341,#2342,#421,.T.);
#2950=EDGE_CURVE('',#2342,#2343,#422,.T.);
#2951=EDGE_CURVE('',#2343,#2344,#423,.T.);
#2952=EDGE_CURVE('',#2344,#2345,#424,.T.);
#2953=EDGE_CURVE('',#2345,#2346,#984,.T.);
#2954=EDGE_CURVE('',#2346,#2347,#425,.T.);
#2955=EDGE_CURVE('',#2347,#2348,#426,.T.);
#2956=EDGE_CURVE('',#2348,#2349,#427,.T.);
#2957=EDGE_CURVE('',#2349,#2350,#428,.T.);
#2958=EDGE_CURVE('',#2350,#2351,#429,.T.);
#2959=EDGE_CURVE('',#2351,#2352,#430,.T.);
#2960=EDGE_CURVE('',#2352,#2337,#985,.T.);
#2961=EDGE_CURVE('',#2321,#2338,#986,.T.);
#2962=EDGE_CURVE('',#2322,#2337,#987,.T.);
#2963=EDGE_CURVE('',#2336,#2339,#988,.T.);
#2964=EDGE_CURVE('',#2335,#2340,#989,.T.);
#2965=EDGE_CURVE('',#2334,#2341,#990,.T.);
#2966=EDGE_CURVE('',#2333,#2342,#991,.T.);
#2967=EDGE_CURVE('',#2332,#2343,#992,.T.);
#2968=EDGE_CURVE('',#2331,#2344,#993,.T.);
#2969=EDGE_CURVE('',#2330,#2345,#994,.T.);
#2970=EDGE_CURVE('',#2329,#2346,#995,.T.);
#2971=EDGE_CURVE('',#2328,#2347,#996,.T.);
#2972=EDGE_CURVE('',#2327,#2348,#997,.T.);
#2973=EDGE_CURVE('',#2326,#2349,#998,.T.);
#2974=EDGE_CURVE('',#2325,#2350,#999,.T.);
#2975=EDGE_CURVE('',#2324,#2351,#1000,.T.);
#2976=EDGE_CURVE('',#2323,#2352,#1001,.T.);
#2977=EDGE_CURVE('',#2353,#2354,#431,.T.);
#2978=EDGE_CURVE('',#2353,#2355,#1002,.T.);
#2979=EDGE_CURVE('',#2356,#2355,#432,.T.);
#2980=EDGE_CURVE('',#2354,#2356,#1003,.T.);
#2981=EDGE_CURVE('',#2354,#2357,#433,.T.);
#2982=EDGE_CURVE('',#2358,#2356,#434,.T.);
#2983=EDGE_CURVE('',#2357,#2358,#1004,.T.);
#2984=EDGE_CURVE('',#2357,#2359,#435,.T.);
#2985=EDGE_CURVE('',#2360,#2358,#436,.T.);
#2986=EDGE_CURVE('',#2359,#2360,#1005,.T.);
#2987=EDGE_CURVE('',#2359,#2361,#437,.T.);
#2988=EDGE_CURVE('',#2362,#2360,#438,.T.);
#2989=EDGE_CURVE('',#2361,#2362,#1006,.T.);
#2990=EDGE_CURVE('',#2361,#2363,#439,.T.);
#2991=EDGE_CURVE('',#2364,#2362,#440,.T.);
#2992=EDGE_CURVE('',#2363,#2364,#1007,.T.);
#2993=EDGE_CURVE('',#2363,#2365,#441,.T.);
#2994=EDGE_CURVE('',#2366,#2364,#442,.T.);
#2995=EDGE_CURVE('',#2365,#2366,#1008,.T.);
#2996=EDGE_CURVE('',#2365,#2367,#443,.T.);
#2997=EDGE_CURVE('',#2368,#2366,#444,.T.);
#2998=EDGE_CURVE('',#2367,#2368,#1009,.T.);
#2999=EDGE_CURVE('',#2367,#2369,#445,.T.);
#3000=EDGE_CURVE('',#2370,#2368,#446,.T.);
#3001=EDGE_CURVE('',#2369,#2370,#1010,.T.);
#3002=EDGE_CURVE('',#2369,#2371,#447,.T.);
#3003=EDGE_CURVE('',#2372,#2370,#448,.T.);
#3004=EDGE_CURVE('',#2371,#2372,#1011,.T.);
#3005=EDGE_CURVE('',#2371,#2373,#449,.T.);
#3006=EDGE_CURVE('',#2374,#2372,#450,.T.);
#3007=EDGE_CURVE('',#2373,#2374,#1012,.T.);
#3008=EDGE_CURVE('',#2373,#2375,#451,.T.);
#3009=EDGE_CURVE('',#2376,#2374,#452,.T.);
#3010=EDGE_CURVE('',#2375,#2376,#1013,.T.);
#3011=EDGE_CURVE('',#2375,#2353,#1014,.T.);
#3012=EDGE_CURVE('',#2355,#2376,#1015,.T.);
#3013=EDGE_CURVE('',#2377,#2378,#22,.T.);
#3014=EDGE_CURVE('',#2378,#2379,#453,.T.);
#3015=EDGE_CURVE('',#2379,#2380,#454,.T.);
#3016=EDGE_CURVE('',#2380,#2381,#455,.T.);
#3017=EDGE_CURVE('',#2381,#2382,#456,.T.);
#3018=EDGE_CURVE('',#2382,#2377,#1016,.T.);
#3019=EDGE_CURVE('',#2383,#2384,#457,.T.);
#3020=EDGE_CURVE('',#2383,#2379,#1017,.T.);
#3021=EDGE_CURVE('',#2384,#2378,#1018,.T.);
#3022=EDGE_CURVE('',#2385,#2383,#458,.T.);
#3023=EDGE_CURVE('',#2385,#2380,#1019,.T.);
#3024=EDGE_CURVE('',#2386,#2385,#459,.T.);
#3025=EDGE_CURVE('',#2386,#2381,#1020,.T.);
#3026=EDGE_CURVE('',#2387,#2386,#460,.T.);
#3027=EDGE_CURVE('',#2387,#2382,#1021,.T.);
#3028=EDGE_CURVE('',#2388,#2387,#1022,.T.);
#3029=EDGE_CURVE('',#2388,#2377,#1023,.T.);
#3030=EDGE_CURVE('',#2384,#2388,#23,.T.);
#3031=EDGE_CURVE('',#2389,#2390,#461,.T.);
#3032=EDGE_CURVE('',#2390,#2391,#462,.T.);
#3033=EDGE_CURVE('',#2391,#2392,#1024,.T.);
#3034=EDGE_CURVE('',#2392,#2393,#463,.T.);
#3035=EDGE_CURVE('',#2393,#2394,#464,.T.);
#3036=EDGE_CURVE('',#2394,#2389,#1025,.T.);
#3037=EDGE_CURVE('',#2395,#2396,#465,.T.);
#3038=EDGE_CURVE('',#2396,#2397,#1026,.T.);
#3039=EDGE_CURVE('',#2397,#2398,#466,.T.);
#3040=EDGE_CURVE('',#2398,#2399,#467,.T.);
#3041=EDGE_CURVE('',#2399,#2400,#1027,.T.);
#3042=EDGE_CURVE('',#2400,#2395,#468,.T.);
#3043=EDGE_CURVE('',#2389,#2396,#1028,.T.);
#3044=EDGE_CURVE('',#2390,#2395,#1029,.T.);
#3045=EDGE_CURVE('',#2394,#2397,#1030,.T.);
#3046=EDGE_CURVE('',#2393,#2398,#1031,.T.);
#3047=EDGE_CURVE('',#2392,#2399,#1032,.T.);
#3048=EDGE_CURVE('',#2391,#2400,#1033,.T.);
#3049=EDGE_CURVE('',#2401,#2402,#469,.T.);
#3050=EDGE_CURVE('',#2401,#2403,#1034,.T.);
#3051=EDGE_CURVE('',#2404,#2403,#470,.T.);
#3052=EDGE_CURVE('',#2402,#2404,#1035,.T.);
#3053=EDGE_CURVE('',#2402,#2405,#1036,.T.);
#3054=EDGE_CURVE('',#2406,#2404,#1037,.T.);
#3055=EDGE_CURVE('',#2405,#2406,#1038,.T.);
#3056=EDGE_CURVE('',#2405,#2407,#471,.T.);
#3057=EDGE_CURVE('',#2408,#2406,#472,.T.);
#3058=EDGE_CURVE('',#2407,#2408,#1039,.T.);
#3059=EDGE_CURVE('',#2407,#2409,#473,.T.);
#3060=EDGE_CURVE('',#2410,#2408,#474,.T.);
#3061=EDGE_CURVE('',#2409,#2410,#1040,.T.);
#3062=EDGE_CURVE('',#2409,#2411,#1041,.T.);
#3063=EDGE_CURVE('',#2412,#2410,#1042,.T.);
#3064=EDGE_CURVE('',#2411,#2412,#1043,.T.);
#3065=EDGE_CURVE('',#2411,#2413,#475,.T.);
#3066=EDGE_CURVE('',#2414,#2412,#476,.T.);
#3067=EDGE_CURVE('',#2413,#2414,#1044,.T.);
#3068=EDGE_CURVE('',#2413,#2415,#477,.T.);
#3069=EDGE_CURVE('',#2416,#2414,#478,.T.);
#3070=EDGE_CURVE('',#2415,#2416,#1045,.T.);
#3071=EDGE_CURVE('',#2415,#2401,#479,.T.);
#3072=EDGE_CURVE('',#2403,#2416,#480,.T.);
#3073=ORIENTED_EDGE('',*,*,#2417,.T.);
#3074=ORIENTED_EDGE('',*,*,#2418,.T.);
#3075=ORIENTED_EDGE('',*,*,#2417,.F.);
#3076=ORIENTED_EDGE('',*,*,#2418,.F.);
#3077=ORIENTED_EDGE('',*,*,#2419,.T.);
#3078=ORIENTED_EDGE('',*,*,#2420,.T.);
#3079=ORIENTED_EDGE('',*,*,#2421,.T.);
#3080=ORIENTED_EDGE('',*,*,#2419,.F.);
#3081=ORIENTED_EDGE('',*,*,#2422,.F.);
#3082=ORIENTED_EDGE('',*,*,#2423,.F.);
#3083=ORIENTED_EDGE('',*,*,#2421,.F.);
#3084=ORIENTED_EDGE('',*,*,#2420,.F.);
#3085=ORIENTED_EDGE('',*,*,#2422,.T.);
#3086=ORIENTED_EDGE('',*,*,#2424,.T.);
#3087=ORIENTED_EDGE('',*,*,#2425,.F.);
#3088=ORIENTED_EDGE('',*,*,#2426,.F.);
#3089=ORIENTED_EDGE('',*,*,#2424,.F.);
#3090=ORIENTED_EDGE('',*,*,#2423,.T.);
#3091=ORIENTED_EDGE('',*,*,#2425,.T.);
#3092=ORIENTED_EDGE('',*,*,#2426,.T.);
#3093=ORIENTED_EDGE('',*,*,#2427,.T.);
#3094=ORIENTED_EDGE('',*,*,#2428,.T.);
#3095=ORIENTED_EDGE('',*,*,#2427,.F.);
#3096=ORIENTED_EDGE('',*,*,#2428,.F.);
#3097=ORIENTED_EDGE('',*,*,#2429,.F.);
#3098=ORIENTED_EDGE('',*,*,#2430,.F.);
#3099=ORIENTED_EDGE('',*,*,#2431,.T.);
#3100=ORIENTED_EDGE('',*,*,#2432,.T.);
#3101=ORIENTED_EDGE('',*,*,#2430,.T.);
#3102=ORIENTED_EDGE('',*,*,#2429,.T.);
#3103=ORIENTED_EDGE('',*,*,#2432,.F.);
#3104=ORIENTED_EDGE('',*,*,#2433,.T.);
#3105=ORIENTED_EDGE('',*,*,#2434,.T.);
#3106=ORIENTED_EDGE('',*,*,#2435,.T.);
#3107=ORIENTED_EDGE('',*,*,#2431,.F.);
#3108=ORIENTED_EDGE('',*,*,#2433,.F.);
#3109=ORIENTED_EDGE('',*,*,#2434,.F.);
#3110=ORIENTED_EDGE('',*,*,#2435,.F.);
#3111=ORIENTED_EDGE('',*,*,#2436,.T.);
#3112=ORIENTED_EDGE('',*,*,#2437,.F.);
#3113=ORIENTED_EDGE('',*,*,#2438,.F.);
#3114=ORIENTED_EDGE('',*,*,#2436,.F.);
#3115=ORIENTED_EDGE('',*,*,#2438,.T.);
#3116=ORIENTED_EDGE('',*,*,#2439,.T.);
#3117=ORIENTED_EDGE('',*,*,#2440,.F.);
#3118=ORIENTED_EDGE('',*,*,#2441,.F.);
#3119=ORIENTED_EDGE('',*,*,#2439,.F.);
#3120=ORIENTED_EDGE('',*,*,#2437,.T.);
#3121=ORIENTED_EDGE('',*,*,#2440,.T.);
#3122=ORIENTED_EDGE('',*,*,#2441,.T.);
#3123=ORIENTED_EDGE('',*,*,#2442,.T.);
#3124=ORIENTED_EDGE('',*,*,#2443,.T.);
#3125=ORIENTED_EDGE('',*,*,#2442,.F.);
#3126=ORIENTED_EDGE('',*,*,#2443,.F.);
#3127=ORIENTED_EDGE('',*,*,#2444,.T.);
#3128=ORIENTED_EDGE('',*,*,#2445,.T.);
#3129=ORIENTED_EDGE('',*,*,#2446,.T.);
#3130=ORIENTED_EDGE('',*,*,#2444,.F.);
#3131=ORIENTED_EDGE('',*,*,#2446,.F.);
#3132=ORIENTED_EDGE('',*,*,#2445,.F.);
#3133=ORIENTED_EDGE('',*,*,#2447,.F.);
#3134=ORIENTED_EDGE('',*,*,#2448,.F.);
#3135=ORIENTED_EDGE('',*,*,#2449,.T.);
#3136=ORIENTED_EDGE('',*,*,#2450,.T.);
#3137=ORIENTED_EDGE('',*,*,#2451,.T.);
#3138=ORIENTED_EDGE('',*,*,#2452,.T.);
#3139=ORIENTED_EDGE('',*,*,#2449,.F.);
#3140=ORIENTED_EDGE('',*,*,#2452,.F.);
#3141=ORIENTED_EDGE('',*,*,#2451,.F.);
#3142=ORIENTED_EDGE('',*,*,#2453,.T.);
#3143=ORIENTED_EDGE('',*,*,#2454,.T.);
#3144=ORIENTED_EDGE('',*,*,#2455,.T.);
#3145=ORIENTED_EDGE('',*,*,#2456,.T.);
#3146=ORIENTED_EDGE('',*,*,#2453,.F.);
#3147=ORIENTED_EDGE('',*,*,#2450,.F.);
#3148=ORIENTED_EDGE('',*,*,#2455,.F.);
#3149=ORIENTED_EDGE('',*,*,#2454,.F.);
#3150=ORIENTED_EDGE('',*,*,#2456,.F.);
#3151=ORIENTED_EDGE('',*,*,#2457,.T.);
#3152=ORIENTED_EDGE('',*,*,#2458,.T.);
#3153=ORIENTED_EDGE('',*,*,#2459,.T.);
#3154=ORIENTED_EDGE('',*,*,#2457,.F.);
#3155=ORIENTED_EDGE('',*,*,#2447,.T.);
#3156=ORIENTED_EDGE('',*,*,#2448,.T.);
#3157=ORIENTED_EDGE('',*,*,#2459,.F.);
#3158=ORIENTED_EDGE('',*,*,#2458,.F.);
#3159=ORIENTED_EDGE('',*,*,#2460,.T.);
#3160=ORIENTED_EDGE('',*,*,#2461,.T.);
#3161=ORIENTED_EDGE('',*,*,#2462,.F.);
#3162=ORIENTED_EDGE('',*,*,#2463,.F.);
#3163=ORIENTED_EDGE('',*,*,#2464,.F.);
#3164=ORIENTED_EDGE('',*,*,#2461,.F.);
#3165=ORIENTED_EDGE('',*,*,#2465,.T.);
#3166=ORIENTED_EDGE('',*,*,#2462,.T.);
#3167=ORIENTED_EDGE('',*,*,#2464,.T.);
#3168=ORIENTED_EDGE('',*,*,#2466,.T.);
#3169=ORIENTED_EDGE('',*,*,#2467,.F.);
#3170=ORIENTED_EDGE('',*,*,#2468,.F.);
#3171=ORIENTED_EDGE('',*,*,#2469,.F.);
#3172=ORIENTED_EDGE('',*,*,#2466,.F.);
#3173=ORIENTED_EDGE('',*,*,#2463,.T.);
#3174=ORIENTED_EDGE('',*,*,#2468,.T.);
#3175=ORIENTED_EDGE('',*,*,#2470,.T.);
#3176=ORIENTED_EDGE('',*,*,#2471,.F.);
#3177=ORIENTED_EDGE('',*,*,#2472,.F.);
#3178=ORIENTED_EDGE('',*,*,#2470,.F.);
#3179=ORIENTED_EDGE('',*,*,#2467,.T.);
#3180=ORIENTED_EDGE('',*,*,#2469,.T.);
#3181=ORIENTED_EDGE('',*,*,#2460,.F.);
#3182=ORIENTED_EDGE('',*,*,#2465,.F.);
#3183=ORIENTED_EDGE('',*,*,#2471,.T.);
#3184=ORIENTED_EDGE('',*,*,#2472,.T.);
#3185=ORIENTED_EDGE('',*,*,#2473,.T.);
#3186=ORIENTED_EDGE('',*,*,#2474,.T.);
#3187=ORIENTED_EDGE('',*,*,#2475,.T.);
#3188=ORIENTED_EDGE('',*,*,#2476,.T.);
#3189=ORIENTED_EDGE('',*,*,#2477,.T.);
#3190=ORIENTED_EDGE('',*,*,#2478,.T.);
#3191=ORIENTED_EDGE('',*,*,#2479,.T.);
#3192=ORIENTED_EDGE('',*,*,#2480,.T.);
#3193=ORIENTED_EDGE('',*,*,#2481,.T.);
#3194=ORIENTED_EDGE('',*,*,#2482,.T.);
#3195=ORIENTED_EDGE('',*,*,#2483,.T.);
#3196=ORIENTED_EDGE('',*,*,#2484,.T.);
#3197=ORIENTED_EDGE('',*,*,#2485,.T.);
#3198=ORIENTED_EDGE('',*,*,#2486,.T.);
#3199=ORIENTED_EDGE('',*,*,#2487,.T.);
#3200=ORIENTED_EDGE('',*,*,#2488,.T.);
#3201=ORIENTED_EDGE('',*,*,#2489,.T.);
#3202=ORIENTED_EDGE('',*,*,#2490,.T.);
#3203=ORIENTED_EDGE('',*,*,#2491,.T.);
#3204=ORIENTED_EDGE('',*,*,#2492,.T.);
#3205=ORIENTED_EDGE('',*,*,#2493,.T.);
#3206=ORIENTED_EDGE('',*,*,#2494,.T.);
#3207=ORIENTED_EDGE('',*,*,#2495,.T.);
#3208=ORIENTED_EDGE('',*,*,#2496,.T.);
#3209=ORIENTED_EDGE('',*,*,#2484,.F.);
#3210=ORIENTED_EDGE('',*,*,#2497,.T.);
#3211=ORIENTED_EDGE('',*,*,#2485,.F.);
#3212=ORIENTED_EDGE('',*,*,#2498,.F.);
#3213=ORIENTED_EDGE('',*,*,#2483,.F.);
#3214=ORIENTED_EDGE('',*,*,#2499,.T.);
#3215=ORIENTED_EDGE('',*,*,#2486,.F.);
#3216=ORIENTED_EDGE('',*,*,#2497,.F.);
#3217=ORIENTED_EDGE('',*,*,#2482,.F.);
#3218=ORIENTED_EDGE('',*,*,#2500,.T.);
#3219=ORIENTED_EDGE('',*,*,#2487,.F.);
#3220=ORIENTED_EDGE('',*,*,#2499,.F.);
#3221=ORIENTED_EDGE('',*,*,#2481,.F.);
#3222=ORIENTED_EDGE('',*,*,#2501,.T.);
#3223=ORIENTED_EDGE('',*,*,#2488,.F.);
#3224=ORIENTED_EDGE('',*,*,#2500,.F.);
#3225=ORIENTED_EDGE('',*,*,#2480,.F.);
#3226=ORIENTED_EDGE('',*,*,#2502,.T.);
#3227=ORIENTED_EDGE('',*,*,#2489,.F.);
#3228=ORIENTED_EDGE('',*,*,#2501,.F.);
#3229=ORIENTED_EDGE('',*,*,#2479,.F.);
#3230=ORIENTED_EDGE('',*,*,#2503,.T.);
#3231=ORIENTED_EDGE('',*,*,#2490,.F.);
#3232=ORIENTED_EDGE('',*,*,#2502,.F.);
#3233=ORIENTED_EDGE('',*,*,#2478,.F.);
#3234=ORIENTED_EDGE('',*,*,#2504,.T.);
#3235=ORIENTED_EDGE('',*,*,#2491,.F.);
#3236=ORIENTED_EDGE('',*,*,#2503,.F.);
#3237=ORIENTED_EDGE('',*,*,#2477,.F.);
#3238=ORIENTED_EDGE('',*,*,#2505,.T.);
#3239=ORIENTED_EDGE('',*,*,#2492,.F.);
#3240=ORIENTED_EDGE('',*,*,#2504,.F.);
#3241=ORIENTED_EDGE('',*,*,#2476,.F.);
#3242=ORIENTED_EDGE('',*,*,#2506,.T.);
#3243=ORIENTED_EDGE('',*,*,#2493,.F.);
#3244=ORIENTED_EDGE('',*,*,#2505,.F.);
#3245=ORIENTED_EDGE('',*,*,#2475,.F.);
#3246=ORIENTED_EDGE('',*,*,#2507,.T.);
#3247=ORIENTED_EDGE('',*,*,#2494,.F.);
#3248=ORIENTED_EDGE('',*,*,#2506,.F.);
#3249=ORIENTED_EDGE('',*,*,#2474,.F.);
#3250=ORIENTED_EDGE('',*,*,#2508,.T.);
#3251=ORIENTED_EDGE('',*,*,#2495,.F.);
#3252=ORIENTED_EDGE('',*,*,#2507,.F.);
#3253=ORIENTED_EDGE('',*,*,#2473,.F.);
#3254=ORIENTED_EDGE('',*,*,#2498,.T.);
#3255=ORIENTED_EDGE('',*,*,#2496,.F.);
#3256=ORIENTED_EDGE('',*,*,#2508,.F.);
#3257=ORIENTED_EDGE('',*,*,#2509,.F.);
#3258=ORIENTED_EDGE('',*,*,#2510,.T.);
#3259=ORIENTED_EDGE('',*,*,#2511,.F.);
#3260=ORIENTED_EDGE('',*,*,#2512,.F.);
#3261=ORIENTED_EDGE('',*,*,#2513,.F.);
#3262=ORIENTED_EDGE('',*,*,#2512,.T.);
#3263=ORIENTED_EDGE('',*,*,#2514,.F.);
#3264=ORIENTED_EDGE('',*,*,#2515,.F.);
#3265=ORIENTED_EDGE('',*,*,#2516,.F.);
#3266=ORIENTED_EDGE('',*,*,#2515,.T.);
#3267=ORIENTED_EDGE('',*,*,#2517,.F.);
#3268=ORIENTED_EDGE('',*,*,#2518,.F.);
#3269=ORIENTED_EDGE('',*,*,#2519,.F.);
#3270=ORIENTED_EDGE('',*,*,#2518,.T.);
#3271=ORIENTED_EDGE('',*,*,#2520,.F.);
#3272=ORIENTED_EDGE('',*,*,#2521,.F.);
#3273=ORIENTED_EDGE('',*,*,#2522,.F.);
#3274=ORIENTED_EDGE('',*,*,#2521,.T.);
#3275=ORIENTED_EDGE('',*,*,#2523,.F.);
#3276=ORIENTED_EDGE('',*,*,#2524,.F.);
#3277=ORIENTED_EDGE('',*,*,#2525,.F.);
#3278=ORIENTED_EDGE('',*,*,#2524,.T.);
#3279=ORIENTED_EDGE('',*,*,#2526,.F.);
#3280=ORIENTED_EDGE('',*,*,#2527,.F.);
#3281=ORIENTED_EDGE('',*,*,#2528,.F.);
#3282=ORIENTED_EDGE('',*,*,#2527,.T.);
#3283=ORIENTED_EDGE('',*,*,#2529,.F.);
#3284=ORIENTED_EDGE('',*,*,#2530,.F.);
#3285=ORIENTED_EDGE('',*,*,#2531,.F.);
#3286=ORIENTED_EDGE('',*,*,#2530,.T.);
#3287=ORIENTED_EDGE('',*,*,#2532,.F.);
#3288=ORIENTED_EDGE('',*,*,#2510,.F.);
#3289=ORIENTED_EDGE('',*,*,#2532,.T.);
#3290=ORIENTED_EDGE('',*,*,#2529,.T.);
#3291=ORIENTED_EDGE('',*,*,#2526,.T.);
#3292=ORIENTED_EDGE('',*,*,#2523,.T.);
#3293=ORIENTED_EDGE('',*,*,#2520,.T.);
#3294=ORIENTED_EDGE('',*,*,#2517,.T.);
#3295=ORIENTED_EDGE('',*,*,#2514,.T.);
#3296=ORIENTED_EDGE('',*,*,#2511,.T.);
#3297=ORIENTED_EDGE('',*,*,#2531,.T.);
#3298=ORIENTED_EDGE('',*,*,#2509,.T.);
#3299=ORIENTED_EDGE('',*,*,#2513,.T.);
#3300=ORIENTED_EDGE('',*,*,#2516,.T.);
#3301=ORIENTED_EDGE('',*,*,#2519,.T.);
#3302=ORIENTED_EDGE('',*,*,#2522,.T.);
#3303=ORIENTED_EDGE('',*,*,#2525,.T.);
#3304=ORIENTED_EDGE('',*,*,#2528,.T.);
#3305=ORIENTED_EDGE('',*,*,#2533,.T.);
#3306=ORIENTED_EDGE('',*,*,#2534,.T.);
#3307=ORIENTED_EDGE('',*,*,#2535,.T.);
#3308=ORIENTED_EDGE('',*,*,#2536,.T.);
#3309=ORIENTED_EDGE('',*,*,#2537,.T.);
#3310=ORIENTED_EDGE('',*,*,#2538,.T.);
#3311=ORIENTED_EDGE('',*,*,#2539,.T.);
#3312=ORIENTED_EDGE('',*,*,#2540,.T.);
#3313=ORIENTED_EDGE('',*,*,#2541,.T.);
#3314=ORIENTED_EDGE('',*,*,#2542,.T.);
#3315=ORIENTED_EDGE('',*,*,#2543,.T.);
#3316=ORIENTED_EDGE('',*,*,#2544,.T.);
#3317=ORIENTED_EDGE('',*,*,#2533,.F.);
#3318=ORIENTED_EDGE('',*,*,#2545,.T.);
#3319=ORIENTED_EDGE('',*,*,#2539,.F.);
#3320=ORIENTED_EDGE('',*,*,#2546,.F.);
#3321=ORIENTED_EDGE('',*,*,#2538,.F.);
#3322=ORIENTED_EDGE('',*,*,#2547,.T.);
#3323=ORIENTED_EDGE('',*,*,#2540,.F.);
#3324=ORIENTED_EDGE('',*,*,#2545,.F.);
#3325=ORIENTED_EDGE('',*,*,#2537,.F.);
#3326=ORIENTED_EDGE('',*,*,#2548,.T.);
#3327=ORIENTED_EDGE('',*,*,#2541,.F.);
#3328=ORIENTED_EDGE('',*,*,#2547,.F.);
#3329=ORIENTED_EDGE('',*,*,#2536,.F.);
#3330=ORIENTED_EDGE('',*,*,#2549,.T.);
#3331=ORIENTED_EDGE('',*,*,#2542,.F.);
#3332=ORIENTED_EDGE('',*,*,#2548,.F.);
#3333=ORIENTED_EDGE('',*,*,#2535,.F.);
#3334=ORIENTED_EDGE('',*,*,#2550,.T.);
#3335=ORIENTED_EDGE('',*,*,#2543,.F.);
#3336=ORIENTED_EDGE('',*,*,#2549,.F.);
#3337=ORIENTED_EDGE('',*,*,#2534,.F.);
#3338=ORIENTED_EDGE('',*,*,#2546,.T.);
#3339=ORIENTED_EDGE('',*,*,#2544,.F.);
#3340=ORIENTED_EDGE('',*,*,#2550,.F.);
#3341=ORIENTED_EDGE('',*,*,#2551,.F.);
#3342=ORIENTED_EDGE('',*,*,#2552,.T.);
#3343=ORIENTED_EDGE('',*,*,#2553,.F.);
#3344=ORIENTED_EDGE('',*,*,#2554,.F.);
#3345=ORIENTED_EDGE('',*,*,#2555,.F.);
#3346=ORIENTED_EDGE('',*,*,#2554,.T.);
#3347=ORIENTED_EDGE('',*,*,#2556,.F.);
#3348=ORIENTED_EDGE('',*,*,#2557,.F.);
#3349=ORIENTED_EDGE('',*,*,#2558,.F.);
#3350=ORIENTED_EDGE('',*,*,#2557,.T.);
#3351=ORIENTED_EDGE('',*,*,#2559,.F.);
#3352=ORIENTED_EDGE('',*,*,#2560,.F.);
#3353=ORIENTED_EDGE('',*,*,#2561,.F.);
#3354=ORIENTED_EDGE('',*,*,#2560,.T.);
#3355=ORIENTED_EDGE('',*,*,#2562,.F.);
#3356=ORIENTED_EDGE('',*,*,#2563,.F.);
#3357=ORIENTED_EDGE('',*,*,#2564,.F.);
#3358=ORIENTED_EDGE('',*,*,#2563,.T.);
#3359=ORIENTED_EDGE('',*,*,#2565,.F.);
#3360=ORIENTED_EDGE('',*,*,#2566,.F.);
#3361=ORIENTED_EDGE('',*,*,#2567,.F.);
#3362=ORIENTED_EDGE('',*,*,#2566,.T.);
#3363=ORIENTED_EDGE('',*,*,#2568,.F.);
#3364=ORIENTED_EDGE('',*,*,#2552,.F.);
#3365=ORIENTED_EDGE('',*,*,#2568,.T.);
#3366=ORIENTED_EDGE('',*,*,#2565,.T.);
#3367=ORIENTED_EDGE('',*,*,#2562,.T.);
#3368=ORIENTED_EDGE('',*,*,#2559,.T.);
#3369=ORIENTED_EDGE('',*,*,#2556,.T.);
#3370=ORIENTED_EDGE('',*,*,#2553,.T.);
#3371=ORIENTED_EDGE('',*,*,#2569,.T.);
#3372=ORIENTED_EDGE('',*,*,#2570,.T.);
#3373=ORIENTED_EDGE('',*,*,#2571,.T.);
#3374=ORIENTED_EDGE('',*,*,#2572,.T.);
#3375=ORIENTED_EDGE('',*,*,#2573,.T.);
#3376=ORIENTED_EDGE('',*,*,#2574,.T.);
#3377=ORIENTED_EDGE('',*,*,#2575,.F.);
#3378=ORIENTED_EDGE('',*,*,#2576,.T.);
#3379=ORIENTED_EDGE('',*,*,#2569,.F.);
#3380=ORIENTED_EDGE('',*,*,#2577,.F.);
#3381=ORIENTED_EDGE('',*,*,#2578,.F.);
#3382=ORIENTED_EDGE('',*,*,#2579,.T.);
#3383=ORIENTED_EDGE('',*,*,#2570,.F.);
#3384=ORIENTED_EDGE('',*,*,#2576,.F.);
#3385=ORIENTED_EDGE('',*,*,#2580,.F.);
#3386=ORIENTED_EDGE('',*,*,#2581,.T.);
#3387=ORIENTED_EDGE('',*,*,#2571,.F.);
#3388=ORIENTED_EDGE('',*,*,#2579,.F.);
#3389=ORIENTED_EDGE('',*,*,#2582,.F.);
#3390=ORIENTED_EDGE('',*,*,#2583,.T.);
#3391=ORIENTED_EDGE('',*,*,#2572,.F.);
#3392=ORIENTED_EDGE('',*,*,#2581,.F.);
#3393=ORIENTED_EDGE('',*,*,#2584,.F.);
#3394=ORIENTED_EDGE('',*,*,#2585,.T.);
#3395=ORIENTED_EDGE('',*,*,#2573,.F.);
#3396=ORIENTED_EDGE('',*,*,#2583,.F.);
#3397=ORIENTED_EDGE('',*,*,#2586,.F.);
#3398=ORIENTED_EDGE('',*,*,#2577,.T.);
#3399=ORIENTED_EDGE('',*,*,#2574,.F.);
#3400=ORIENTED_EDGE('',*,*,#2585,.F.);
#3401=ORIENTED_EDGE('',*,*,#2551,.T.);
#3402=ORIENTED_EDGE('',*,*,#2555,.T.);
#3403=ORIENTED_EDGE('',*,*,#2558,.T.);
#3404=ORIENTED_EDGE('',*,*,#2561,.T.);
#3405=ORIENTED_EDGE('',*,*,#2564,.T.);
#3406=ORIENTED_EDGE('',*,*,#2567,.T.);
#3407=ORIENTED_EDGE('',*,*,#2586,.T.);
#3408=ORIENTED_EDGE('',*,*,#2584,.T.);
#3409=ORIENTED_EDGE('',*,*,#2582,.T.);
#3410=ORIENTED_EDGE('',*,*,#2580,.T.);
#3411=ORIENTED_EDGE('',*,*,#2578,.T.);
#3412=ORIENTED_EDGE('',*,*,#2575,.T.);
#3413=ORIENTED_EDGE('',*,*,#2587,.T.);
#3414=ORIENTED_EDGE('',*,*,#2588,.T.);
#3415=ORIENTED_EDGE('',*,*,#2589,.T.);
#3416=ORIENTED_EDGE('',*,*,#2590,.T.);
#3417=ORIENTED_EDGE('',*,*,#2591,.T.);
#3418=ORIENTED_EDGE('',*,*,#2592,.T.);
#3419=ORIENTED_EDGE('',*,*,#2593,.T.);
#3420=ORIENTED_EDGE('',*,*,#2594,.T.);
#3421=ORIENTED_EDGE('',*,*,#2595,.T.);
#3422=ORIENTED_EDGE('',*,*,#2596,.T.);
#3423=ORIENTED_EDGE('',*,*,#2597,.T.);
#3424=ORIENTED_EDGE('',*,*,#2598,.T.);
#3425=ORIENTED_EDGE('',*,*,#2599,.T.);
#3426=ORIENTED_EDGE('',*,*,#2600,.T.);
#3427=ORIENTED_EDGE('',*,*,#2601,.T.);
#3428=ORIENTED_EDGE('',*,*,#2602,.T.);
#3429=ORIENTED_EDGE('',*,*,#2603,.T.);
#3430=ORIENTED_EDGE('',*,*,#2604,.T.);
#3431=ORIENTED_EDGE('',*,*,#2605,.T.);
#3432=ORIENTED_EDGE('',*,*,#2606,.T.);
#3433=ORIENTED_EDGE('',*,*,#2607,.T.);
#3434=ORIENTED_EDGE('',*,*,#2608,.T.);
#3435=ORIENTED_EDGE('',*,*,#2587,.F.);
#3436=ORIENTED_EDGE('',*,*,#2609,.T.);
#3437=ORIENTED_EDGE('',*,*,#2598,.F.);
#3438=ORIENTED_EDGE('',*,*,#2610,.F.);
#3439=ORIENTED_EDGE('',*,*,#2597,.F.);
#3440=ORIENTED_EDGE('',*,*,#2611,.T.);
#3441=ORIENTED_EDGE('',*,*,#2599,.F.);
#3442=ORIENTED_EDGE('',*,*,#2609,.F.);
#3443=ORIENTED_EDGE('',*,*,#2596,.F.);
#3444=ORIENTED_EDGE('',*,*,#2612,.T.);
#3445=ORIENTED_EDGE('',*,*,#2600,.F.);
#3446=ORIENTED_EDGE('',*,*,#2611,.F.);
#3447=ORIENTED_EDGE('',*,*,#2595,.F.);
#3448=ORIENTED_EDGE('',*,*,#2613,.T.);
#3449=ORIENTED_EDGE('',*,*,#2601,.F.);
#3450=ORIENTED_EDGE('',*,*,#2612,.F.);
#3451=ORIENTED_EDGE('',*,*,#2594,.F.);
#3452=ORIENTED_EDGE('',*,*,#2614,.T.);
#3453=ORIENTED_EDGE('',*,*,#2602,.F.);
#3454=ORIENTED_EDGE('',*,*,#2613,.F.);
#3455=ORIENTED_EDGE('',*,*,#2593,.F.);
#3456=ORIENTED_EDGE('',*,*,#2615,.T.);
#3457=ORIENTED_EDGE('',*,*,#2603,.F.);
#3458=ORIENTED_EDGE('',*,*,#2614,.F.);
#3459=ORIENTED_EDGE('',*,*,#2592,.F.);
#3460=ORIENTED_EDGE('',*,*,#2616,.T.);
#3461=ORIENTED_EDGE('',*,*,#2604,.F.);
#3462=ORIENTED_EDGE('',*,*,#2615,.F.);
#3463=ORIENTED_EDGE('',*,*,#2591,.F.);
#3464=ORIENTED_EDGE('',*,*,#2617,.T.);
#3465=ORIENTED_EDGE('',*,*,#2605,.F.);
#3466=ORIENTED_EDGE('',*,*,#2616,.F.);
#3467=ORIENTED_EDGE('',*,*,#2590,.F.);
#3468=ORIENTED_EDGE('',*,*,#2618,.T.);
#3469=ORIENTED_EDGE('',*,*,#2606,.F.);
#3470=ORIENTED_EDGE('',*,*,#2617,.F.);
#3471=ORIENTED_EDGE('',*,*,#2589,.F.);
#3472=ORIENTED_EDGE('',*,*,#2619,.T.);
#3473=ORIENTED_EDGE('',*,*,#2607,.F.);
#3474=ORIENTED_EDGE('',*,*,#2618,.F.);
#3475=ORIENTED_EDGE('',*,*,#2588,.F.);
#3476=ORIENTED_EDGE('',*,*,#2610,.T.);
#3477=ORIENTED_EDGE('',*,*,#2608,.F.);
#3478=ORIENTED_EDGE('',*,*,#2619,.F.);
#3479=ORIENTED_EDGE('',*,*,#2620,.F.);
#3480=ORIENTED_EDGE('',*,*,#2621,.T.);
#3481=ORIENTED_EDGE('',*,*,#2622,.F.);
#3482=ORIENTED_EDGE('',*,*,#2623,.F.);
#3483=ORIENTED_EDGE('',*,*,#2624,.F.);
#3484=ORIENTED_EDGE('',*,*,#2623,.T.);
#3485=ORIENTED_EDGE('',*,*,#2625,.F.);
#3486=ORIENTED_EDGE('',*,*,#2626,.F.);
#3487=ORIENTED_EDGE('',*,*,#2627,.F.);
#3488=ORIENTED_EDGE('',*,*,#2626,.T.);
#3489=ORIENTED_EDGE('',*,*,#2628,.F.);
#3490=ORIENTED_EDGE('',*,*,#2629,.F.);
#3491=ORIENTED_EDGE('',*,*,#2630,.F.);
#3492=ORIENTED_EDGE('',*,*,#2629,.T.);
#3493=ORIENTED_EDGE('',*,*,#2631,.F.);
#3494=ORIENTED_EDGE('',*,*,#2632,.F.);
#3495=ORIENTED_EDGE('',*,*,#2633,.F.);
#3496=ORIENTED_EDGE('',*,*,#2632,.T.);
#3497=ORIENTED_EDGE('',*,*,#2634,.F.);
#3498=ORIENTED_EDGE('',*,*,#2635,.F.);
#3499=ORIENTED_EDGE('',*,*,#2636,.F.);
#3500=ORIENTED_EDGE('',*,*,#2635,.T.);
#3501=ORIENTED_EDGE('',*,*,#2637,.F.);
#3502=ORIENTED_EDGE('',*,*,#2638,.F.);
#3503=ORIENTED_EDGE('',*,*,#2639,.F.);
#3504=ORIENTED_EDGE('',*,*,#2638,.T.);
#3505=ORIENTED_EDGE('',*,*,#2640,.F.);
#3506=ORIENTED_EDGE('',*,*,#2641,.F.);
#3507=ORIENTED_EDGE('',*,*,#2642,.F.);
#3508=ORIENTED_EDGE('',*,*,#2641,.T.);
#3509=ORIENTED_EDGE('',*,*,#2643,.F.);
#3510=ORIENTED_EDGE('',*,*,#2644,.F.);
#3511=ORIENTED_EDGE('',*,*,#2645,.F.);
#3512=ORIENTED_EDGE('',*,*,#2644,.T.);
#3513=ORIENTED_EDGE('',*,*,#2646,.F.);
#3514=ORIENTED_EDGE('',*,*,#2647,.F.);
#3515=ORIENTED_EDGE('',*,*,#2648,.F.);
#3516=ORIENTED_EDGE('',*,*,#2647,.T.);
#3517=ORIENTED_EDGE('',*,*,#2649,.F.);
#3518=ORIENTED_EDGE('',*,*,#2650,.F.);
#3519=ORIENTED_EDGE('',*,*,#2651,.F.);
#3520=ORIENTED_EDGE('',*,*,#2650,.T.);
#3521=ORIENTED_EDGE('',*,*,#2652,.F.);
#3522=ORIENTED_EDGE('',*,*,#2653,.F.);
#3523=ORIENTED_EDGE('',*,*,#2654,.F.);
#3524=ORIENTED_EDGE('',*,*,#2653,.T.);
#3525=ORIENTED_EDGE('',*,*,#2655,.F.);
#3526=ORIENTED_EDGE('',*,*,#2656,.F.);
#3527=ORIENTED_EDGE('',*,*,#2657,.F.);
#3528=ORIENTED_EDGE('',*,*,#2656,.T.);
#3529=ORIENTED_EDGE('',*,*,#2658,.F.);
#3530=ORIENTED_EDGE('',*,*,#2659,.F.);
#3531=ORIENTED_EDGE('',*,*,#2660,.F.);
#3532=ORIENTED_EDGE('',*,*,#2659,.T.);
#3533=ORIENTED_EDGE('',*,*,#2661,.F.);
#3534=ORIENTED_EDGE('',*,*,#2662,.F.);
#3535=ORIENTED_EDGE('',*,*,#2663,.F.);
#3536=ORIENTED_EDGE('',*,*,#2662,.T.);
#3537=ORIENTED_EDGE('',*,*,#2664,.F.);
#3538=ORIENTED_EDGE('',*,*,#2665,.F.);
#3539=ORIENTED_EDGE('',*,*,#2666,.F.);
#3540=ORIENTED_EDGE('',*,*,#2665,.T.);
#3541=ORIENTED_EDGE('',*,*,#2667,.F.);
#3542=ORIENTED_EDGE('',*,*,#2621,.F.);
#3543=ORIENTED_EDGE('',*,*,#2667,.T.);
#3544=ORIENTED_EDGE('',*,*,#2664,.T.);
#3545=ORIENTED_EDGE('',*,*,#2661,.T.);
#3546=ORIENTED_EDGE('',*,*,#2658,.T.);
#3547=ORIENTED_EDGE('',*,*,#2655,.T.);
#3548=ORIENTED_EDGE('',*,*,#2652,.T.);
#3549=ORIENTED_EDGE('',*,*,#2649,.T.);
#3550=ORIENTED_EDGE('',*,*,#2646,.T.);
#3551=ORIENTED_EDGE('',*,*,#2643,.T.);
#3552=ORIENTED_EDGE('',*,*,#2640,.T.);
#3553=ORIENTED_EDGE('',*,*,#2637,.T.);
#3554=ORIENTED_EDGE('',*,*,#2634,.T.);
#3555=ORIENTED_EDGE('',*,*,#2631,.T.);
#3556=ORIENTED_EDGE('',*,*,#2628,.T.);
#3557=ORIENTED_EDGE('',*,*,#2625,.T.);
#3558=ORIENTED_EDGE('',*,*,#2622,.T.);
#3559=ORIENTED_EDGE('',*,*,#2666,.T.);
#3560=ORIENTED_EDGE('',*,*,#2620,.T.);
#3561=ORIENTED_EDGE('',*,*,#2624,.T.);
#3562=ORIENTED_EDGE('',*,*,#2627,.T.);
#3563=ORIENTED_EDGE('',*,*,#2630,.T.);
#3564=ORIENTED_EDGE('',*,*,#2633,.T.);
#3565=ORIENTED_EDGE('',*,*,#2636,.T.);
#3566=ORIENTED_EDGE('',*,*,#2639,.T.);
#3567=ORIENTED_EDGE('',*,*,#2642,.T.);
#3568=ORIENTED_EDGE('',*,*,#2645,.T.);
#3569=ORIENTED_EDGE('',*,*,#2648,.T.);
#3570=ORIENTED_EDGE('',*,*,#2651,.T.);
#3571=ORIENTED_EDGE('',*,*,#2654,.T.);
#3572=ORIENTED_EDGE('',*,*,#2657,.T.);
#3573=ORIENTED_EDGE('',*,*,#2660,.T.);
#3574=ORIENTED_EDGE('',*,*,#2663,.T.);
#3575=ORIENTED_EDGE('',*,*,#2668,.T.);
#3576=ORIENTED_EDGE('',*,*,#2669,.T.);
#3577=ORIENTED_EDGE('',*,*,#2670,.T.);
#3578=ORIENTED_EDGE('',*,*,#2671,.T.);
#3579=ORIENTED_EDGE('',*,*,#2672,.T.);
#3580=ORIENTED_EDGE('',*,*,#2673,.T.);
#3581=ORIENTED_EDGE('',*,*,#2674,.T.);
#3582=ORIENTED_EDGE('',*,*,#2675,.T.);
#3583=ORIENTED_EDGE('',*,*,#2676,.T.);
#3584=ORIENTED_EDGE('',*,*,#2677,.T.);
#3585=ORIENTED_EDGE('',*,*,#2678,.T.);
#3586=ORIENTED_EDGE('',*,*,#2679,.T.);
#3587=ORIENTED_EDGE('',*,*,#2680,.T.);
#3588=ORIENTED_EDGE('',*,*,#2681,.T.);
#3589=ORIENTED_EDGE('',*,*,#2668,.F.);
#3590=ORIENTED_EDGE('',*,*,#2682,.T.);
#3591=ORIENTED_EDGE('',*,*,#2675,.F.);
#3592=ORIENTED_EDGE('',*,*,#2683,.F.);
#3593=ORIENTED_EDGE('',*,*,#2674,.F.);
#3594=ORIENTED_EDGE('',*,*,#2684,.T.);
#3595=ORIENTED_EDGE('',*,*,#2676,.F.);
#3596=ORIENTED_EDGE('',*,*,#2682,.F.);
#3597=ORIENTED_EDGE('',*,*,#2673,.F.);
#3598=ORIENTED_EDGE('',*,*,#2685,.T.);
#3599=ORIENTED_EDGE('',*,*,#2677,.F.);
#3600=ORIENTED_EDGE('',*,*,#2684,.F.);
#3601=ORIENTED_EDGE('',*,*,#2672,.F.);
#3602=ORIENTED_EDGE('',*,*,#2686,.T.);
#3603=ORIENTED_EDGE('',*,*,#2678,.F.);
#3604=ORIENTED_EDGE('',*,*,#2685,.F.);
#3605=ORIENTED_EDGE('',*,*,#2671,.F.);
#3606=ORIENTED_EDGE('',*,*,#2687,.T.);
#3607=ORIENTED_EDGE('',*,*,#2679,.F.);
#3608=ORIENTED_EDGE('',*,*,#2686,.F.);
#3609=ORIENTED_EDGE('',*,*,#2670,.F.);
#3610=ORIENTED_EDGE('',*,*,#2688,.T.);
#3611=ORIENTED_EDGE('',*,*,#2680,.F.);
#3612=ORIENTED_EDGE('',*,*,#2687,.F.);
#3613=ORIENTED_EDGE('',*,*,#2669,.F.);
#3614=ORIENTED_EDGE('',*,*,#2683,.T.);
#3615=ORIENTED_EDGE('',*,*,#2681,.F.);
#3616=ORIENTED_EDGE('',*,*,#2688,.F.);
#3617=ORIENTED_EDGE('',*,*,#2689,.F.);
#3618=ORIENTED_EDGE('',*,*,#2690,.T.);
#3619=ORIENTED_EDGE('',*,*,#2691,.F.);
#3620=ORIENTED_EDGE('',*,*,#2692,.F.);
#3621=ORIENTED_EDGE('',*,*,#2693,.F.);
#3622=ORIENTED_EDGE('',*,*,#2692,.T.);
#3623=ORIENTED_EDGE('',*,*,#2694,.F.);
#3624=ORIENTED_EDGE('',*,*,#2695,.F.);
#3625=ORIENTED_EDGE('',*,*,#2696,.F.);
#3626=ORIENTED_EDGE('',*,*,#2695,.T.);
#3627=ORIENTED_EDGE('',*,*,#2697,.F.);
#3628=ORIENTED_EDGE('',*,*,#2698,.F.);
#3629=ORIENTED_EDGE('',*,*,#2699,.F.);
#3630=ORIENTED_EDGE('',*,*,#2698,.T.);
#3631=ORIENTED_EDGE('',*,*,#2700,.F.);
#3632=ORIENTED_EDGE('',*,*,#2701,.F.);
#3633=ORIENTED_EDGE('',*,*,#2702,.F.);
#3634=ORIENTED_EDGE('',*,*,#2701,.T.);
#3635=ORIENTED_EDGE('',*,*,#2703,.F.);
#3636=ORIENTED_EDGE('',*,*,#2704,.F.);
#3637=ORIENTED_EDGE('',*,*,#2705,.F.);
#3638=ORIENTED_EDGE('',*,*,#2704,.T.);
#3639=ORIENTED_EDGE('',*,*,#2706,.F.);
#3640=ORIENTED_EDGE('',*,*,#2707,.F.);
#3641=ORIENTED_EDGE('',*,*,#2708,.F.);
#3642=ORIENTED_EDGE('',*,*,#2707,.T.);
#3643=ORIENTED_EDGE('',*,*,#2709,.F.);
#3644=ORIENTED_EDGE('',*,*,#2710,.F.);
#3645=ORIENTED_EDGE('',*,*,#2711,.F.);
#3646=ORIENTED_EDGE('',*,*,#2710,.T.);
#3647=ORIENTED_EDGE('',*,*,#2712,.F.);
#3648=ORIENTED_EDGE('',*,*,#2713,.F.);
#3649=ORIENTED_EDGE('',*,*,#2714,.F.);
#3650=ORIENTED_EDGE('',*,*,#2713,.T.);
#3651=ORIENTED_EDGE('',*,*,#2715,.F.);
#3652=ORIENTED_EDGE('',*,*,#2716,.F.);
#3653=ORIENTED_EDGE('',*,*,#2717,.F.);
#3654=ORIENTED_EDGE('',*,*,#2716,.T.);
#3655=ORIENTED_EDGE('',*,*,#2718,.F.);
#3656=ORIENTED_EDGE('',*,*,#2719,.F.);
#3657=ORIENTED_EDGE('',*,*,#2720,.F.);
#3658=ORIENTED_EDGE('',*,*,#2719,.T.);
#3659=ORIENTED_EDGE('',*,*,#2721,.F.);
#3660=ORIENTED_EDGE('',*,*,#2722,.F.);
#3661=ORIENTED_EDGE('',*,*,#2723,.F.);
#3662=ORIENTED_EDGE('',*,*,#2722,.T.);
#3663=ORIENTED_EDGE('',*,*,#2724,.F.);
#3664=ORIENTED_EDGE('',*,*,#2725,.F.);
#3665=ORIENTED_EDGE('',*,*,#2726,.F.);
#3666=ORIENTED_EDGE('',*,*,#2725,.T.);
#3667=ORIENTED_EDGE('',*,*,#2727,.F.);
#3668=ORIENTED_EDGE('',*,*,#2728,.F.);
#3669=ORIENTED_EDGE('',*,*,#2729,.F.);
#3670=ORIENTED_EDGE('',*,*,#2728,.T.);
#3671=ORIENTED_EDGE('',*,*,#2730,.F.);
#3672=ORIENTED_EDGE('',*,*,#2731,.F.);
#3673=ORIENTED_EDGE('',*,*,#2732,.F.);
#3674=ORIENTED_EDGE('',*,*,#2731,.T.);
#3675=ORIENTED_EDGE('',*,*,#2733,.F.);
#3676=ORIENTED_EDGE('',*,*,#2734,.F.);
#3677=ORIENTED_EDGE('',*,*,#2735,.F.);
#3678=ORIENTED_EDGE('',*,*,#2734,.T.);
#3679=ORIENTED_EDGE('',*,*,#2736,.F.);
#3680=ORIENTED_EDGE('',*,*,#2737,.F.);
#3681=ORIENTED_EDGE('',*,*,#2738,.F.);
#3682=ORIENTED_EDGE('',*,*,#2737,.T.);
#3683=ORIENTED_EDGE('',*,*,#2739,.F.);
#3684=ORIENTED_EDGE('',*,*,#2740,.F.);
#3685=ORIENTED_EDGE('',*,*,#2741,.F.);
#3686=ORIENTED_EDGE('',*,*,#2740,.T.);
#3687=ORIENTED_EDGE('',*,*,#2742,.F.);
#3688=ORIENTED_EDGE('',*,*,#2743,.F.);
#3689=ORIENTED_EDGE('',*,*,#2744,.F.);
#3690=ORIENTED_EDGE('',*,*,#2743,.T.);
#3691=ORIENTED_EDGE('',*,*,#2745,.F.);
#3692=ORIENTED_EDGE('',*,*,#2746,.F.);
#3693=ORIENTED_EDGE('',*,*,#2747,.F.);
#3694=ORIENTED_EDGE('',*,*,#2746,.T.);
#3695=ORIENTED_EDGE('',*,*,#2748,.F.);
#3696=ORIENTED_EDGE('',*,*,#2749,.F.);
#3697=ORIENTED_EDGE('',*,*,#2750,.F.);
#3698=ORIENTED_EDGE('',*,*,#2749,.T.);
#3699=ORIENTED_EDGE('',*,*,#2751,.F.);
#3700=ORIENTED_EDGE('',*,*,#2690,.F.);
#3701=ORIENTED_EDGE('',*,*,#2751,.T.);
#3702=ORIENTED_EDGE('',*,*,#2748,.T.);
#3703=ORIENTED_EDGE('',*,*,#2745,.T.);
#3704=ORIENTED_EDGE('',*,*,#2742,.T.);
#3705=ORIENTED_EDGE('',*,*,#2739,.T.);
#3706=ORIENTED_EDGE('',*,*,#2736,.T.);
#3707=ORIENTED_EDGE('',*,*,#2733,.T.);
#3708=ORIENTED_EDGE('',*,*,#2730,.T.);
#3709=ORIENTED_EDGE('',*,*,#2727,.T.);
#3710=ORIENTED_EDGE('',*,*,#2724,.T.);
#3711=ORIENTED_EDGE('',*,*,#2721,.T.);
#3712=ORIENTED_EDGE('',*,*,#2718,.T.);
#3713=ORIENTED_EDGE('',*,*,#2715,.T.);
#3714=ORIENTED_EDGE('',*,*,#2712,.T.);
#3715=ORIENTED_EDGE('',*,*,#2709,.T.);
#3716=ORIENTED_EDGE('',*,*,#2706,.T.);
#3717=ORIENTED_EDGE('',*,*,#2703,.T.);
#3718=ORIENTED_EDGE('',*,*,#2700,.T.);
#3719=ORIENTED_EDGE('',*,*,#2697,.T.);
#3720=ORIENTED_EDGE('',*,*,#2694,.T.);
#3721=ORIENTED_EDGE('',*,*,#2691,.T.);
#3722=ORIENTED_EDGE('',*,*,#2689,.T.);
#3723=ORIENTED_EDGE('',*,*,#2693,.T.);
#3724=ORIENTED_EDGE('',*,*,#2696,.T.);
#3725=ORIENTED_EDGE('',*,*,#2699,.T.);
#3726=ORIENTED_EDGE('',*,*,#2702,.T.);
#3727=ORIENTED_EDGE('',*,*,#2705,.T.);
#3728=ORIENTED_EDGE('',*,*,#2708,.T.);
#3729=ORIENTED_EDGE('',*,*,#2711,.T.);
#3730=ORIENTED_EDGE('',*,*,#2714,.T.);
#3731=ORIENTED_EDGE('',*,*,#2717,.T.);
#3732=ORIENTED_EDGE('',*,*,#2720,.T.);
#3733=ORIENTED_EDGE('',*,*,#2723,.T.);
#3734=ORIENTED_EDGE('',*,*,#2726,.T.);
#3735=ORIENTED_EDGE('',*,*,#2729,.T.);
#3736=ORIENTED_EDGE('',*,*,#2732,.T.);
#3737=ORIENTED_EDGE('',*,*,#2735,.T.);
#3738=ORIENTED_EDGE('',*,*,#2738,.T.);
#3739=ORIENTED_EDGE('',*,*,#2741,.T.);
#3740=ORIENTED_EDGE('',*,*,#2744,.T.);
#3741=ORIENTED_EDGE('',*,*,#2747,.T.);
#3742=ORIENTED_EDGE('',*,*,#2750,.T.);
#3743=ORIENTED_EDGE('',*,*,#2752,.T.);
#3744=ORIENTED_EDGE('',*,*,#2753,.T.);
#3745=ORIENTED_EDGE('',*,*,#2754,.T.);
#3746=ORIENTED_EDGE('',*,*,#2755,.T.);
#3747=ORIENTED_EDGE('',*,*,#2756,.T.);
#3748=ORIENTED_EDGE('',*,*,#2757,.T.);
#3749=ORIENTED_EDGE('',*,*,#2758,.T.);
#3750=ORIENTED_EDGE('',*,*,#2759,.T.);
#3751=ORIENTED_EDGE('',*,*,#2752,.F.);
#3752=ORIENTED_EDGE('',*,*,#2760,.T.);
#3753=ORIENTED_EDGE('',*,*,#2756,.F.);
#3754=ORIENTED_EDGE('',*,*,#2761,.F.);
#3755=ORIENTED_EDGE('',*,*,#2755,.F.);
#3756=ORIENTED_EDGE('',*,*,#2762,.T.);
#3757=ORIENTED_EDGE('',*,*,#2757,.F.);
#3758=ORIENTED_EDGE('',*,*,#2760,.F.);
#3759=ORIENTED_EDGE('',*,*,#2754,.F.);
#3760=ORIENTED_EDGE('',*,*,#2763,.T.);
#3761=ORIENTED_EDGE('',*,*,#2758,.F.);
#3762=ORIENTED_EDGE('',*,*,#2762,.F.);
#3763=ORIENTED_EDGE('',*,*,#2753,.F.);
#3764=ORIENTED_EDGE('',*,*,#2761,.T.);
#3765=ORIENTED_EDGE('',*,*,#2759,.F.);
#3766=ORIENTED_EDGE('',*,*,#2763,.F.);
#3767=ORIENTED_EDGE('',*,*,#2764,.F.);
#3768=ORIENTED_EDGE('',*,*,#2765,.T.);
#3769=ORIENTED_EDGE('',*,*,#2766,.F.);
#3770=ORIENTED_EDGE('',*,*,#2767,.F.);
#3771=ORIENTED_EDGE('',*,*,#2768,.F.);
#3772=ORIENTED_EDGE('',*,*,#2767,.T.);
#3773=ORIENTED_EDGE('',*,*,#2769,.F.);
#3774=ORIENTED_EDGE('',*,*,#2770,.F.);
#3775=ORIENTED_EDGE('',*,*,#2771,.F.);
#3776=ORIENTED_EDGE('',*,*,#2770,.T.);
#3777=ORIENTED_EDGE('',*,*,#2772,.F.);
#3778=ORIENTED_EDGE('',*,*,#2773,.F.);
#3779=ORIENTED_EDGE('',*,*,#2774,.F.);
#3780=ORIENTED_EDGE('',*,*,#2773,.T.);
#3781=ORIENTED_EDGE('',*,*,#2775,.F.);
#3782=ORIENTED_EDGE('',*,*,#2765,.F.);
#3783=ORIENTED_EDGE('',*,*,#2775,.T.);
#3784=ORIENTED_EDGE('',*,*,#2772,.T.);
#3785=ORIENTED_EDGE('',*,*,#2769,.T.);
#3786=ORIENTED_EDGE('',*,*,#2766,.T.);
#3787=ORIENTED_EDGE('',*,*,#2774,.T.);
#3788=ORIENTED_EDGE('',*,*,#2764,.T.);
#3789=ORIENTED_EDGE('',*,*,#2768,.T.);
#3790=ORIENTED_EDGE('',*,*,#2771,.T.);
#3791=ORIENTED_EDGE('',*,*,#2776,.T.);
#3792=ORIENTED_EDGE('',*,*,#2777,.T.);
#3793=ORIENTED_EDGE('',*,*,#2778,.T.);
#3794=ORIENTED_EDGE('',*,*,#2779,.T.);
#3795=ORIENTED_EDGE('',*,*,#2780,.T.);
#3796=ORIENTED_EDGE('',*,*,#2781,.T.);
#3797=ORIENTED_EDGE('',*,*,#2782,.T.);
#3798=ORIENTED_EDGE('',*,*,#2783,.T.);
#3799=ORIENTED_EDGE('',*,*,#2776,.F.);
#3800=ORIENTED_EDGE('',*,*,#2784,.T.);
#3801=ORIENTED_EDGE('',*,*,#2780,.F.);
#3802=ORIENTED_EDGE('',*,*,#2785,.F.);
#3803=ORIENTED_EDGE('',*,*,#2779,.F.);
#3804=ORIENTED_EDGE('',*,*,#2786,.T.);
#3805=ORIENTED_EDGE('',*,*,#2781,.F.);
#3806=ORIENTED_EDGE('',*,*,#2784,.F.);
#3807=ORIENTED_EDGE('',*,*,#2778,.F.);
#3808=ORIENTED_EDGE('',*,*,#2787,.T.);
#3809=ORIENTED_EDGE('',*,*,#2782,.F.);
#3810=ORIENTED_EDGE('',*,*,#2786,.F.);
#3811=ORIENTED_EDGE('',*,*,#2777,.F.);
#3812=ORIENTED_EDGE('',*,*,#2785,.T.);
#3813=ORIENTED_EDGE('',*,*,#2783,.F.);
#3814=ORIENTED_EDGE('',*,*,#2787,.F.);
#3815=ORIENTED_EDGE('',*,*,#2788,.F.);
#3816=ORIENTED_EDGE('',*,*,#2789,.T.);
#3817=ORIENTED_EDGE('',*,*,#2790,.F.);
#3818=ORIENTED_EDGE('',*,*,#2791,.F.);
#3819=ORIENTED_EDGE('',*,*,#2792,.F.);
#3820=ORIENTED_EDGE('',*,*,#2791,.T.);
#3821=ORIENTED_EDGE('',*,*,#2793,.F.);
#3822=ORIENTED_EDGE('',*,*,#2794,.F.);
#3823=ORIENTED_EDGE('',*,*,#2795,.F.);
#3824=ORIENTED_EDGE('',*,*,#2794,.T.);
#3825=ORIENTED_EDGE('',*,*,#2796,.F.);
#3826=ORIENTED_EDGE('',*,*,#2797,.F.);
#3827=ORIENTED_EDGE('',*,*,#2798,.F.);
#3828=ORIENTED_EDGE('',*,*,#2797,.T.);
#3829=ORIENTED_EDGE('',*,*,#2799,.F.);
#3830=ORIENTED_EDGE('',*,*,#2800,.F.);
#3831=ORIENTED_EDGE('',*,*,#2801,.F.);
#3832=ORIENTED_EDGE('',*,*,#2800,.T.);
#3833=ORIENTED_EDGE('',*,*,#2802,.F.);
#3834=ORIENTED_EDGE('',*,*,#2803,.F.);
#3835=ORIENTED_EDGE('',*,*,#2804,.F.);
#3836=ORIENTED_EDGE('',*,*,#2803,.T.);
#3837=ORIENTED_EDGE('',*,*,#2805,.F.);
#3838=ORIENTED_EDGE('',*,*,#2806,.F.);
#3839=ORIENTED_EDGE('',*,*,#2807,.F.);
#3840=ORIENTED_EDGE('',*,*,#2806,.T.);
#3841=ORIENTED_EDGE('',*,*,#2808,.F.);
#3842=ORIENTED_EDGE('',*,*,#2809,.F.);
#3843=ORIENTED_EDGE('',*,*,#2810,.F.);
#3844=ORIENTED_EDGE('',*,*,#2809,.T.);
#3845=ORIENTED_EDGE('',*,*,#2811,.F.);
#3846=ORIENTED_EDGE('',*,*,#2812,.F.);
#3847=ORIENTED_EDGE('',*,*,#2813,.F.);
#3848=ORIENTED_EDGE('',*,*,#2812,.T.);
#3849=ORIENTED_EDGE('',*,*,#2814,.F.);
#3850=ORIENTED_EDGE('',*,*,#2815,.F.);
#3851=ORIENTED_EDGE('',*,*,#2816,.F.);
#3852=ORIENTED_EDGE('',*,*,#2815,.T.);
#3853=ORIENTED_EDGE('',*,*,#2817,.F.);
#3854=ORIENTED_EDGE('',*,*,#2818,.F.);
#3855=ORIENTED_EDGE('',*,*,#2819,.F.);
#3856=ORIENTED_EDGE('',*,*,#2818,.T.);
#3857=ORIENTED_EDGE('',*,*,#2820,.F.);
#3858=ORIENTED_EDGE('',*,*,#2821,.F.);
#3859=ORIENTED_EDGE('',*,*,#2822,.F.);
#3860=ORIENTED_EDGE('',*,*,#2821,.T.);
#3861=ORIENTED_EDGE('',*,*,#2823,.F.);
#3862=ORIENTED_EDGE('',*,*,#2824,.F.);
#3863=ORIENTED_EDGE('',*,*,#2825,.F.);
#3864=ORIENTED_EDGE('',*,*,#2824,.T.);
#3865=ORIENTED_EDGE('',*,*,#2826,.F.);
#3866=ORIENTED_EDGE('',*,*,#2827,.F.);
#3867=ORIENTED_EDGE('',*,*,#2828,.F.);
#3868=ORIENTED_EDGE('',*,*,#2827,.T.);
#3869=ORIENTED_EDGE('',*,*,#2829,.F.);
#3870=ORIENTED_EDGE('',*,*,#2830,.F.);
#3871=ORIENTED_EDGE('',*,*,#2831,.F.);
#3872=ORIENTED_EDGE('',*,*,#2830,.T.);
#3873=ORIENTED_EDGE('',*,*,#2832,.F.);
#3874=ORIENTED_EDGE('',*,*,#2833,.F.);
#3875=ORIENTED_EDGE('',*,*,#2834,.F.);
#3876=ORIENTED_EDGE('',*,*,#2833,.T.);
#3877=ORIENTED_EDGE('',*,*,#2835,.F.);
#3878=ORIENTED_EDGE('',*,*,#2836,.F.);
#3879=ORIENTED_EDGE('',*,*,#2837,.F.);
#3880=ORIENTED_EDGE('',*,*,#2836,.T.);
#3881=ORIENTED_EDGE('',*,*,#2838,.F.);
#3882=ORIENTED_EDGE('',*,*,#2839,.F.);
#3883=ORIENTED_EDGE('',*,*,#2840,.F.);
#3884=ORIENTED_EDGE('',*,*,#2839,.T.);
#3885=ORIENTED_EDGE('',*,*,#2841,.F.);
#3886=ORIENTED_EDGE('',*,*,#2842,.F.);
#3887=ORIENTED_EDGE('',*,*,#2843,.F.);
#3888=ORIENTED_EDGE('',*,*,#2842,.T.);
#3889=ORIENTED_EDGE('',*,*,#2844,.F.);
#3890=ORIENTED_EDGE('',*,*,#2845,.F.);
#3891=ORIENTED_EDGE('',*,*,#2846,.F.);
#3892=ORIENTED_EDGE('',*,*,#2845,.T.);
#3893=ORIENTED_EDGE('',*,*,#2847,.F.);
#3894=ORIENTED_EDGE('',*,*,#2848,.F.);
#3895=ORIENTED_EDGE('',*,*,#2849,.F.);
#3896=ORIENTED_EDGE('',*,*,#2848,.T.);
#3897=ORIENTED_EDGE('',*,*,#2850,.F.);
#3898=ORIENTED_EDGE('',*,*,#2789,.F.);
#3899=ORIENTED_EDGE('',*,*,#2850,.T.);
#3900=ORIENTED_EDGE('',*,*,#2847,.T.);
#3901=ORIENTED_EDGE('',*,*,#2844,.T.);
#3902=ORIENTED_EDGE('',*,*,#2841,.T.);
#3903=ORIENTED_EDGE('',*,*,#2838,.T.);
#3904=ORIENTED_EDGE('',*,*,#2835,.T.);
#3905=ORIENTED_EDGE('',*,*,#2832,.T.);
#3906=ORIENTED_EDGE('',*,*,#2829,.T.);
#3907=ORIENTED_EDGE('',*,*,#2826,.T.);
#3908=ORIENTED_EDGE('',*,*,#2823,.T.);
#3909=ORIENTED_EDGE('',*,*,#2820,.T.);
#3910=ORIENTED_EDGE('',*,*,#2817,.T.);
#3911=ORIENTED_EDGE('',*,*,#2814,.T.);
#3912=ORIENTED_EDGE('',*,*,#2811,.T.);
#3913=ORIENTED_EDGE('',*,*,#2808,.T.);
#3914=ORIENTED_EDGE('',*,*,#2805,.T.);
#3915=ORIENTED_EDGE('',*,*,#2802,.T.);
#3916=ORIENTED_EDGE('',*,*,#2799,.T.);
#3917=ORIENTED_EDGE('',*,*,#2796,.T.);
#3918=ORIENTED_EDGE('',*,*,#2793,.T.);
#3919=ORIENTED_EDGE('',*,*,#2790,.T.);
#3920=ORIENTED_EDGE('',*,*,#2788,.T.);
#3921=ORIENTED_EDGE('',*,*,#2792,.T.);
#3922=ORIENTED_EDGE('',*,*,#2795,.T.);
#3923=ORIENTED_EDGE('',*,*,#2798,.T.);
#3924=ORIENTED_EDGE('',*,*,#2801,.T.);
#3925=ORIENTED_EDGE('',*,*,#2804,.T.);
#3926=ORIENTED_EDGE('',*,*,#2807,.T.);
#3927=ORIENTED_EDGE('',*,*,#2810,.T.);
#3928=ORIENTED_EDGE('',*,*,#2813,.T.);
#3929=ORIENTED_EDGE('',*,*,#2816,.T.);
#3930=ORIENTED_EDGE('',*,*,#2819,.T.);
#3931=ORIENTED_EDGE('',*,*,#2822,.T.);
#3932=ORIENTED_EDGE('',*,*,#2825,.T.);
#3933=ORIENTED_EDGE('',*,*,#2828,.T.);
#3934=ORIENTED_EDGE('',*,*,#2831,.T.);
#3935=ORIENTED_EDGE('',*,*,#2834,.T.);
#3936=ORIENTED_EDGE('',*,*,#2837,.T.);
#3937=ORIENTED_EDGE('',*,*,#2840,.T.);
#3938=ORIENTED_EDGE('',*,*,#2843,.T.);
#3939=ORIENTED_EDGE('',*,*,#2846,.T.);
#3940=ORIENTED_EDGE('',*,*,#2849,.T.);
#3941=ORIENTED_EDGE('',*,*,#2851,.T.);
#3942=ORIENTED_EDGE('',*,*,#2852,.T.);
#3943=ORIENTED_EDGE('',*,*,#2853,.T.);
#3944=ORIENTED_EDGE('',*,*,#2854,.T.);
#3945=ORIENTED_EDGE('',*,*,#2855,.T.);
#3946=ORIENTED_EDGE('',*,*,#2856,.T.);
#3947=ORIENTED_EDGE('',*,*,#2857,.T.);
#3948=ORIENTED_EDGE('',*,*,#2858,.T.);
#3949=ORIENTED_EDGE('',*,*,#2859,.T.);
#3950=ORIENTED_EDGE('',*,*,#2860,.T.);
#3951=ORIENTED_EDGE('',*,*,#2861,.T.);
#3952=ORIENTED_EDGE('',*,*,#2862,.T.);
#3953=ORIENTED_EDGE('',*,*,#2863,.T.);
#3954=ORIENTED_EDGE('',*,*,#2864,.T.);
#3955=ORIENTED_EDGE('',*,*,#2865,.T.);
#3956=ORIENTED_EDGE('',*,*,#2866,.T.);
#3957=ORIENTED_EDGE('',*,*,#2867,.T.);
#3958=ORIENTED_EDGE('',*,*,#2868,.T.);
#3959=ORIENTED_EDGE('',*,*,#2869,.T.);
#3960=ORIENTED_EDGE('',*,*,#2870,.T.);
#3961=ORIENTED_EDGE('',*,*,#2871,.T.);
#3962=ORIENTED_EDGE('',*,*,#2872,.T.);
#3963=ORIENTED_EDGE('',*,*,#2873,.T.);
#3964=ORIENTED_EDGE('',*,*,#2874,.T.);
#3965=ORIENTED_EDGE('',*,*,#2875,.T.);
#3966=ORIENTED_EDGE('',*,*,#2876,.T.);
#3967=ORIENTED_EDGE('',*,*,#2851,.F.);
#3968=ORIENTED_EDGE('',*,*,#2877,.T.);
#3969=ORIENTED_EDGE('',*,*,#2864,.F.);
#3970=ORIENTED_EDGE('',*,*,#2878,.F.);
#3971=ORIENTED_EDGE('',*,*,#2863,.F.);
#3972=ORIENTED_EDGE('',*,*,#2879,.T.);
#3973=ORIENTED_EDGE('',*,*,#2865,.F.);
#3974=ORIENTED_EDGE('',*,*,#2877,.F.);
#3975=ORIENTED_EDGE('',*,*,#2862,.F.);
#3976=ORIENTED_EDGE('',*,*,#2880,.T.);
#3977=ORIENTED_EDGE('',*,*,#2866,.F.);
#3978=ORIENTED_EDGE('',*,*,#2879,.F.);
#3979=ORIENTED_EDGE('',*,*,#2861,.F.);
#3980=ORIENTED_EDGE('',*,*,#2881,.T.);
#3981=ORIENTED_EDGE('',*,*,#2867,.F.);
#3982=ORIENTED_EDGE('',*,*,#2880,.F.);
#3983=ORIENTED_EDGE('',*,*,#2860,.F.);
#3984=ORIENTED_EDGE('',*,*,#2882,.T.);
#3985=ORIENTED_EDGE('',*,*,#2868,.F.);
#3986=ORIENTED_EDGE('',*,*,#2881,.F.);
#3987=ORIENTED_EDGE('',*,*,#2859,.F.);
#3988=ORIENTED_EDGE('',*,*,#2883,.T.);
#3989=ORIENTED_EDGE('',*,*,#2869,.F.);
#3990=ORIENTED_EDGE('',*,*,#2882,.F.);
#3991=ORIENTED_EDGE('',*,*,#2858,.F.);
#3992=ORIENTED_EDGE('',*,*,#2884,.T.);
#3993=ORIENTED_EDGE('',*,*,#2870,.F.);
#3994=ORIENTED_EDGE('',*,*,#2883,.F.);
#3995=ORIENTED_EDGE('',*,*,#2857,.F.);
#3996=ORIENTED_EDGE('',*,*,#2885,.T.);
#3997=ORIENTED_EDGE('',*,*,#2871,.F.);
#3998=ORIENTED_EDGE('',*,*,#2884,.F.);
#3999=ORIENTED_EDGE('',*,*,#2856,.F.);
#4000=ORIENTED_EDGE('',*,*,#2886,.T.);
#4001=ORIENTED_EDGE('',*,*,#2872,.F.);
#4002=ORIENTED_EDGE('',*,*,#2885,.F.);
#4003=ORIENTED_EDGE('',*,*,#2855,.F.);
#4004=ORIENTED_EDGE('',*,*,#2887,.T.);
#4005=ORIENTED_EDGE('',*,*,#2873,.F.);
#4006=ORIENTED_EDGE('',*,*,#2886,.F.);
#4007=ORIENTED_EDGE('',*,*,#2854,.F.);
#4008=ORIENTED_EDGE('',*,*,#2888,.T.);
#4009=ORIENTED_EDGE('',*,*,#2874,.F.);
#4010=ORIENTED_EDGE('',*,*,#2887,.F.);
#4011=ORIENTED_EDGE('',*,*,#2853,.F.);
#4012=ORIENTED_EDGE('',*,*,#2889,.T.);
#4013=ORIENTED_EDGE('',*,*,#2875,.F.);
#4014=ORIENTED_EDGE('',*,*,#2888,.F.);
#4015=ORIENTED_EDGE('',*,*,#2852,.F.);
#4016=ORIENTED_EDGE('',*,*,#2878,.T.);
#4017=ORIENTED_EDGE('',*,*,#2876,.F.);
#4018=ORIENTED_EDGE('',*,*,#2889,.F.);
#4019=ORIENTED_EDGE('',*,*,#2890,.F.);
#4020=ORIENTED_EDGE('',*,*,#2891,.T.);
#4021=ORIENTED_EDGE('',*,*,#2892,.F.);
#4022=ORIENTED_EDGE('',*,*,#2893,.F.);
#4023=ORIENTED_EDGE('',*,*,#2894,.F.);
#4024=ORIENTED_EDGE('',*,*,#2893,.T.);
#4025=ORIENTED_EDGE('',*,*,#2895,.F.);
#4026=ORIENTED_EDGE('',*,*,#2896,.F.);
#4027=ORIENTED_EDGE('',*,*,#2897,.F.);
#4028=ORIENTED_EDGE('',*,*,#2896,.T.);
#4029=ORIENTED_EDGE('',*,*,#2898,.F.);
#4030=ORIENTED_EDGE('',*,*,#2899,.F.);
#4031=ORIENTED_EDGE('',*,*,#2900,.F.);
#4032=ORIENTED_EDGE('',*,*,#2899,.T.);
#4033=ORIENTED_EDGE('',*,*,#2901,.F.);
#4034=ORIENTED_EDGE('',*,*,#2902,.F.);
#4035=ORIENTED_EDGE('',*,*,#2903,.F.);
#4036=ORIENTED_EDGE('',*,*,#2902,.T.);
#4037=ORIENTED_EDGE('',*,*,#2904,.F.);
#4038=ORIENTED_EDGE('',*,*,#2905,.F.);
#4039=ORIENTED_EDGE('',*,*,#2906,.F.);
#4040=ORIENTED_EDGE('',*,*,#2905,.T.);
#4041=ORIENTED_EDGE('',*,*,#2907,.F.);
#4042=ORIENTED_EDGE('',*,*,#2908,.F.);
#4043=ORIENTED_EDGE('',*,*,#2909,.F.);
#4044=ORIENTED_EDGE('',*,*,#2908,.T.);
#4045=ORIENTED_EDGE('',*,*,#2910,.F.);
#4046=ORIENTED_EDGE('',*,*,#2911,.F.);
#4047=ORIENTED_EDGE('',*,*,#2912,.F.);
#4048=ORIENTED_EDGE('',*,*,#2911,.T.);
#4049=ORIENTED_EDGE('',*,*,#2913,.F.);
#4050=ORIENTED_EDGE('',*,*,#2914,.F.);
#4051=ORIENTED_EDGE('',*,*,#2915,.F.);
#4052=ORIENTED_EDGE('',*,*,#2914,.T.);
#4053=ORIENTED_EDGE('',*,*,#2916,.F.);
#4054=ORIENTED_EDGE('',*,*,#2917,.F.);
#4055=ORIENTED_EDGE('',*,*,#2918,.F.);
#4056=ORIENTED_EDGE('',*,*,#2917,.T.);
#4057=ORIENTED_EDGE('',*,*,#2919,.F.);
#4058=ORIENTED_EDGE('',*,*,#2920,.F.);
#4059=ORIENTED_EDGE('',*,*,#2921,.F.);
#4060=ORIENTED_EDGE('',*,*,#2920,.T.);
#4061=ORIENTED_EDGE('',*,*,#2922,.F.);
#4062=ORIENTED_EDGE('',*,*,#2923,.F.);
#4063=ORIENTED_EDGE('',*,*,#2924,.F.);
#4064=ORIENTED_EDGE('',*,*,#2923,.T.);
#4065=ORIENTED_EDGE('',*,*,#2925,.F.);
#4066=ORIENTED_EDGE('',*,*,#2926,.F.);
#4067=ORIENTED_EDGE('',*,*,#2927,.F.);
#4068=ORIENTED_EDGE('',*,*,#2926,.T.);
#4069=ORIENTED_EDGE('',*,*,#2928,.F.);
#4070=ORIENTED_EDGE('',*,*,#2891,.F.);
#4071=ORIENTED_EDGE('',*,*,#2928,.T.);
#4072=ORIENTED_EDGE('',*,*,#2925,.T.);
#4073=ORIENTED_EDGE('',*,*,#2922,.T.);
#4074=ORIENTED_EDGE('',*,*,#2919,.T.);
#4075=ORIENTED_EDGE('',*,*,#2916,.T.);
#4076=ORIENTED_EDGE('',*,*,#2913,.T.);
#4077=ORIENTED_EDGE('',*,*,#2910,.T.);
#4078=ORIENTED_EDGE('',*,*,#2907,.T.);
#4079=ORIENTED_EDGE('',*,*,#2904,.T.);
#4080=ORIENTED_EDGE('',*,*,#2901,.T.);
#4081=ORIENTED_EDGE('',*,*,#2898,.T.);
#4082=ORIENTED_EDGE('',*,*,#2895,.T.);
#4083=ORIENTED_EDGE('',*,*,#2892,.T.);
#4084=ORIENTED_EDGE('',*,*,#2890,.T.);
#4085=ORIENTED_EDGE('',*,*,#2894,.T.);
#4086=ORIENTED_EDGE('',*,*,#2897,.T.);
#4087=ORIENTED_EDGE('',*,*,#2900,.T.);
#4088=ORIENTED_EDGE('',*,*,#2903,.T.);
#4089=ORIENTED_EDGE('',*,*,#2906,.T.);
#4090=ORIENTED_EDGE('',*,*,#2909,.T.);
#4091=ORIENTED_EDGE('',*,*,#2912,.T.);
#4092=ORIENTED_EDGE('',*,*,#2915,.T.);
#4093=ORIENTED_EDGE('',*,*,#2918,.T.);
#4094=ORIENTED_EDGE('',*,*,#2921,.T.);
#4095=ORIENTED_EDGE('',*,*,#2924,.T.);
#4096=ORIENTED_EDGE('',*,*,#2927,.T.);
#4097=ORIENTED_EDGE('',*,*,#2929,.T.);
#4098=ORIENTED_EDGE('',*,*,#2930,.T.);
#4099=ORIENTED_EDGE('',*,*,#2931,.T.);
#4100=ORIENTED_EDGE('',*,*,#2932,.T.);
#4101=ORIENTED_EDGE('',*,*,#2933,.T.);
#4102=ORIENTED_EDGE('',*,*,#2934,.T.);
#4103=ORIENTED_EDGE('',*,*,#2935,.T.);
#4104=ORIENTED_EDGE('',*,*,#2936,.T.);
#4105=ORIENTED_EDGE('',*,*,#2937,.T.);
#4106=ORIENTED_EDGE('',*,*,#2938,.T.);
#4107=ORIENTED_EDGE('',*,*,#2939,.T.);
#4108=ORIENTED_EDGE('',*,*,#2940,.T.);
#4109=ORIENTED_EDGE('',*,*,#2941,.T.);
#4110=ORIENTED_EDGE('',*,*,#2942,.T.);
#4111=ORIENTED_EDGE('',*,*,#2943,.T.);
#4112=ORIENTED_EDGE('',*,*,#2944,.T.);
#4113=ORIENTED_EDGE('',*,*,#2945,.T.);
#4114=ORIENTED_EDGE('',*,*,#2946,.T.);
#4115=ORIENTED_EDGE('',*,*,#2947,.T.);
#4116=ORIENTED_EDGE('',*,*,#2948,.T.);
#4117=ORIENTED_EDGE('',*,*,#2949,.T.);
#4118=ORIENTED_EDGE('',*,*,#2950,.T.);
#4119=ORIENTED_EDGE('',*,*,#2951,.T.);
#4120=ORIENTED_EDGE('',*,*,#2952,.T.);
#4121=ORIENTED_EDGE('',*,*,#2953,.T.);
#4122=ORIENTED_EDGE('',*,*,#2954,.T.);
#4123=ORIENTED_EDGE('',*,*,#2955,.T.);
#4124=ORIENTED_EDGE('',*,*,#2956,.T.);
#4125=ORIENTED_EDGE('',*,*,#2957,.T.);
#4126=ORIENTED_EDGE('',*,*,#2958,.T.);
#4127=ORIENTED_EDGE('',*,*,#2959,.T.);
#4128=ORIENTED_EDGE('',*,*,#2960,.T.);
#4129=ORIENTED_EDGE('',*,*,#2929,.F.);
#4130=ORIENTED_EDGE('',*,*,#2961,.T.);
#4131=ORIENTED_EDGE('',*,*,#2945,.F.);
#4132=ORIENTED_EDGE('',*,*,#2962,.F.);
#4133=ORIENTED_EDGE('',*,*,#2944,.F.);
#4134=ORIENTED_EDGE('',*,*,#2963,.T.);
#4135=ORIENTED_EDGE('',*,*,#2946,.F.);
#4136=ORIENTED_EDGE('',*,*,#2961,.F.);
#4137=ORIENTED_EDGE('',*,*,#2943,.F.);
#4138=ORIENTED_EDGE('',*,*,#2964,.T.);
#4139=ORIENTED_EDGE('',*,*,#2947,.F.);
#4140=ORIENTED_EDGE('',*,*,#2963,.F.);
#4141=ORIENTED_EDGE('',*,*,#2942,.F.);
#4142=ORIENTED_EDGE('',*,*,#2965,.T.);
#4143=ORIENTED_EDGE('',*,*,#2948,.F.);
#4144=ORIENTED_EDGE('',*,*,#2964,.F.);
#4145=ORIENTED_EDGE('',*,*,#2941,.F.);
#4146=ORIENTED_EDGE('',*,*,#2966,.T.);
#4147=ORIENTED_EDGE('',*,*,#2949,.F.);
#4148=ORIENTED_EDGE('',*,*,#2965,.F.);
#4149=ORIENTED_EDGE('',*,*,#2940,.F.);
#4150=ORIENTED_EDGE('',*,*,#2967,.T.);
#4151=ORIENTED_EDGE('',*,*,#2950,.F.);
#4152=ORIENTED_EDGE('',*,*,#2966,.F.);
#4153=ORIENTED_EDGE('',*,*,#2939,.F.);
#4154=ORIENTED_EDGE('',*,*,#2968,.T.);
#4155=ORIENTED_EDGE('',*,*,#2951,.F.);
#4156=ORIENTED_EDGE('',*,*,#2967,.F.);
#4157=ORIENTED_EDGE('',*,*,#2938,.F.);
#4158=ORIENTED_EDGE('',*,*,#2969,.T.);
#4159=ORIENTED_EDGE('',*,*,#2952,.F.);
#4160=ORIENTED_EDGE('',*,*,#2968,.F.);
#4161=ORIENTED_EDGE('',*,*,#2937,.F.);
#4162=ORIENTED_EDGE('',*,*,#2970,.T.);
#4163=ORIENTED_EDGE('',*,*,#2953,.F.);
#4164=ORIENTED_EDGE('',*,*,#2969,.F.);
#4165=ORIENTED_EDGE('',*,*,#2936,.F.);
#4166=ORIENTED_EDGE('',*,*,#2971,.T.);
#4167=ORIENTED_EDGE('',*,*,#2954,.F.);
#4168=ORIENTED_EDGE('',*,*,#2970,.F.);
#4169=ORIENTED_EDGE('',*,*,#2935,.F.);
#4170=ORIENTED_EDGE('',*,*,#2972,.T.);
#4171=ORIENTED_EDGE('',*,*,#2955,.F.);
#4172=ORIENTED_EDGE('',*,*,#2971,.F.);
#4173=ORIENTED_EDGE('',*,*,#2934,.F.);
#4174=ORIENTED_EDGE('',*,*,#2973,.T.);
#4175=ORIENTED_EDGE('',*,*,#2956,.F.);
#4176=ORIENTED_EDGE('',*,*,#2972,.F.);
#4177=ORIENTED_EDGE('',*,*,#2933,.F.);
#4178=ORIENTED_EDGE('',*,*,#2974,.T.);
#4179=ORIENTED_EDGE('',*,*,#2957,.F.);
#4180=ORIENTED_EDGE('',*,*,#2973,.F.);
#4181=ORIENTED_EDGE('',*,*,#2932,.F.);
#4182=ORIENTED_EDGE('',*,*,#2975,.T.);
#4183=ORIENTED_EDGE('',*,*,#2958,.F.);
#4184=ORIENTED_EDGE('',*,*,#2974,.F.);
#4185=ORIENTED_EDGE('',*,*,#2931,.F.);
#4186=ORIENTED_EDGE('',*,*,#2976,.T.);
#4187=ORIENTED_EDGE('',*,*,#2959,.F.);
#4188=ORIENTED_EDGE('',*,*,#2975,.F.);
#4189=ORIENTED_EDGE('',*,*,#2930,.F.);
#4190=ORIENTED_EDGE('',*,*,#2962,.T.);
#4191=ORIENTED_EDGE('',*,*,#2960,.F.);
#4192=ORIENTED_EDGE('',*,*,#2976,.F.);
#4193=ORIENTED_EDGE('',*,*,#2977,.F.);
#4194=ORIENTED_EDGE('',*,*,#2978,.T.);
#4195=ORIENTED_EDGE('',*,*,#2979,.F.);
#4196=ORIENTED_EDGE('',*,*,#2980,.F.);
#4197=ORIENTED_EDGE('',*,*,#2981,.F.);
#4198=ORIENTED_EDGE('',*,*,#2980,.T.);
#4199=ORIENTED_EDGE('',*,*,#2982,.F.);
#4200=ORIENTED_EDGE('',*,*,#2983,.F.);
#4201=ORIENTED_EDGE('',*,*,#2984,.F.);
#4202=ORIENTED_EDGE('',*,*,#2983,.T.);
#4203=ORIENTED_EDGE('',*,*,#2985,.F.);
#4204=ORIENTED_EDGE('',*,*,#2986,.F.);
#4205=ORIENTED_EDGE('',*,*,#2987,.F.);
#4206=ORIENTED_EDGE('',*,*,#2986,.T.);
#4207=ORIENTED_EDGE('',*,*,#2988,.F.);
#4208=ORIENTED_EDGE('',*,*,#2989,.F.);
#4209=ORIENTED_EDGE('',*,*,#2990,.F.);
#4210=ORIENTED_EDGE('',*,*,#2989,.T.);
#4211=ORIENTED_EDGE('',*,*,#2991,.F.);
#4212=ORIENTED_EDGE('',*,*,#2992,.F.);
#4213=ORIENTED_EDGE('',*,*,#2993,.F.);
#4214=ORIENTED_EDGE('',*,*,#2992,.T.);
#4215=ORIENTED_EDGE('',*,*,#2994,.F.);
#4216=ORIENTED_EDGE('',*,*,#2995,.F.);
#4217=ORIENTED_EDGE('',*,*,#2996,.F.);
#4218=ORIENTED_EDGE('',*,*,#2995,.T.);
#4219=ORIENTED_EDGE('',*,*,#2997,.F.);
#4220=ORIENTED_EDGE('',*,*,#2998,.F.);
#4221=ORIENTED_EDGE('',*,*,#2999,.F.);
#4222=ORIENTED_EDGE('',*,*,#2998,.T.);
#4223=ORIENTED_EDGE('',*,*,#3000,.F.);
#4224=ORIENTED_EDGE('',*,*,#3001,.F.);
#4225=ORIENTED_EDGE('',*,*,#3002,.F.);
#4226=ORIENTED_EDGE('',*,*,#3001,.T.);
#4227=ORIENTED_EDGE('',*,*,#3003,.F.);
#4228=ORIENTED_EDGE('',*,*,#3004,.F.);
#4229=ORIENTED_EDGE('',*,*,#3005,.F.);
#4230=ORIENTED_EDGE('',*,*,#3004,.T.);
#4231=ORIENTED_EDGE('',*,*,#3006,.F.);
#4232=ORIENTED_EDGE('',*,*,#3007,.F.);
#4233=ORIENTED_EDGE('',*,*,#3008,.F.);
#4234=ORIENTED_EDGE('',*,*,#3007,.T.);
#4235=ORIENTED_EDGE('',*,*,#3009,.F.);
#4236=ORIENTED_EDGE('',*,*,#3010,.F.);
#4237=ORIENTED_EDGE('',*,*,#3011,.F.);
#4238=ORIENTED_EDGE('',*,*,#3010,.T.);
#4239=ORIENTED_EDGE('',*,*,#3012,.F.);
#4240=ORIENTED_EDGE('',*,*,#2978,.F.);
#4241=ORIENTED_EDGE('',*,*,#3012,.T.);
#4242=ORIENTED_EDGE('',*,*,#3009,.T.);
#4243=ORIENTED_EDGE('',*,*,#3006,.T.);
#4244=ORIENTED_EDGE('',*,*,#3003,.T.);
#4245=ORIENTED_EDGE('',*,*,#3000,.T.);
#4246=ORIENTED_EDGE('',*,*,#2997,.T.);
#4247=ORIENTED_EDGE('',*,*,#2994,.T.);
#4248=ORIENTED_EDGE('',*,*,#2991,.T.);
#4249=ORIENTED_EDGE('',*,*,#2988,.T.);
#4250=ORIENTED_EDGE('',*,*,#2985,.T.);
#4251=ORIENTED_EDGE('',*,*,#2982,.T.);
#4252=ORIENTED_EDGE('',*,*,#2979,.T.);
#4253=ORIENTED_EDGE('',*,*,#3013,.T.);
#4254=ORIENTED_EDGE('',*,*,#3014,.T.);
#4255=ORIENTED_EDGE('',*,*,#3015,.T.);
#4256=ORIENTED_EDGE('',*,*,#3016,.T.);
#4257=ORIENTED_EDGE('',*,*,#3017,.T.);
#4258=ORIENTED_EDGE('',*,*,#3018,.T.);
#4259=ORIENTED_EDGE('',*,*,#3019,.F.);
#4260=ORIENTED_EDGE('',*,*,#3020,.T.);
#4261=ORIENTED_EDGE('',*,*,#3014,.F.);
#4262=ORIENTED_EDGE('',*,*,#3021,.F.);
#4263=ORIENTED_EDGE('',*,*,#3022,.F.);
#4264=ORIENTED_EDGE('',*,*,#3023,.T.);
#4265=ORIENTED_EDGE('',*,*,#3015,.F.);
#4266=ORIENTED_EDGE('',*,*,#3020,.F.);
#4267=ORIENTED_EDGE('',*,*,#3024,.F.);
#4268=ORIENTED_EDGE('',*,*,#3025,.T.);
#4269=ORIENTED_EDGE('',*,*,#3016,.F.);
#4270=ORIENTED_EDGE('',*,*,#3023,.F.);
#4271=ORIENTED_EDGE('',*,*,#3026,.F.);
#4272=ORIENTED_EDGE('',*,*,#3027,.T.);
#4273=ORIENTED_EDGE('',*,*,#3017,.F.);
#4274=ORIENTED_EDGE('',*,*,#3025,.F.);
#4275=ORIENTED_EDGE('',*,*,#3028,.F.);
#4276=ORIENTED_EDGE('',*,*,#3029,.T.);
#4277=ORIENTED_EDGE('',*,*,#3018,.F.);
#4278=ORIENTED_EDGE('',*,*,#3027,.F.);
#4279=ORIENTED_EDGE('',*,*,#3030,.F.);
#4280=ORIENTED_EDGE('',*,*,#3021,.T.);
#4281=ORIENTED_EDGE('',*,*,#3013,.F.);
#4282=ORIENTED_EDGE('',*,*,#3029,.F.);
#4283=ORIENTED_EDGE('',*,*,#2977,.T.);
#4284=ORIENTED_EDGE('',*,*,#2981,.T.);
#4285=ORIENTED_EDGE('',*,*,#2984,.T.);
#4286=ORIENTED_EDGE('',*,*,#2987,.T.);
#4287=ORIENTED_EDGE('',*,*,#2990,.T.);
#4288=ORIENTED_EDGE('',*,*,#2993,.T.);
#4289=ORIENTED_EDGE('',*,*,#2996,.T.);
#4290=ORIENTED_EDGE('',*,*,#2999,.T.);
#4291=ORIENTED_EDGE('',*,*,#3002,.T.);
#4292=ORIENTED_EDGE('',*,*,#3005,.T.);
#4293=ORIENTED_EDGE('',*,*,#3008,.T.);
#4294=ORIENTED_EDGE('',*,*,#3011,.T.);
#4295=ORIENTED_EDGE('',*,*,#3030,.T.);
#4296=ORIENTED_EDGE('',*,*,#3028,.T.);
#4297=ORIENTED_EDGE('',*,*,#3026,.T.);
#4298=ORIENTED_EDGE('',*,*,#3024,.T.);
#4299=ORIENTED_EDGE('',*,*,#3022,.T.);
#4300=ORIENTED_EDGE('',*,*,#3019,.T.);
#4301=ORIENTED_EDGE('',*,*,#3031,.T.);
#4302=ORIENTED_EDGE('',*,*,#3032,.T.);
#4303=ORIENTED_EDGE('',*,*,#3033,.T.);
#4304=ORIENTED_EDGE('',*,*,#3034,.T.);
#4305=ORIENTED_EDGE('',*,*,#3035,.T.);
#4306=ORIENTED_EDGE('',*,*,#3036,.T.);
#4307=ORIENTED_EDGE('',*,*,#3037,.T.);
#4308=ORIENTED_EDGE('',*,*,#3038,.T.);
#4309=ORIENTED_EDGE('',*,*,#3039,.T.);
#4310=ORIENTED_EDGE('',*,*,#3040,.T.);
#4311=ORIENTED_EDGE('',*,*,#3041,.T.);
#4312=ORIENTED_EDGE('',*,*,#3042,.T.);
#4313=ORIENTED_EDGE('',*,*,#3031,.F.);
#4314=ORIENTED_EDGE('',*,*,#3043,.T.);
#4315=ORIENTED_EDGE('',*,*,#3037,.F.);
#4316=ORIENTED_EDGE('',*,*,#3044,.F.);
#4317=ORIENTED_EDGE('',*,*,#3036,.F.);
#4318=ORIENTED_EDGE('',*,*,#3045,.T.);
#4319=ORIENTED_EDGE('',*,*,#3038,.F.);
#4320=ORIENTED_EDGE('',*,*,#3043,.F.);
#4321=ORIENTED_EDGE('',*,*,#3035,.F.);
#4322=ORIENTED_EDGE('',*,*,#3046,.T.);
#4323=ORIENTED_EDGE('',*,*,#3039,.F.);
#4324=ORIENTED_EDGE('',*,*,#3045,.F.);
#4325=ORIENTED_EDGE('',*,*,#3034,.F.);
#4326=ORIENTED_EDGE('',*,*,#3047,.T.);
#4327=ORIENTED_EDGE('',*,*,#3040,.F.);
#4328=ORIENTED_EDGE('',*,*,#3046,.F.);
#4329=ORIENTED_EDGE('',*,*,#3033,.F.);
#4330=ORIENTED_EDGE('',*,*,#3048,.T.);
#4331=ORIENTED_EDGE('',*,*,#3041,.F.);
#4332=ORIENTED_EDGE('',*,*,#3047,.F.);
#4333=ORIENTED_EDGE('',*,*,#3032,.F.);
#4334=ORIENTED_EDGE('',*,*,#3044,.T.);
#4335=ORIENTED_EDGE('',*,*,#3042,.F.);
#4336=ORIENTED_EDGE('',*,*,#3048,.F.);
#4337=ORIENTED_EDGE('',*,*,#3049,.F.);
#4338=ORIENTED_EDGE('',*,*,#3050,.T.);
#4339=ORIENTED_EDGE('',*,*,#3051,.F.);
#4340=ORIENTED_EDGE('',*,*,#3052,.F.);
#4341=ORIENTED_EDGE('',*,*,#3053,.F.);
#4342=ORIENTED_EDGE('',*,*,#3052,.T.);
#4343=ORIENTED_EDGE('',*,*,#3054,.F.);
#4344=ORIENTED_EDGE('',*,*,#3055,.F.);
#4345=ORIENTED_EDGE('',*,*,#3056,.F.);
#4346=ORIENTED_EDGE('',*,*,#3055,.T.);
#4347=ORIENTED_EDGE('',*,*,#3057,.F.);
#4348=ORIENTED_EDGE('',*,*,#3058,.F.);
#4349=ORIENTED_EDGE('',*,*,#3059,.F.);
#4350=ORIENTED_EDGE('',*,*,#3058,.T.);
#4351=ORIENTED_EDGE('',*,*,#3060,.F.);
#4352=ORIENTED_EDGE('',*,*,#3061,.F.);
#4353=ORIENTED_EDGE('',*,*,#3062,.F.);
#4354=ORIENTED_EDGE('',*,*,#3061,.T.);
#4355=ORIENTED_EDGE('',*,*,#3063,.F.);
#4356=ORIENTED_EDGE('',*,*,#3064,.F.);
#4357=ORIENTED_EDGE('',*,*,#3065,.F.);
#4358=ORIENTED_EDGE('',*,*,#3064,.T.);
#4359=ORIENTED_EDGE('',*,*,#3066,.F.);
#4360=ORIENTED_EDGE('',*,*,#3067,.F.);
#4361=ORIENTED_EDGE('',*,*,#3068,.F.);
#4362=ORIENTED_EDGE('',*,*,#3067,.T.);
#4363=ORIENTED_EDGE('',*,*,#3069,.F.);
#4364=ORIENTED_EDGE('',*,*,#3070,.F.);
#4365=ORIENTED_EDGE('',*,*,#3071,.F.);
#4366=ORIENTED_EDGE('',*,*,#3070,.T.);
#4367=ORIENTED_EDGE('',*,*,#3072,.F.);
#4368=ORIENTED_EDGE('',*,*,#3050,.F.);
#4369=ORIENTED_EDGE('',*,*,#3072,.T.);
#4370=ORIENTED_EDGE('',*,*,#3069,.T.);
#4371=ORIENTED_EDGE('',*,*,#3066,.T.);
#4372=ORIENTED_EDGE('',*,*,#3063,.T.);
#4373=ORIENTED_EDGE('',*,*,#3060,.T.);
#4374=ORIENTED_EDGE('',*,*,#3057,.T.);
#4375=ORIENTED_EDGE('',*,*,#3054,.T.);
#4376=ORIENTED_EDGE('',*,*,#3051,.T.);
#4377=ORIENTED_EDGE('',*,*,#3071,.T.);
#4378=ORIENTED_EDGE('',*,*,#3049,.T.);
#4379=ORIENTED_EDGE('',*,*,#3053,.T.);
#4380=ORIENTED_EDGE('',*,*,#3056,.T.);
#4381=ORIENTED_EDGE('',*,*,#3059,.T.);
#4382=ORIENTED_EDGE('',*,*,#3062,.T.);
#4383=ORIENTED_EDGE('',*,*,#3065,.T.);
#4384=ORIENTED_EDGE('',*,*,#3068,.T.);
#4385=PLANE('',#4794);
#4386=PLANE('',#4801);
#4387=PLANE('',#4810);
#4388=PLANE('',#4816);
#4389=PLANE('',#4826);
#4390=PLANE('',#4833);
#4391=PLANE('',#4848);
#4392=PLANE('',#4849);
#4393=PLANE('',#4864);
#4394=PLANE('',#4865);
#4395=PLANE('',#4869);
#4396=PLANE('',#4870);
#4397=PLANE('',#4871);
#4398=PLANE('',#4872);
#4399=PLANE('',#4873);
#4400=PLANE('',#4874);
#4401=PLANE('',#4875);
#4402=PLANE('',#4876);
#4403=PLANE('',#4877);
#4404=PLANE('',#4878);
#4405=PLANE('',#4883);
#4406=PLANE('',#4884);
#4407=PLANE('',#4889);
#4408=PLANE('',#4890);
#4409=PLANE('',#4891);
#4410=PLANE('',#4892);
#4411=PLANE('',#4893);
#4412=PLANE('',#4898);
#4413=PLANE('',#4899);
#4414=PLANE('',#4900);
#4415=PLANE('',#4901);
#4416=PLANE('',#4902);
#4417=PLANE('',#4903);
#4418=PLANE('',#4904);
#4419=PLANE('',#4905);
#4420=PLANE('',#4906);
#4421=PLANE('',#4912);
#4422=PLANE('',#4913);
#4423=PLANE('',#4914);
#4424=PLANE('',#4915);
#4425=PLANE('',#4920);
#4426=PLANE('',#4921);
#4427=PLANE('',#4922);
#4428=PLANE('',#4923);
#4429=PLANE('',#4924);
#4430=PLANE('',#4925);
#4431=PLANE('',#4926);
#4432=PLANE('',#4927);
#4433=PLANE('',#4934);
#4434=PLANE('',#4939);
#4435=PLANE('',#4940);
#4436=PLANE('',#4941);
#4437=PLANE('',#4942);
#4438=PLANE('',#4945);
#4439=PLANE('',#4946);
#4440=PLANE('',#4951);
#4441=PLANE('',#4952);
#4442=PLANE('',#4953);
#4443=PLANE('',#4954);
#4444=ADVANCED_FACE('',(#1399),#4385,.T.);
#4445=ADVANCED_FACE('',(#1400),#1393,.F.);
#4446=ADVANCED_FACE('',(#1401,#1385),#4386,.T.);
#4447=ADVANCED_FACE('',(#1402),#1394,.T.);
#4448=ADVANCED_FACE('',(#1403),#1342,.T.);
#4449=ADVANCED_FACE('',(#1404,#1386),#4387,.T.);
#4450=ADVANCED_FACE('',(#1405),#1343,.T.);
#4451=ADVANCED_FACE('',(#1406,#1387),#4388,.F.);
#4452=ADVANCED_FACE('',(#1407),#1344,.T.);
#4453=ADVANCED_FACE('',(#1408),#1395,.T.);
#4454=ADVANCED_FACE('',(#1409,#1388),#4389,.F.);
#4455=ADVANCED_FACE('',(#1410),#1396,.F.);
#4456=ADVANCED_FACE('',(#1411),#4390,.F.);
#4457=ADVANCED_FACE('',(#1412),#1345,.T.);
#4458=ADVANCED_FACE('',(#1413),#1397,.T.);
#4459=ADVANCED_FACE('',(#1414),#1346,.T.);
#4460=ADVANCED_FACE('',(#1415),#4391,.T.);
#4461=ADVANCED_FACE('',(#1416),#4392,.F.);
#4462=ADVANCED_FACE('',(#1417),#1347,.T.);
#4463=ADVANCED_FACE('',(#1418),#1398,.T.);
#4464=ADVANCED_FACE('',(#1419),#1348,.T.);
#4465=ADVANCED_FACE('',(#1420),#4393,.F.);
#4466=ADVANCED_FACE('',(#1421),#4394,.T.);
#4467=ADVANCED_FACE('',(#1422),#1349,.F.);
#4468=ADVANCED_FACE('',(#1423),#1350,.T.);
#4469=ADVANCED_FACE('',(#1424),#24,.T.);
#4470=ADVANCED_FACE('',(#1425),#4395,.F.);
#4471=ADVANCED_FACE('',(#1426),#25,.T.);
#4472=ADVANCED_FACE('',(#1427),#4396,.F.);
#4473=ADVANCED_FACE('',(#1428),#26,.T.);
#4474=ADVANCED_FACE('',(#1429),#4397,.F.);
#4475=ADVANCED_FACE('',(#1430),#27,.T.);
#4476=ADVANCED_FACE('',(#1431),#4398,.F.);
#4477=ADVANCED_FACE('',(#1432),#28,.T.);
#4478=ADVANCED_FACE('',(#1433),#4399,.F.);
#4479=ADVANCED_FACE('',(#1434),#29,.T.);
#4480=ADVANCED_FACE('',(#1435),#4400,.F.);
#4481=ADVANCED_FACE('',(#1436),#30,.T.);
#4482=ADVANCED_FACE('',(#1437),#4401,.F.);
#4483=ADVANCED_FACE('',(#1438),#31,.T.);
#4484=ADVANCED_FACE('',(#1439),#4402,.F.);
#4485=ADVANCED_FACE('',(#1440),#32,.T.);
#4486=ADVANCED_FACE('',(#1441),#4403,.F.);
#4487=ADVANCED_FACE('',(#1442),#33,.T.);
#4488=ADVANCED_FACE('',(#1443),#4404,.F.);
#4489=ADVANCED_FACE('',(#1444),#1351,.T.);
#4490=ADVANCED_FACE('',(#1445),#1352,.F.);
#4491=ADVANCED_FACE('',(#1446),#1353,.F.);
#4492=ADVANCED_FACE('',(#1447),#1354,.T.);
#4493=ADVANCED_FACE('',(#1448),#34,.T.);
#4494=ADVANCED_FACE('',(#1449),#35,.T.);
#4495=ADVANCED_FACE('',(#1450),#4405,.F.);
#4496=ADVANCED_FACE('',(#1451),#36,.T.);
#4497=ADVANCED_FACE('',(#1452),#37,.T.);
#4498=ADVANCED_FACE('',(#1453),#4406,.F.);
#4499=ADVANCED_FACE('',(#1454),#38,.T.);
#4500=ADVANCED_FACE('',(#1455),#39,.T.);
#4501=ADVANCED_FACE('',(#1456),#40,.T.);
#4502=ADVANCED_FACE('',(#1457),#41,.T.);
#4503=ADVANCED_FACE('',(#1458),#42,.T.);
#4504=ADVANCED_FACE('',(#1459),#43,.T.);
#4505=ADVANCED_FACE('',(#1460,#1389),#1355,.T.);
#4506=ADVANCED_FACE('',(#1461),#44,.T.);
#4507=ADVANCED_FACE('',(#1462),#45,.T.);
#4508=ADVANCED_FACE('',(#1463),#46,.T.);
#4509=ADVANCED_FACE('',(#1464),#47,.T.);
#4510=ADVANCED_FACE('',(#1465),#48,.T.);
#4511=ADVANCED_FACE('',(#1466),#49,.T.);
#4512=ADVANCED_FACE('',(#1467,#1390),#1356,.F.);
#4513=ADVANCED_FACE('',(#1468),#1357,.F.);
#4514=ADVANCED_FACE('',(#1469),#1358,.T.);
#4515=ADVANCED_FACE('',(#1470),#50,.T.);
#4516=ADVANCED_FACE('',(#1471),#51,.T.);
#4517=ADVANCED_FACE('',(#1472),#52,.T.);
#4518=ADVANCED_FACE('',(#1473),#4407,.F.);
#4519=ADVANCED_FACE('',(#1474),#53,.T.);
#4520=ADVANCED_FACE('',(#1475),#54,.T.);
#4521=ADVANCED_FACE('',(#1476),#4408,.F.);
#4522=ADVANCED_FACE('',(#1477),#55,.T.);
#4523=ADVANCED_FACE('',(#1478),#56,.T.);
#4524=ADVANCED_FACE('',(#1479),#57,.T.);
#4525=ADVANCED_FACE('',(#1480),#58,.T.);
#4526=ADVANCED_FACE('',(#1481),#4409,.F.);
#4527=ADVANCED_FACE('',(#1482),#59,.T.);
#4528=ADVANCED_FACE('',(#1483),#60,.T.);
#4529=ADVANCED_FACE('',(#1484),#61,.T.);
#4530=ADVANCED_FACE('',(#1485),#62,.T.);
#4531=ADVANCED_FACE('',(#1486),#63,.T.);
#4532=ADVANCED_FACE('',(#1487),#64,.T.);
#4533=ADVANCED_FACE('',(#1488),#4410,.F.);
#4534=ADVANCED_FACE('',(#1489),#65,.T.);
#4535=ADVANCED_FACE('',(#1490),#66,.T.);
#4536=ADVANCED_FACE('',(#1491),#67,.T.);
#4537=ADVANCED_FACE('',(#1492),#68,.T.);
#4538=ADVANCED_FACE('',(#1493),#69,.T.);
#4539=ADVANCED_FACE('',(#1494),#70,.T.);
#4540=ADVANCED_FACE('',(#1495),#4411,.F.);
#4541=ADVANCED_FACE('',(#1496),#71,.T.);
#4542=ADVANCED_FACE('',(#1497),#1359,.T.);
#4543=ADVANCED_FACE('',(#1498),#1360,.F.);
#4544=ADVANCED_FACE('',(#1499),#1361,.F.);
#4545=ADVANCED_FACE('',(#1500),#1362,.T.);
#4546=ADVANCED_FACE('',(#1501),#72,.T.);
#4547=ADVANCED_FACE('',(#1502),#4412,.F.);
#4548=ADVANCED_FACE('',(#1503),#73,.T.);
#4549=ADVANCED_FACE('',(#1504),#4413,.F.);
#4550=ADVANCED_FACE('',(#1505),#74,.T.);
#4551=ADVANCED_FACE('',(#1506),#75,.T.);
#4552=ADVANCED_FACE('',(#1507),#4414,.F.);
#4553=ADVANCED_FACE('',(#1508),#76,.T.);
#4554=ADVANCED_FACE('',(#1509),#77,.T.);
#4555=ADVANCED_FACE('',(#1510),#78,.T.);
#4556=ADVANCED_FACE('',(#1511),#79,.T.);
#4557=ADVANCED_FACE('',(#1512),#4415,.F.);
#4558=ADVANCED_FACE('',(#1513),#80,.T.);
#4559=ADVANCED_FACE('',(#1514),#4416,.F.);
#4560=ADVANCED_FACE('',(#1515),#81,.T.);
#4561=ADVANCED_FACE('',(#1516),#4417,.F.);
#4562=ADVANCED_FACE('',(#1517),#82,.T.);
#4563=ADVANCED_FACE('',(#1518),#4418,.F.);
#4564=ADVANCED_FACE('',(#1519),#83,.T.);
#4565=ADVANCED_FACE('',(#1520),#4419,.F.);
#4566=ADVANCED_FACE('',(#1521),#84,.T.);
#4567=ADVANCED_FACE('',(#1522),#85,.T.);
#4568=ADVANCED_FACE('',(#1523),#86,.T.);
#4569=ADVANCED_FACE('',(#1524),#87,.T.);
#4570=ADVANCED_FACE('',(#1525),#88,.T.);
#4571=ADVANCED_FACE('',(#1526),#89,.T.);
#4572=ADVANCED_FACE('',(#1527),#90,.T.);
#4573=ADVANCED_FACE('',(#1528),#4420,.F.);
#4574=ADVANCED_FACE('',(#1529),#1363,.T.);
#4575=ADVANCED_FACE('',(#1530),#1364,.F.);
#4576=ADVANCED_FACE('',(#1531),#1365,.F.);
#4577=ADVANCED_FACE('',(#1532),#1366,.T.);
#4578=ADVANCED_FACE('',(#1533),#91,.T.);
#4579=ADVANCED_FACE('',(#1534),#4421,.F.);
#4580=ADVANCED_FACE('',(#1535),#92,.T.);
#4581=ADVANCED_FACE('',(#1536),#4422,.F.);
#4582=ADVANCED_FACE('',(#1537),#4423,.F.);
#4583=ADVANCED_FACE('',(#1538),#93,.T.);
#4584=ADVANCED_FACE('',(#1539),#4424,.F.);
#4585=ADVANCED_FACE('',(#1540),#94,.T.);
#4586=ADVANCED_FACE('',(#1541),#1367,.T.);
#4587=ADVANCED_FACE('',(#1542),#1368,.F.);
#4588=ADVANCED_FACE('',(#1543),#1369,.F.);
#4589=ADVANCED_FACE('',(#1544),#1370,.T.);
#4590=ADVANCED_FACE('',(#1545),#95,.T.);
#4591=ADVANCED_FACE('',(#1546),#4425,.F.);
#4592=ADVANCED_FACE('',(#1547),#96,.T.);
#4593=ADVANCED_FACE('',(#1548),#4426,.F.);
#4594=ADVANCED_FACE('',(#1549),#97,.T.);
#4595=ADVANCED_FACE('',(#1550),#98,.T.);
#4596=ADVANCED_FACE('',(#1551),#99,.T.);
#4597=ADVANCED_FACE('',(#1552),#100,.T.);
#4598=ADVANCED_FACE('',(#1553),#4427,.F.);
#4599=ADVANCED_FACE('',(#1554),#101,.T.);
#4600=ADVANCED_FACE('',(#1555),#4428,.F.);
#4601=ADVANCED_FACE('',(#1556),#102,.T.);
#4602=ADVANCED_FACE('',(#1557),#4429,.F.);
#4603=ADVANCED_FACE('',(#1558),#103,.T.);
#4604=ADVANCED_FACE('',(#1559),#4430,.F.);
#4605=ADVANCED_FACE('',(#1560),#104,.T.);
#4606=ADVANCED_FACE('',(#1561),#4431,.F.);
#4607=ADVANCED_FACE('',(#1562),#105,.T.);
#4608=ADVANCED_FACE('',(#1563),#106,.T.);
#4609=ADVANCED_FACE('',(#1564),#107,.T.);
#4610=ADVANCED_FACE('',(#1565),#108,.T.);
#4611=ADVANCED_FACE('',(#1566),#109,.T.);
#4612=ADVANCED_FACE('',(#1567),#110,.T.);
#4613=ADVANCED_FACE('',(#1568),#111,.T.);
#4614=ADVANCED_FACE('',(#1569),#4432,.F.);
#4615=ADVANCED_FACE('',(#1570),#1371,.T.);
#4616=ADVANCED_FACE('',(#1571),#1372,.F.);
#4617=ADVANCED_FACE('',(#1572),#1373,.F.);
#4618=ADVANCED_FACE('',(#1573),#1374,.T.);
#4619=ADVANCED_FACE('',(#1574),#4433,.F.);
#4620=ADVANCED_FACE('',(#1575),#112,.T.);
#4621=ADVANCED_FACE('',(#1576),#113,.T.);
#4622=ADVANCED_FACE('',(#1577),#114,.T.);
#4623=ADVANCED_FACE('',(#1578),#115,.T.);
#4624=ADVANCED_FACE('',(#1579),#116,.T.);
#4625=ADVANCED_FACE('',(#1580),#117,.T.);
#4626=ADVANCED_FACE('',(#1581),#118,.T.);
#4627=ADVANCED_FACE('',(#1582),#119,.T.);
#4628=ADVANCED_FACE('',(#1583),#120,.T.);
#4629=ADVANCED_FACE('',(#1584),#121,.T.);
#4630=ADVANCED_FACE('',(#1585),#122,.T.);
#4631=ADVANCED_FACE('',(#1586),#123,.T.);
#4632=ADVANCED_FACE('',(#1587),#124,.T.);
#4633=ADVANCED_FACE('',(#1588),#125,.T.);
#4634=ADVANCED_FACE('',(#1589),#126,.T.);
#4635=ADVANCED_FACE('',(#1590),#127,.T.);
#4636=ADVANCED_FACE('',(#1591),#128,.T.);
#4637=ADVANCED_FACE('',(#1592),#129,.T.);
#4638=ADVANCED_FACE('',(#1593),#130,.T.);
#4639=ADVANCED_FACE('',(#1594),#131,.T.);
#4640=ADVANCED_FACE('',(#1595),#132,.T.);
#4641=ADVANCED_FACE('',(#1596),#133,.T.);
#4642=ADVANCED_FACE('',(#1597),#134,.T.);
#4643=ADVANCED_FACE('',(#1598),#135,.T.);
#4644=ADVANCED_FACE('',(#1599),#136,.T.);
#4645=ADVANCED_FACE('',(#1600),#1375,.T.);
#4646=ADVANCED_FACE('',(#1601),#1376,.F.);
#4647=ADVANCED_FACE('',(#1602),#1377,.F.);
#4648=ADVANCED_FACE('',(#1603),#1378,.T.);
#4649=ADVANCED_FACE('',(#1604),#137,.T.);
#4650=ADVANCED_FACE('',(#1605),#4434,.F.);
#4651=ADVANCED_FACE('',(#1606),#138,.T.);
#4652=ADVANCED_FACE('',(#1607),#139,.T.);
#4653=ADVANCED_FACE('',(#1608),#140,.T.);
#4654=ADVANCED_FACE('',(#1609),#141,.T.);
#4655=ADVANCED_FACE('',(#1610),#142,.T.);
#4656=ADVANCED_FACE('',(#1611),#143,.T.);
#4657=ADVANCED_FACE('',(#1612),#4435,.F.);
#4658=ADVANCED_FACE('',(#1613),#144,.T.);
#4659=ADVANCED_FACE('',(#1614),#145,.T.);
#4660=ADVANCED_FACE('',(#1615),#146,.T.);
#4661=ADVANCED_FACE('',(#1616),#147,.T.);
#4662=ADVANCED_FACE('',(#1617),#148,.T.);
#4663=ADVANCED_FACE('',(#1618),#149,.T.);
#4664=ADVANCED_FACE('',(#1619),#4436,.F.);
#4665=ADVANCED_FACE('',(#1620),#150,.T.);
#4666=ADVANCED_FACE('',(#1621),#151,.T.);
#4667=ADVANCED_FACE('',(#1622),#152,.T.);
#4668=ADVANCED_FACE('',(#1623),#153,.T.);
#4669=ADVANCED_FACE('',(#1624),#154,.T.);
#4670=ADVANCED_FACE('',(#1625),#155,.T.);
#4671=ADVANCED_FACE('',(#1626),#156,.T.);
#4672=ADVANCED_FACE('',(#1627),#157,.T.);
#4673=ADVANCED_FACE('',(#1628),#158,.T.);
#4674=ADVANCED_FACE('',(#1629),#159,.T.);
#4675=ADVANCED_FACE('',(#1630),#160,.T.);
#4676=ADVANCED_FACE('',(#1631),#4437,.F.);
#4677=ADVANCED_FACE('',(#1632,#1391),#1379,.T.);
#4678=ADVANCED_FACE('',(#1633),#161,.T.);
#4679=ADVANCED_FACE('',(#1634),#162,.T.);
#4680=ADVANCED_FACE('',(#1635),#163,.T.);
#4681=ADVANCED_FACE('',(#1636),#164,.T.);
#4682=ADVANCED_FACE('',(#1637),#4438,.T.);
#4683=ADVANCED_FACE('',(#1638),#4439,.T.);
#4684=ADVANCED_FACE('',(#1639,#1392),#1380,.F.);
#4685=ADVANCED_FACE('',(#1640),#1381,.F.);
#4686=ADVANCED_FACE('',(#1641),#1382,.T.);
#4687=ADVANCED_FACE('',(#1642),#165,.T.);
#4688=ADVANCED_FACE('',(#1643),#4440,.F.);
#4689=ADVANCED_FACE('',(#1644),#166,.T.);
#4690=ADVANCED_FACE('',(#1645),#167,.T.);
#4691=ADVANCED_FACE('',(#1646),#4441,.F.);
#4692=ADVANCED_FACE('',(#1647),#168,.T.);
#4693=ADVANCED_FACE('',(#1648),#169,.T.);
#4694=ADVANCED_FACE('',(#1649),#4442,.F.);
#4695=ADVANCED_FACE('',(#1650),#170,.T.);
#4696=ADVANCED_FACE('',(#1651),#171,.T.);
#4697=ADVANCED_FACE('',(#1652),#4443,.F.);
#4698=ADVANCED_FACE('',(#1653),#172,.T.);
#4699=ADVANCED_FACE('',(#1654),#173,.T.);
#4700=ADVANCED_FACE('',(#1655),#174,.T.);
#4701=ADVANCED_FACE('',(#1656),#1383,.T.);
#4702=ADVANCED_FACE('',(#1657),#1384,.F.);
#4703=CLOSED_SHELL('',(#4444,#4445,#4446,#4447,#4448,#4449,#4450,#4451,
#4452,#4453,#4454,#4455,#4456));
#4704=CLOSED_SHELL('',(#4457,#4458,#4459,#4460,#4461));
#4705=CLOSED_SHELL('',(#4462,#4463,#4464,#4465,#4466));
#4706=CLOSED_SHELL('',(#4467,#4468,#4469,#4470,#4471,#4472,#4473,#4474,
#4475,#4476,#4477,#4478,#4479,#4480));
#4707=CLOSED_SHELL('',(#4481,#4482,#4483,#4484,#4485,#4486,#4487,#4488,
#4489,#4490));
#4708=CLOSED_SHELL('',(#4491,#4492,#4493,#4494,#4495,#4496,#4497,#4498));
#4709=CLOSED_SHELL('',(#4499,#4500,#4501,#4502,#4503,#4504,#4505,#4506,
#4507,#4508,#4509,#4510,#4511,#4512));
#4710=CLOSED_SHELL('',(#4513,#4514,#4515,#4516,#4517,#4518,#4519,#4520,
#4521,#4522,#4523,#4524,#4525));
#4711=CLOSED_SHELL('',(#4526,#4527,#4528,#4529,#4530,#4531,#4532,#4533,
#4534,#4535,#4536,#4537,#4538,#4539,#4540,#4541,#4542,#4543));
#4712=CLOSED_SHELL('',(#4544,#4545,#4546,#4547,#4548,#4549,#4550,#4551,
#4552));
#4713=CLOSED_SHELL('',(#4553,#4554,#4555,#4556,#4557,#4558,#4559,#4560,
#4561,#4562,#4563,#4564,#4565,#4566,#4567,#4568,#4569,#4570,#4571,#4572,
#4573,#4574,#4575));
#4714=CLOSED_SHELL('',(#4576,#4577,#4578,#4579,#4580,#4581));
#4715=CLOSED_SHELL('',(#4582,#4583,#4584,#4585,#4586,#4587));
#4716=CLOSED_SHELL('',(#4588,#4589,#4590,#4591,#4592,#4593));
#4717=CLOSED_SHELL('',(#4594,#4595,#4596,#4597,#4598,#4599,#4600,#4601,
#4602,#4603,#4604,#4605,#4606,#4607,#4608,#4609,#4610,#4611,#4612,#4613,
#4614,#4615,#4616));
#4718=CLOSED_SHELL('',(#4617,#4618,#4619,#4620,#4621,#4622,#4623,#4624,
#4625,#4626,#4627,#4628,#4629,#4630,#4631));
#4719=CLOSED_SHELL('',(#4632,#4633,#4634,#4635,#4636,#4637,#4638,#4639,
#4640,#4641,#4642,#4643,#4644,#4645,#4646));
#4720=CLOSED_SHELL('',(#4647,#4648,#4649,#4650,#4651,#4652,#4653,#4654,
#4655,#4656,#4657,#4658,#4659,#4660,#4661,#4662,#4663,#4664));
#4721=CLOSED_SHELL('',(#4665,#4666,#4667,#4668,#4669,#4670,#4671,#4672,
#4673,#4674,#4675,#4676,#4677,#4678,#4679,#4680,#4681,#4682,#4683,#4684));
#4722=CLOSED_SHELL('',(#4685,#4686,#4687,#4688,#4689,#4690,#4691,#4692));
#4723=CLOSED_SHELL('',(#4693,#4694,#4695,#4696,#4697,#4698,#4699,#4700,
#4701,#4702));
#4724=DERIVED_UNIT_ELEMENT(#4728,1.);
#4725=DERIVED_UNIT_ELEMENT(#10786,3.);
#4726=DERIVED_UNIT_ELEMENT(#4728,1.);
#4727=DERIVED_UNIT_ELEMENT(#10786,3.);
#4728=(
MASS_UNIT()
NAMED_UNIT(*)
SI_UNIT($,.GRAM.)
);
#4729=DERIVED_UNIT((#4724,#4725));
#4730=DERIVED_UNIT((#4726,#4727));
#4731=MEASURE_REPRESENTATION_ITEM('density measure',
POSITIVE_RATIO_MEASURE(1.),#4729);
#4732=MEASURE_REPRESENTATION_ITEM('density measure',
POSITIVE_RATIO_MEASURE(1.),#4730);
#4733=PROPERTY_DEFINITION_REPRESENTATION(#4743,#4737);
#4734=PROPERTY_DEFINITION_REPRESENTATION(#4744,#4738);
#4735=PROPERTY_DEFINITION_REPRESENTATION(#4745,#4739);
#4736=PROPERTY_DEFINITION_REPRESENTATION(#4746,#4740);
#4737=REPRESENTATION('material name',(#4741),#10782);
#4738=REPRESENTATION('density',(#4731),#10782);
#4739=REPRESENTATION('material name',(#4742),#10783);
#4740=REPRESENTATION('density',(#4732),#10783);
#4741=DESCRIPTIVE_REPRESENTATION_ITEM('Gen\X\E9rico','Gen\X\E9rico');
#4742=DESCRIPTIVE_REPRESENTATION_ITEM('Gen\X\E9rico','Gen\X\E9rico');
#4743=PROPERTY_DEFINITION('material property','material name',#10802);
#4744=PROPERTY_DEFINITION('material property','density of part',#10802);
#4745=PROPERTY_DEFINITION('material property','material name',#10803);
#4746=PROPERTY_DEFINITION('material property','density of part',#10803);
#4747=PRESENTATION_STYLE_ASSIGNMENT((#4750));
#4748=PRESENTATION_STYLE_ASSIGNMENT((#4751));
#4749=PRESENTATION_STYLE_ASSIGNMENT((#4752));
#4750=SURFACE_STYLE_USAGE(.BOTH.,#4759);
#4751=SURFACE_STYLE_USAGE(.BOTH.,#4760);
#4752=SURFACE_STYLE_USAGE(.BOTH.,#4761);
#4753=SURFACE_STYLE_RENDERING_WITH_PROPERTIES($,#4771,(#4756));
#4754=SURFACE_STYLE_RENDERING_WITH_PROPERTIES($,#4772,(#4757));
#4755=SURFACE_STYLE_RENDERING_WITH_PROPERTIES($,#4773,(#4758));
#4756=SURFACE_STYLE_TRANSPARENT(0.);
#4757=SURFACE_STYLE_TRANSPARENT(0.);
#4758=SURFACE_STYLE_TRANSPARENT(0.);
#4759=SURFACE_SIDE_STYLE('',(#4762,#4753));
#4760=SURFACE_SIDE_STYLE('',(#4763,#4754));
#4761=SURFACE_SIDE_STYLE('',(#4764,#4755));
#4762=SURFACE_STYLE_FILL_AREA(#4765);
#4763=SURFACE_STYLE_FILL_AREA(#4766);
#4764=SURFACE_STYLE_FILL_AREA(#4767);
#4765=FILL_AREA_STYLE('',(#4768));
#4766=FILL_AREA_STYLE('',(#4769));
#4767=FILL_AREA_STYLE('',(#4770));
#4768=FILL_AREA_STYLE_COLOUR('',#4771);
#4769=FILL_AREA_STYLE_COLOUR('',#4772);
#4770=FILL_AREA_STYLE_COLOUR('',#4773);
#4771=COLOUR_RGB('',0.749019607843137,0.749019607843137,0.749019607843137);
#4772=COLOUR_RGB('',0.831372549019608,0.831372549019608,0.831372549019608);
#4773=COLOUR_RGB('',0.286274509803922,0.286274509803922,0.286274509803922);
#4774=DATE_TIME_ROLE('creation_date');
#4775=DATE_TIME_ROLE('creation_date');
#4776=DATE_TIME_ROLE('creation_date');
#4777=APPLIED_DATE_AND_TIME_ASSIGNMENT(#4780,#4774,(#10801));
#4778=APPLIED_DATE_AND_TIME_ASSIGNMENT(#4781,#4775,(#10802));
#4779=APPLIED_DATE_AND_TIME_ASSIGNMENT(#4782,#4776,(#10803));
#4780=DATE_AND_TIME(#4783,#4786);
#4781=DATE_AND_TIME(#4784,#4787);
#4782=DATE_AND_TIME(#4785,#4788);
#4783=CALENDAR_DATE(2021,1,6);
#4784=CALENDAR_DATE(2021,1,6);
#4785=CALENDAR_DATE(2021,1,6);
#4786=LOCAL_TIME(0,0,0.,#4789);
#4787=LOCAL_TIME(0,0,0.,#4790);
#4788=LOCAL_TIME(0,0,0.,#4791);
#4789=COORDINATED_UNIVERSAL_TIME_OFFSET(0,0,.BEHIND.);
#4790=COORDINATED_UNIVERSAL_TIME_OFFSET(0,0,.BEHIND.);
#4791=COORDINATED_UNIVERSAL_TIME_OFFSET(0,0,.BEHIND.);
#4792=AXIS2_PLACEMENT_3D('placement',#5589,#4959,#4960);
#4793=AXIS2_PLACEMENT_3D('placement',#5590,#4961,#4962);
#4794=AXIS2_PLACEMENT_3D('',#5591,#4963,#4964);
#4795=AXIS2_PLACEMENT_3D('',#5594,#4965,#4966);
#4796=AXIS2_PLACEMENT_3D('',#5595,#4967,#4968);
#4797=AXIS2_PLACEMENT_3D('',#5596,#4969,#4970);
#4798=AXIS2_PLACEMENT_3D('',#5598,#4971,#4972);
#4799=AXIS2_PLACEMENT_3D('',#5600,#4973,#4974);
#4800=AXIS2_PLACEMENT_3D('',#5601,#4975,#4976);
#4801=AXIS2_PLACEMENT_3D('',#5602,#4977,#4978);
#4802=AXIS2_PLACEMENT_3D('',#5605,#4979,#4980);
#4803=AXIS2_PLACEMENT_3D('',#5606,#4981,#4982);
#4804=AXIS2_PLACEMENT_3D('',#5607,#4983,#4984);
#4805=AXIS2_PLACEMENT_3D('',#5609,#4985,#4986);
#4806=AXIS2_PLACEMENT_3D('',#5611,#4987,#4988);
#4807=AXIS2_PLACEMENT_3D('',#5612,#4989,#4990);
#4808=AXIS2_PLACEMENT_3D('',#5613,#4991,#4992);
#4809=AXIS2_PLACEMENT_3D('',#5616,#4994,#4995);
#4810=AXIS2_PLACEMENT_3D('',#5617,#4996,#4997);
#4811=AXIS2_PLACEMENT_3D('',#5620,#4998,#4999);
#4812=AXIS2_PLACEMENT_3D('',#5621,#5000,#5001);
#4813=AXIS2_PLACEMENT_3D('',#5622,#5002,#5003);
#4814=AXIS2_PLACEMENT_3D('',#5625,#5004,#5005);
#4815=AXIS2_PLACEMENT_3D('',#5627,#5007,#5008);
#4816=AXIS2_PLACEMENT_3D('',#5628,#5009,#5010);
#4817=AXIS2_PLACEMENT_3D('',#5631,#5011,#5012);
#4818=AXIS2_PLACEMENT_3D('',#5632,#5013,#5014);
#4819=AXIS2_PLACEMENT_3D('',#5633,#5015,#5016);
#4820=AXIS2_PLACEMENT_3D('',#5637,#5018,#5019);
#4821=AXIS2_PLACEMENT_3D('',#5638,#5020,#5021);
#4822=AXIS2_PLACEMENT_3D('',#5639,#5022,#5023);
#4823=AXIS2_PLACEMENT_3D('',#5641,#5024,#5025);
#4824=AXIS2_PLACEMENT_3D('',#5643,#5026,#5027);
#4825=AXIS2_PLACEMENT_3D('',#5644,#5028,#5029);
#4826=AXIS2_PLACEMENT_3D('',#5645,#5030,#5031);
#4827=AXIS2_PLACEMENT_3D('',#5648,#5032,#5033);
#4828=AXIS2_PLACEMENT_3D('',#5649,#5034,#5035);
#4829=AXIS2_PLACEMENT_3D('',#5650,#5036,#5037);
#4830=AXIS2_PLACEMENT_3D('',#5652,#5038,#5039);
#4831=AXIS2_PLACEMENT_3D('',#5654,#5040,#5041);
#4832=AXIS2_PLACEMENT_3D('',#5655,#5042,#5043);
#4833=AXIS2_PLACEMENT_3D('',#5656,#5044,#5045);
#4834=AXIS2_PLACEMENT_3D('',#5657,#5046,#5047);
#4835=AXIS2_PLACEMENT_3D('',#5660,#5048,#5049);
#4836=AXIS2_PLACEMENT_3D('',#5661,#5050,#5051);
#4837=AXIS2_PLACEMENT_3D('',#5665,#5053,#5054);
#4838=AXIS2_PLACEMENT_3D('',#5667,#5055,#5056);
#4839=AXIS2_PLACEMENT_3D('',#5668,#5057,#5058);
#4840=AXIS2_PLACEMENT_3D('',#5669,#5059,#5060);
#4841=AXIS2_PLACEMENT_3D('',#5671,#5061,#5062);
#4842=AXIS2_PLACEMENT_3D('',#5673,#5063,#5064);
#4843=AXIS2_PLACEMENT_3D('',#5675,#5065,#5066);
#4844=AXIS2_PLACEMENT_3D('',#5676,#5067,#5068);
#4845=AXIS2_PLACEMENT_3D('',#5677,#5069,#5070);
#4846=AXIS2_PLACEMENT_3D('',#5681,#5072,#5073);
#4847=AXIS2_PLACEMENT_3D('',#5682,#5074,#5075);
#4848=AXIS2_PLACEMENT_3D('',#5683,#5076,#5077);
#4849=AXIS2_PLACEMENT_3D('',#5684,#5078,#5079);
#4850=AXIS2_PLACEMENT_3D('',#5685,#5080,#5081);
#4851=AXIS2_PLACEMENT_3D('',#5688,#5082,#5083);
#4852=AXIS2_PLACEMENT_3D('',#5692,#5085,#5086);
#4853=AXIS2_PLACEMENT_3D('',#5694,#5087,#5088);
#4854=AXIS2_PLACEMENT_3D('',#5695,#5089,#5090);
#4855=AXIS2_PLACEMENT_3D('',#5696,#5091,#5092);
#4856=AXIS2_PLACEMENT_3D('',#5697,#5093,#5094);
#4857=AXIS2_PLACEMENT_3D('',#5699,#5095,#5096);
#4858=AXIS2_PLACEMENT_3D('',#5701,#5097,#5098);
#4859=AXIS2_PLACEMENT_3D('',#5703,#5099,#5100);
#4860=AXIS2_PLACEMENT_3D('',#5704,#5101,#5102);
#4861=AXIS2_PLACEMENT_3D('',#5705,#5103,#5104);
#4862=AXIS2_PLACEMENT_3D('',#5709,#5106,#5107);
#4863=AXIS2_PLACEMENT_3D('',#5710,#5108,#5109);
#4864=AXIS2_PLACEMENT_3D('',#5711,#5110,#5111);
#4865=AXIS2_PLACEMENT_3D('',#5712,#5112,#5113);
#4866=AXIS2_PLACEMENT_3D('placement',#5713,#5114,#5115);
#4867=AXIS2_PLACEMENT_3D('',#5714,#5116,#5117);
#4868=AXIS2_PLACEMENT_3D('',#5757,#5124,#5125);
#4869=AXIS2_PLACEMENT_3D('',#5818,#5134,#5135);
#4870=AXIS2_PLACEMENT_3D('',#5837,#5138,#5139);
#4871=AXIS2_PLACEMENT_3D('',#5856,#5142,#5143);
#4872=AXIS2_PLACEMENT_3D('',#5875,#5146,#5147);
#4873=AXIS2_PLACEMENT_3D('',#5894,#5150,#5151);
#4874=AXIS2_PLACEMENT_3D('',#5913,#5154,#5155);
#4875=AXIS2_PLACEMENT_3D('',#5944,#5158,#5159);
#4876=AXIS2_PLACEMENT_3D('',#5977,#5164,#5165);
#4877=AXIS2_PLACEMENT_3D('',#6010,#5170,#5171);
#4878=AXIS2_PLACEMENT_3D('',#6043,#5176,#5177);
#4879=AXIS2_PLACEMENT_3D('',#6046,#5180,#5181);
#4880=AXIS2_PLACEMENT_3D('',#6047,#5182,#5183);
#4881=AXIS2_PLACEMENT_3D('',#6048,#5184,#5185);
#4882=AXIS2_PLACEMENT_3D('',#6073,#5188,#5189);
#4883=AXIS2_PLACEMENT_3D('',#6133,#5195,#5196);
#4884=AXIS2_PLACEMENT_3D('',#6169,#5200,#5201);
#4885=AXIS2_PLACEMENT_3D('',#6404,#5208,#5209);
#4886=AXIS2_PLACEMENT_3D('',#6639,#5216,#5217);
#4887=AXIS2_PLACEMENT_3D('',#6640,#5218,#5219);
#4888=AXIS2_PLACEMENT_3D('',#6691,#5222,#5223);
#4889=AXIS2_PLACEMENT_3D('',#6798,#5230,#5231);
#4890=AXIS2_PLACEMENT_3D('',#6834,#5235,#5236);
#4891=AXIS2_PLACEMENT_3D('',#6903,#5241,#5242);
#4892=AXIS2_PLACEMENT_3D('',#7074,#5253,#5254);
#4893=AXIS2_PLACEMENT_3D('',#7278,#5264,#5265);
#4894=AXIS2_PLACEMENT_3D('',#7311,#5268,#5269);
#4895=AXIS2_PLACEMENT_3D('',#7312,#5270,#5271);
#4896=AXIS2_PLACEMENT_3D('',#7313,#5272,#5273);
#4897=AXIS2_PLACEMENT_3D('',#7340,#5277,#5278);
#4898=AXIS2_PLACEMENT_3D('',#7385,#5284,#5285);
#4899=AXIS2_PLACEMENT_3D('',#7404,#5288,#5289);
#4900=AXIS2_PLACEMENT_3D('',#7440,#5293,#5294);
#4901=AXIS2_PLACEMENT_3D('',#7552,#5300,#5301);
#4902=AXIS2_PLACEMENT_3D('',#7585,#5306,#5307);
#4903=AXIS2_PLACEMENT_3D('',#7618,#5312,#5313);
#4904=AXIS2_PLACEMENT_3D('',#7651,#5318,#5319);
#4905=AXIS2_PLACEMENT_3D('',#7684,#5324,#5325);
#4906=AXIS2_PLACEMENT_3D('',#7879,#5336,#5337);
#4907=AXIS2_PLACEMENT_3D('',#7880,#5338,#5339);
#4908=AXIS2_PLACEMENT_3D('',#7885,#5340,#5341);
#4909=AXIS2_PLACEMENT_3D('',#7886,#5342,#5343);
#4910=AXIS2_PLACEMENT_3D('',#7887,#5344,#5345);
#4911=AXIS2_PLACEMENT_3D('',#7902,#5348,#5349);
#4912=AXIS2_PLACEMENT_3D('',#7935,#5354,#5355);
#4913=AXIS2_PLACEMENT_3D('',#7954,#5358,#5359);
#4914=AXIS2_PLACEMENT_3D('',#7955,#5360,#5361);
#4915=AXIS2_PLACEMENT_3D('',#7991,#5367,#5368);
#4916=AXIS2_PLACEMENT_3D('',#8021,#5372,#5373);
#4917=AXIS2_PLACEMENT_3D('',#8022,#5374,#5375);
#4918=AXIS2_PLACEMENT_3D('',#8023,#5376,#5377);
#4919=AXIS2_PLACEMENT_3D('',#8038,#5380,#5381);
#4920=AXIS2_PLACEMENT_3D('',#8071,#5386,#5387);
#4921=AXIS2_PLACEMENT_3D('',#8090,#5390,#5391);
#4922=AXIS2_PLACEMENT_3D('',#8214,#5397,#5398);
#4923=AXIS2_PLACEMENT_3D('',#8247,#5403,#5404);
#4924=AXIS2_PLACEMENT_3D('',#8280,#5409,#5410);
#4925=AXIS2_PLACEMENT_3D('',#8313,#5415,#5416);
#4926=AXIS2_PLACEMENT_3D('',#8346,#5421,#5422);
#4927=AXIS2_PLACEMENT_3D('',#8541,#5433,#5434);
#4928=AXIS2_PLACEMENT_3D('',#8542,#5435,#5436);
#4929=AXIS2_PLACEMENT_3D('',#8547,#5437,#5438);
#4930=AXIS2_PLACEMENT_3D('',#8548,#5439,#5440);
#4931=AXIS2_PLACEMENT_3D('',#8549,#5441,#5442);
#4932=AXIS2_PLACEMENT_3D('',#8552,#5443,#5444);
#4933=AXIS2_PLACEMENT_3D('',#8635,#5445,#5446);
#4934=AXIS2_PLACEMENT_3D('',#8724,#5447,#5448);
#4935=AXIS2_PLACEMENT_3D('',#9511,#5475,#5476);
#4936=AXIS2_PLACEMENT_3D('',#9512,#5477,#5478);
#4937=AXIS2_PLACEMENT_3D('',#9513,#5479,#5480);
#4938=AXIS2_PLACEMENT_3D('',#9591,#5484,#5485);
#4939=AXIS2_PLACEMENT_3D('',#9687,#5491,#5492);
#4940=AXIS2_PLACEMENT_3D('',#9815,#5500,#5501);
#4941=AXIS2_PLACEMENT_3D('',#9919,#5509,#5510);
#4942=AXIS2_PLACEMENT_3D('',#10292,#5523,#5524);
#4943=AXIS2_PLACEMENT_3D('',#10295,#5527,#5528);
#4944=AXIS2_PLACEMENT_3D('',#10298,#5529,#5530);
#4945=AXIS2_PLACEMENT_3D('',#10446,#5537,#5538);
#4946=AXIS2_PLACEMENT_3D('',#10450,#5541,#5542);
#4947=AXIS2_PLACEMENT_3D('',#10451,#5543,#5544);
#4948=AXIS2_PLACEMENT_3D('',#10452,#5545,#5546);
#4949=AXIS2_PLACEMENT_3D('',#10453,#5547,#5548);
#4950=AXIS2_PLACEMENT_3D('',#10478,#5551,#5552);
#4951=AXIS2_PLACEMENT_3D('',#10521,#5557,#5558);
#4952=AXIS2_PLACEMENT_3D('',#10557,#5562,#5563);
#4953=AXIS2_PLACEMENT_3D('',#10605,#5567,#5568);
#4954=AXIS2_PLACEMENT_3D('',#10665,#5574,#5575);
#4955=AXIS2_PLACEMENT_3D('',#10773,#5581,#5582);
#4956=AXIS2_PLACEMENT_3D('',#10774,#5583,#5584);
#4957=AXIS2_PLACEMENT_3D('',#10775,#5585,#5586);
#4958=AXIS2_PLACEMENT_3D('',#10776,#5587,#5588);
#4959=DIRECTION('axis',(0.,0.,1.));
#4960=DIRECTION('refdir',(1.,0.,0.));
#4961=DIRECTION('axis',(0.,0.,1.));
#4962=DIRECTION('refdir',(1.,0.,0.));
#4963=DIRECTION('center_axis',(0.,0.,-1.));
#4964=DIRECTION('ref_axis',(0.,1.,0.));
#4965=DIRECTION('center_axis',(0.,0.,-1.));
#4966=DIRECTION('ref_axis',(0.,-1.,0.));
#4967=DIRECTION('center_axis',(0.,0.,-1.));
#4968=DIRECTION('ref_axis',(0.,-1.,0.));
#4969=DIRECTION('center_axis',(0.,0.,-1.));
#4970=DIRECTION('ref_axis',(0.0682881472913105,-0.997665639851108,0.));
#4971=DIRECTION('center_axis',(-0.997665639851108,-0.0682881472913104,0.));
#4972=DIRECTION('ref_axis',(-0.0682881472913104,0.997665639851108,0.));
#4973=DIRECTION('center_axis',(0.,0.,-1.));
#4974=DIRECTION('ref_axis',(0.,-1.,0.));
#4975=DIRECTION('center_axis',(0.,0.,-1.));
#4976=DIRECTION('ref_axis',(0.,-1.,0.));
#4977=DIRECTION('center_axis',(0.,0.,-1.));
#4978=DIRECTION('ref_axis',(0.,-1.,0.));
#4979=DIRECTION('center_axis',(0.,0.,1.));
#4980=DIRECTION('ref_axis',(0.,-1.,0.));
#4981=DIRECTION('center_axis',(0.,0.,1.));
#4982=DIRECTION('ref_axis',(0.,-1.,0.));
#4983=DIRECTION('center_axis',(0.,0.,-1.));
#4984=DIRECTION('ref_axis',(-0.0159833193879806,-0.999872258591737,0.));
#4985=DIRECTION('center_axis',(0.999872258591737,-0.0159833193879807,0.));
#4986=DIRECTION('ref_axis',(0.0159833193879807,0.999872258591737,0.));
#4987=DIRECTION('center_axis',(0.,0.,1.));
#4988=DIRECTION('ref_axis',(0.,1.,0.));
#4989=DIRECTION('center_axis',(0.,0.,1.));
#4990=DIRECTION('ref_axis',(0.,1.,0.));
#4991=DIRECTION('center_axis',(0.,0.,-1.));
#4992=DIRECTION('ref_axis',(0.,-1.,0.));
#4993=DIRECTION('',(0.,0.,1.));
#4994=DIRECTION('center_axis',(0.,0.,-1.));
#4995=DIRECTION('ref_axis',(0.,-1.,0.));
#4996=DIRECTION('center_axis',(0.,0.,1.));
#4997=DIRECTION('ref_axis',(0.,1.,0.));
#4998=DIRECTION('center_axis',(0.,0.,1.));
#4999=DIRECTION('ref_axis',(0.,-1.,0.));
#5000=DIRECTION('center_axis',(0.,0.,1.));
#5001=DIRECTION('ref_axis',(0.,-1.,0.));
#5002=DIRECTION('center_axis',(0.,0.,1.));
#5003=DIRECTION('ref_axis',(0.,1.,0.));
#5004=DIRECTION('center_axis',(0.,0.,-1.));
#5005=DIRECTION('ref_axis',(0.,-1.,0.));
#5006=DIRECTION('',(0.,0.,-1.));
#5007=DIRECTION('center_axis',(0.,0.,-1.));
#5008=DIRECTION('ref_axis',(0.,-1.,0.));
#5009=DIRECTION('center_axis',(0.,0.,1.));
#5010=DIRECTION('ref_axis',(0.,1.,0.));
#5011=DIRECTION('center_axis',(0.,0.,-1.));
#5012=DIRECTION('ref_axis',(0.,-1.,0.));
#5013=DIRECTION('center_axis',(0.,0.,-1.));
#5014=DIRECTION('ref_axis',(0.,-1.,0.));
#5015=DIRECTION('center_axis',(0.,0.,-1.));
#5016=DIRECTION('ref_axis',(0.,-1.,0.));
#5017=DIRECTION('',(0.,0.,1.));
#5018=DIRECTION('center_axis',(0.,0.,1.));
#5019=DIRECTION('ref_axis',(0.,-1.,0.));
#5020=DIRECTION('center_axis',(0.,0.,1.));
#5021=DIRECTION('ref_axis',(0.,-1.,0.));
#5022=DIRECTION('center_axis',(0.,0.,-1.));
#5023=DIRECTION('ref_axis',(-0.0236125079576104,-0.999721185865315,0.));
#5024=DIRECTION('center_axis',(0.999721185865315,-0.0236125079576105,0.));
#5025=DIRECTION('ref_axis',(0.0236125079576105,0.999721185865315,0.));
#5026=DIRECTION('center_axis',(0.,0.,1.));
#5027=DIRECTION('ref_axis',(0.,-1.,0.));
#5028=DIRECTION('center_axis',(0.,0.,1.));
#5029=DIRECTION('ref_axis',(0.,-1.,0.));
#5030=DIRECTION('center_axis',(0.,0.,-1.));
#5031=DIRECTION('ref_axis',(0.,-1.,0.));
#5032=DIRECTION('center_axis',(0.,0.,-1.));
#5033=DIRECTION('ref_axis',(0.,1.,0.));
#5034=DIRECTION('center_axis',(0.,0.,-1.));
#5035=DIRECTION('ref_axis',(0.,1.,0.));
#5036=DIRECTION('center_axis',(0.,0.,-1.));
#5037=DIRECTION('ref_axis',(-0.0715760763586774,0.997435143401864,0.));
#5038=DIRECTION('center_axis',(0.997435143401864,0.0715760763586773,0.));
#5039=DIRECTION('ref_axis',(0.0715760763586773,-0.997435143401864,0.));
#5040=DIRECTION('center_axis',(0.,0.,-1.));
#5041=DIRECTION('ref_axis',(0.,1.,0.));
#5042=DIRECTION('center_axis',(0.,0.,-1.));
#5043=DIRECTION('ref_axis',(0.,1.,0.));
#5044=DIRECTION('center_axis',(0.,0.,-1.));
#5045=DIRECTION('ref_axis',(0.,1.,0.));
#5046=DIRECTION('center_axis',(0.,-1.,3.80056809061086E-16));
#5047=DIRECTION('ref_axis',(1.,0.,0.));
#5048=DIRECTION('center_axis',(0.,-1.,6.12323399573677E-17));
#5049=DIRECTION('ref_axis',(1.,0.,0.));
#5050=DIRECTION('center_axis',(0.,-1.,6.12323399573677E-17));
#5051=DIRECTION('ref_axis',(1.,0.,0.));
#5052=DIRECTION('',(0.,1.,-3.80056809061086E-16));
#5053=DIRECTION('center_axis',(0.,-1.,6.12323399573677E-17));
#5054=DIRECTION('ref_axis',(1.,0.,0.));
#5055=DIRECTION('center_axis',(0.,-1.,6.12323399573677E-17));
#5056=DIRECTION('ref_axis',(1.,0.,0.));
#5057=DIRECTION('center_axis',(0.,-1.,6.12323399573677E-17));
#5058=DIRECTION('ref_axis',(1.,0.,0.));
#5059=DIRECTION('center_axis',(1.,0.,0.));
#5060=DIRECTION('ref_axis',(0.,0.,-1.));
#5061=DIRECTION('center_axis',(-1.,0.,0.));
#5062=DIRECTION('ref_axis',(0.,0.,-1.));
#5063=DIRECTION('center_axis',(0.,0.,1.));
#5064=DIRECTION('ref_axis',(1.,0.,0.));
#5065=DIRECTION('center_axis',(0.,0.,1.));
#5066=DIRECTION('ref_axis',(1.,0.,0.));
#5067=DIRECTION('center_axis',(0.,0.,1.));
#5068=DIRECTION('ref_axis',(1.,0.,0.));
#5069=DIRECTION('center_axis',(0.,0.,1.));
#5070=DIRECTION('ref_axis',(1.,0.,0.));
#5071=DIRECTION('',(0.,0.,-1.));
#5072=DIRECTION('center_axis',(0.,0.,1.));
#5073=DIRECTION('ref_axis',(1.,0.,0.));
#5074=DIRECTION('center_axis',(0.,0.,1.));
#5075=DIRECTION('ref_axis',(1.,0.,0.));
#5076=DIRECTION('center_axis',(0.,-1.,6.12323399573677E-17));
#5077=DIRECTION('ref_axis',(1.,0.,0.));
#5078=DIRECTION('center_axis',(0.,0.,1.));
#5079=DIRECTION('ref_axis',(1.,0.,0.));
#5080=DIRECTION('center_axis',(0.,1.,3.80056809061086E-16));
#5081=DIRECTION('ref_axis',(1.,0.,0.));
#5082=DIRECTION('center_axis',(0.,1.,6.12323399573677E-17));
#5083=DIRECTION('ref_axis',(1.,0.,0.));
#5084=DIRECTION('',(0.,1.,3.80056809061086E-16));
#5085=DIRECTION('center_axis',(0.,1.,6.12323399573677E-17));
#5086=DIRECTION('ref_axis',(1.,0.,0.));
#5087=DIRECTION('center_axis',(0.,1.,6.12323399573677E-17));
#5088=DIRECTION('ref_axis',(1.,0.,0.));
#5089=DIRECTION('center_axis',(0.,1.,6.12323399573677E-17));
#5090=DIRECTION('ref_axis',(1.,0.,0.));
#5091=DIRECTION('center_axis',(0.,1.,6.12323399573677E-17));
#5092=DIRECTION('ref_axis',(1.,0.,0.));
#5093=DIRECTION('center_axis',(1.,0.,0.));
#5094=DIRECTION('ref_axis',(0.,0.,1.));
#5095=DIRECTION('center_axis',(1.,0.,0.));
#5096=DIRECTION('ref_axis',(0.,0.,1.));
#5097=DIRECTION('center_axis',(0.,0.,1.));
#5098=DIRECTION('ref_axis',(1.,0.,0.));
#5099=DIRECTION('center_axis',(0.,0.,1.));
#5100=DIRECTION('ref_axis',(1.,0.,0.));
#5101=DIRECTION('center_axis',(0.,0.,1.));
#5102=DIRECTION('ref_axis',(1.,0.,0.));
#5103=DIRECTION('center_axis',(0.,0.,1.));
#5104=DIRECTION('ref_axis',(1.,0.,0.));
#5105=DIRECTION('',(0.,0.,1.));
#5106=DIRECTION('center_axis',(0.,0.,1.));
#5107=DIRECTION('ref_axis',(1.,0.,0.));
#5108=DIRECTION('center_axis',(0.,0.,1.));
#5109=DIRECTION('ref_axis',(1.,0.,0.));
#5110=DIRECTION('center_axis',(0.,1.,6.12323399573677E-17));
#5111=DIRECTION('ref_axis',(1.,0.,0.));
#5112=DIRECTION('center_axis',(0.,0.,1.));
#5113=DIRECTION('ref_axis',(1.,0.,0.));
#5114=DIRECTION('axis',(0.,0.,1.));
#5115=DIRECTION('refdir',(1.,0.,0.));
#5116=DIRECTION('center_axis',(0.,0.,1.));
#5117=DIRECTION('ref_axis',(1.,0.,0.));
#5118=DIRECTION('',(0.,0.,1.));
#5119=DIRECTION('',(0.,0.,-1.));
#5120=DIRECTION('',(0.,0.,1.));
#5121=DIRECTION('',(0.,0.,-1.));
#5122=DIRECTION('',(0.,0.,1.));
#5123=DIRECTION('',(0.,0.,-1.));
#5124=DIRECTION('center_axis',(0.,0.,1.));
#5125=DIRECTION('ref_axis',(1.,0.,0.));
#5126=DIRECTION('',(-1.08439195702024E-16,0.,1.));
#5127=DIRECTION('',(9.59088783541776E-16,0.,-1.));
#5128=DIRECTION('',(-3.59316063735375E-16,0.,1.));
#5129=DIRECTION('',(0.,0.,-1.));
#5130=DIRECTION('',(0.,0.,1.));
#5131=DIRECTION('',(0.,0.,-1.));
#5132=DIRECTION('',(-0.184352822339641,0.982860130891171,0.));
#5133=DIRECTION('',(0.266265453607565,0.963899739711116,0.));
#5134=DIRECTION('center_axis',(0.982860130891171,0.184352822339641,1.08439195702024E-16));
#5135=DIRECTION('ref_axis',(1.10330241601825E-16,0.,-1.));
#5136=DIRECTION('',(-0.184352822339641,0.982860130891171,0.));
#5137=DIRECTION('',(-0.08461603348343,0.996413632422565,0.));
#5138=DIRECTION('center_axis',(-0.996413632422565,-0.0846160334834299,-9.59088783541776E-16));
#5139=DIRECTION('ref_axis',(-9.62540808690019E-16,0.,1.));
#5140=DIRECTION('',(-0.0846160334834297,0.996413632422565,0.));
#5141=DIRECTION('',(-0.00195848551567257,0.999998082165403,0.));
#5142=DIRECTION('center_axis',(0.999998082165403,0.00195848551567261,3.5791794675586E-16));
#5143=DIRECTION('ref_axis',(3.57918633184598E-16,0.,-1.));
#5144=DIRECTION('',(-0.00195848551567283,0.999998082165403,0.));
#5145=DIRECTION('',(0.0897394748829577,0.995965273816176,0.));
#5146=DIRECTION('center_axis',(-0.995965273816176,0.0897394748829577,0.));
#5147=DIRECTION('ref_axis',(0.,0.,1.));
#5148=DIRECTION('',(0.0897394748829577,0.995965273816176,0.));
#5149=DIRECTION('',(0.168480301636494,0.985705020764567,0.));
#5150=DIRECTION('center_axis',(0.985705020764567,-0.168480301636494,0.));
#5151=DIRECTION('ref_axis',(0.,0.,-1.));
#5152=DIRECTION('',(0.168480301636494,0.985705020764567,0.));
#5153=DIRECTION('',(0.266265453607565,0.963899739711116,0.));
#5154=DIRECTION('center_axis',(-0.963899739711116,0.266265453607565,0.));
#5155=DIRECTION('ref_axis',(0.,0.,1.));
#5156=DIRECTION('',(0.2664025148859,0.963861867729224,0.));
#5157=DIRECTION('',(0.165275654549449,0.986247412170623,0.));
#5158=DIRECTION('center_axis',(0.986247412170623,-0.165275654549449,0.));
#5159=DIRECTION('ref_axis',(0.,0.,-1.));
#5160=DIRECTION('',(0.,0.,-1.));
#5161=DIRECTION('',(0.,0.,1.));
#5162=DIRECTION('',(0.165275654549449,0.986247412170623,0.));
#5163=DIRECTION('',(-0.184352822339641,0.982860130891171,0.));
#5164=DIRECTION('center_axis',(0.982860130891171,0.184352822339641,6.61438672530849E-16));
#5165=DIRECTION('ref_axis',(6.72973347622836E-16,0.,-1.));
#5166=DIRECTION('',(0.,0.,-1.));
#5167=DIRECTION('',(-6.61438672530849E-16,0.,1.));
#5168=DIRECTION('',(-0.184352822339641,0.982860130891171,0.));
#5169=DIRECTION('',(0.165275654549449,0.986247412170623,0.));
#5170=DIRECTION('center_axis',(0.986247412170623,-0.165275654549449,0.));
#5171=DIRECTION('ref_axis',(0.,0.,-1.));
#5172=DIRECTION('',(0.,0.,-1.));
#5173=DIRECTION('',(0.,0.,1.));
#5174=DIRECTION('',(0.165275654549449,0.986247412170623,0.));
#5175=DIRECTION('',(0.2664025148859,0.963861867729224,0.));
#5176=DIRECTION('center_axis',(-0.963861867729224,0.2664025148859,-3.99509905876435E-16));
#5177=DIRECTION('ref_axis',(-4.14488755341724E-16,0.,1.));
#5178=DIRECTION('',(0.,0.,1.));
#5179=DIRECTION('',(4.99183039904441E-16,0.,-1.));
#5180=DIRECTION('center_axis',(0.,0.,1.));
#5181=DIRECTION('ref_axis',(1.,0.,0.));
#5182=DIRECTION('center_axis',(0.,0.,1.));
#5183=DIRECTION('ref_axis',(1.,0.,0.));
#5184=DIRECTION('center_axis',(0.,0.,1.));
#5185=DIRECTION('ref_axis',(1.,0.,0.));
#5186=DIRECTION('',(0.,0.,-1.));
#5187=DIRECTION('',(0.,0.,1.));
#5188=DIRECTION('center_axis',(0.,0.,1.));
#5189=DIRECTION('ref_axis',(1.,0.,0.));
#5190=DIRECTION('',(1.7613296540673E-16,0.,-1.));
#5191=DIRECTION('',(8.80664827033651E-17,0.,1.));
#5192=DIRECTION('',(-0.123122422614709,0.992391489811095,0.));
#5193=DIRECTION('',(-0.188244682527537,0.982122161189791,0.));
#5194=DIRECTION('',(-0.0572216616240421,0.998361498376707,0.));
#5195=DIRECTION('center_axis',(-0.998361498376707,-0.057221661624042,-1.7613296540673E-16));
#5196=DIRECTION('ref_axis',(-1.76422033194504E-16,0.,1.));
#5197=DIRECTION('',(-0.057221661624042,0.998361498376707,0.));
#5198=DIRECTION('',(-0.123041784824255,0.992401490923538,0.));
#5199=DIRECTION('',(-0.188244682527537,0.982122161189791,0.));
#5200=DIRECTION('center_axis',(0.982122161189791,0.188244682527537,-8.80664827033651E-17));
#5201=DIRECTION('ref_axis',(-8.96695810190018E-17,0.,-1.));
#5202=DIRECTION('',(-0.347127405627946,0.937817980346939,0.));
#5203=DIRECTION('',(-0.339533946647723,0.940593801315861,0.));
#5204=DIRECTION('',(-0.317412309280461,0.948287628263306,0.));
#5205=DIRECTION('',(-0.27902429673752,0.96028404226569,0.));
#5206=DIRECTION('',(-0.287012445253176,0.957926853298201,0.));
#5207=DIRECTION('',(-0.30958065249741,0.950873187969499,0.));
#5208=DIRECTION('center_axis',(0.,0.,1.));
#5209=DIRECTION('ref_axis',(1.,0.,0.));
#5210=DIRECTION('',(-0.327718485611319,0.944775419974834,0.));
#5211=DIRECTION('',(-0.331381696496475,0.943496778599227,0.));
#5212=DIRECTION('',(-0.31727746210224,0.948332753859088,0.));
#5213=DIRECTION('',(-0.295524116900977,0.955335279537973,0.));
#5214=DIRECTION('',(-0.299461130720624,0.954108500741674,0.));
#5215=DIRECTION('',(-0.310044198417696,0.950722143966116,0.));
#5216=DIRECTION('center_axis',(0.,0.,1.));
#5217=DIRECTION('ref_axis',(1.,0.,0.));
#5218=DIRECTION('center_axis',(0.,0.,1.));
#5219=DIRECTION('ref_axis',(1.,0.,0.));
#5220=DIRECTION('',(0.,0.,1.));
#5221=DIRECTION('',(0.,0.,1.));
#5222=DIRECTION('center_axis',(0.,0.,1.));
#5223=DIRECTION('ref_axis',(1.,0.,0.));
#5224=DIRECTION('',(-7.42875555712256E-15,0.,-1.));
#5225=DIRECTION('',(9.83823348106569E-15,0.,-1.));
#5226=DIRECTION('',(-0.365518380989244,0.930804121799534,0.));
#5227=DIRECTION('',(-0.360407676919572,0.932794889789517,0.));
#5228=DIRECTION('',(-0.347279045018711,0.93776183804359,0.));
#5229=DIRECTION('',(-0.279023516452867,0.960284268988239,0.));
#5230=DIRECTION('center_axis',(-0.960284268988239,-0.279023516452867,7.42875555712256E-15));
#5231=DIRECTION('ref_axis',(7.73599630549977E-15,0.,1.));
#5232=DIRECTION('',(-0.279023516452867,0.960284268988239,0.));
#5233=DIRECTION('',(-0.324030354694043,0.946046684491232,0.));
#5234=DIRECTION('',(-0.279023516452867,0.960284268988239,0.));
#5235=DIRECTION('center_axis',(-0.960284268988239,-0.279023516452867,-9.8382334810657E-15));
#5236=DIRECTION('ref_axis',(-1.02451261556448E-14,0.,1.));
#5237=DIRECTION('',(-0.279023516452867,0.960284268988239,0.));
#5238=DIRECTION('',(-0.345564001188438,0.938395183855201,0.));
#5239=DIRECTION('',(-0.349582995755013,0.936905400282734,0.));
#5240=DIRECTION('',(-0.346974233010654,0.937874662002695,0.));
#5241=DIRECTION('center_axis',(-0.96028404226569,-0.279024296737519,-1.0030346981608E-14));
#5242=DIRECTION('ref_axis',(-1.04451876113056E-14,0.,1.));
#5243=DIRECTION('',(0.,0.,1.));
#5244=DIRECTION('',(-0.279024296737519,0.96028404226569,0.));
#5245=DIRECTION('',(1.0030346981608E-14,0.,-1.));
#5246=DIRECTION('',(-0.27902429673752,0.96028404226569,0.));
#5247=DIRECTION('',(-0.287245947537966,0.957856860717204,0.));
#5248=DIRECTION('',(-0.27902429673752,0.96028404226569,0.));
#5249=DIRECTION('',(-0.28374162880715,0.958900770717109,0.));
#5250=DIRECTION('',(-0.297270215096887,0.954793390852833,0.));
#5251=DIRECTION('',(-0.309889691293549,0.950772517077555,0.));
#5252=DIRECTION('',(-0.345126289303884,0.938556255336531,0.));
#5253=DIRECTION('center_axis',(0.938556255336531,0.345126289303884,0.));
#5254=DIRECTION('ref_axis',(0.,0.,-1.));
#5255=DIRECTION('',(0.,0.,-1.));
#5256=DIRECTION('',(0.,0.,1.));
#5257=DIRECTION('',(-0.345126289303884,0.938556255336531,0.));
#5258=DIRECTION('',(-0.309059075387034,0.951042842316218,0.));
#5259=DIRECTION('',(-0.303083333466543,0.952964056496785,0.));
#5260=DIRECTION('',(-0.29680468582471,0.954938206625169,0.));
#5261=DIRECTION('',(-0.294903043639415,0.955527181639648,0.));
#5262=DIRECTION('',(-0.308150923171346,0.951337484044778,0.));
#5263=DIRECTION('',(-0.346022221745933,0.938226317078139,0.));
#5264=DIRECTION('center_axis',(0.938226322250729,0.34602220771735,1.51098283961125E-6));
#5265=DIRECTION('ref_axis',(1.6104673294441E-6,0.,-0.999999999998703));
#5266=DIRECTION('',(1.41764387067289E-6,5.22833614187378E-7,-0.999999999998858));
#5267=DIRECTION('',(-0.346022193689554,0.938226327425461,0.));
#5268=DIRECTION('center_axis',(0.,0.,1.));
#5269=DIRECTION('ref_axis',(1.,0.,0.));
#5270=DIRECTION('center_axis',(0.,0.,1.));
#5271=DIRECTION('ref_axis',(1.,0.,0.));
#5272=DIRECTION('center_axis',(0.,0.,1.));
#5273=DIRECTION('ref_axis',(1.,0.,0.));
#5274=DIRECTION('',(0.,0.,1.));
#5275=DIRECTION('',(0.,0.,1.));
#5276=DIRECTION('',(0.,0.,-1.));
#5277=DIRECTION('center_axis',(0.,0.,1.));
#5278=DIRECTION('ref_axis',(1.,0.,0.));
#5279=DIRECTION('',(-8.88239145668677E-15,0.,1.));
#5280=DIRECTION('',(1.31000370644858E-14,0.,-1.));
#5281=DIRECTION('',(1.44585594269485E-14,0.,-1.));
#5282=DIRECTION('',(-0.3461548692042,0.938177385426777,0.));
#5283=DIRECTION('',(-0.279628181897713,0.960108368825405,0.));
#5284=DIRECTION('center_axis',(0.938177385426777,0.3461548692042,8.88239145668678E-15));
#5285=DIRECTION('ref_axis',(9.4677100457353E-15,0.,-1.));
#5286=DIRECTION('',(-0.3461548692042,0.938177385426777,0.));
#5287=DIRECTION('',(-0.279628181897713,0.960108368825405,0.));
#5288=DIRECTION('center_axis',(-0.960108368825405,-0.279628181897713,-1.12286031981307E-14));
#5289=DIRECTION('ref_axis',(-1.16951414681113E-14,0.,1.));
#5290=DIRECTION('',(-0.279628181897713,0.960108368825405,0.));
#5291=DIRECTION('',(-0.323203861397152,0.946329363370899,0.));
#5292=DIRECTION('',(-0.279628181897713,0.960108368825405,0.));
#5293=DIRECTION('center_axis',(-0.960108368825405,-0.279628181897713,-1.23930509373844E-14));
#5294=DIRECTION('ref_axis',(-1.29079709538894E-14,0.,1.));
#5295=DIRECTION('',(-0.347571697199325,0.937653408944894,0.));
#5296=DIRECTION('',(-0.344078221241683,0.938940987318777,0.));
#5297=DIRECTION('',(-0.334006931873224,0.942570617757967,0.));
#5298=DIRECTION('',(-0.325760959837506,0.945452165392701,0.));
#5299=DIRECTION('',(-0.295214372204643,0.955431041176609,0.));
#5300=DIRECTION('center_axis',(0.955431041176609,0.295214372204643,4.71474763940893E-15));
#5301=DIRECTION('ref_axis',(4.93468124460635E-15,0.,-1.));
#5302=DIRECTION('',(0.,0.,-1.));
#5303=DIRECTION('',(-4.71474763940893E-15,0.,1.));
#5304=DIRECTION('',(-0.295214372204643,0.955431041176609,0.));
#5305=DIRECTION('',(-0.279025077021988,0.960283815542506,0.));
#5306=DIRECTION('center_axis',(-0.960283815542506,-0.279025077021988,-3.300323347586E-14));
#5307=DIRECTION('ref_axis',(-3.43682075462399E-14,0.,1.));
#5308=DIRECTION('',(0.,0.,1.));
#5309=DIRECTION('',(3.300323347586E-14,0.,-1.));
#5310=DIRECTION('',(-0.279025077021988,0.960283815542506,0.));
#5311=DIRECTION('',(-0.26244246456431,0.964947642514044,0.));
#5312=DIRECTION('center_axis',(-0.964947642514044,-0.262442464564309,1.61148030766874E-14));
#5313=DIRECTION('ref_axis',(1.6700183892571E-14,0.,1.));
#5314=DIRECTION('',(0.,0.,1.));
#5315=DIRECTION('',(-1.61148030766874E-14,-8.0574015383437E-15,-1.));
#5316=DIRECTION('',(-0.262442464564309,0.964947642514044,0.));
#5317=DIRECTION('',(-0.279629742181524,0.960107914396863,0.));
#5318=DIRECTION('center_axis',(-0.960107914396863,-0.279629742181524,-1.2496194126583E-14));
#5319=DIRECTION('ref_axis',(-1.30154058092866E-14,0.,1.));
#5320=DIRECTION('',(0.,0.,1.));
#5321=DIRECTION('',(1.2496194126583E-14,0.,-1.));
#5322=DIRECTION('',(-0.279629742181524,0.960107914396863,0.));
#5323=DIRECTION('',(-0.295815978211169,0.955244946092346,0.));
#5324=DIRECTION('center_axis',(0.955244946092346,0.295815978211169,7.31964570975505E-15));
#5325=DIRECTION('ref_axis',(7.66258511986667E-15,0.,-1.));
#5326=DIRECTION('',(0.,0.,-1.));
#5327=DIRECTION('',(-7.31964570975505E-15,0.,1.));
#5328=DIRECTION('',(-0.295815978211169,0.955244946092346,0.));
#5329=DIRECTION('',(-0.323170278822999,0.946340832303809,0.));
#5330=DIRECTION('',(-0.325670447008581,0.945483347259607,0.));
#5331=DIRECTION('',(-0.330633696401994,0.943759163560044,0.));
#5332=DIRECTION('',(-0.331644029719998,0.943404599072466,0.));
#5333=DIRECTION('',(-0.329061599266954,0.944308458019875,0.));
#5334=DIRECTION('',(-0.344897490147194,0.938640357799603,0.));
#5335=DIRECTION('',(-0.347592182968048,0.937645814974667,0.));
#5336=DIRECTION('center_axis',(0.93706184880574,0.347370727108261,0.035336517387065));
#5337=DIRECTION('ref_axis',(0.0376831254783539,0.,-0.999289738791599));
#5338=DIRECTION('center_axis',(-0.93706184880574,-0.347370727108261,-0.035336517387065));
#5339=DIRECTION('ref_axis',(0.0331331949790307,0.012282542551438,-0.999375470250773));
#5340=DIRECTION('center_axis',(0.,0.,1.));
#5341=DIRECTION('ref_axis',(1.,0.,0.));
#5342=DIRECTION('center_axis',(0.,0.,1.));
#5343=DIRECTION('ref_axis',(1.,0.,0.));
#5344=DIRECTION('center_axis',(0.,0.,1.));
#5345=DIRECTION('ref_axis',(1.,0.,0.));
#5346=DIRECTION('',(0.,0.,1.));
#5347=DIRECTION('',(0.,0.,-1.));
#5348=DIRECTION('center_axis',(0.,0.,1.));
#5349=DIRECTION('ref_axis',(1.,0.,0.));
#5350=DIRECTION('',(8.1926779545266E-15,0.,1.));
#5351=DIRECTION('',(7.99142486237295E-15,0.,-1.));
#5352=DIRECTION('',(-0.346459779647449,0.938064827763327,0.));
#5353=DIRECTION('',(-0.279023516452867,0.960284268988239,0.));
#5354=DIRECTION('center_axis',(0.938064827763327,0.346459779647449,-8.1926779545266E-15));
#5355=DIRECTION('ref_axis',(-8.73359464298517E-15,0.,-1.));
#5356=DIRECTION('',(-0.346459779647449,0.938064827763327,0.));
#5357=DIRECTION('',(-0.279023516452867,0.960284268988239,0.));
#5358=DIRECTION('center_axis',(-0.960284268988239,-0.279023516452867,-7.99142486237295E-15));
#5359=DIRECTION('ref_axis',(-8.32193666026911E-15,0.,1.));
#5360=DIRECTION('center_axis',(-0.966836293121571,-0.255396911302663,-1.9136328653205E-15));
#5361=DIRECTION('ref_axis',(-1.97927289132068E-15,0.,1.));
#5362=DIRECTION('',(0.,0.,1.));
#5363=DIRECTION('',(-0.255396911302663,0.966836293121571,0.));
#5364=DIRECTION('',(1.9136328653205E-15,0.,-1.));
#5365=DIRECTION('',(-0.255396911302663,0.966836293121571,0.));
#5366=DIRECTION('',(-0.27230630819218,0.962210618585529,0.));
#5367=DIRECTION('center_axis',(0.962210618585529,0.27230630819218,-3.83102163411829E-15));
#5368=DIRECTION('ref_axis',(-3.98147927295791E-15,0.,-1.));
#5369=DIRECTION('',(0.,0.,-1.));
#5370=DIRECTION('',(3.83102163411829E-15,0.,1.));
#5371=DIRECTION('',(-0.27230630819218,0.962210618585529,0.));
#5372=DIRECTION('center_axis',(0.,0.,1.));
#5373=DIRECTION('ref_axis',(1.,0.,0.));
#5374=DIRECTION('center_axis',(0.,0.,1.));
#5375=DIRECTION('ref_axis',(1.,0.,0.));
#5376=DIRECTION('center_axis',(0.,0.,1.));
#5377=DIRECTION('ref_axis',(1.,0.,0.));
#5378=DIRECTION('',(0.,0.,1.));
#5379=DIRECTION('',(0.,0.,-1.));
#5380=DIRECTION('center_axis',(0.,0.,1.));
#5381=DIRECTION('ref_axis',(1.,0.,0.));
#5382=DIRECTION('',(8.03253301494484E-15,0.,1.));
#5383=DIRECTION('',(1.21362001408293E-14,0.,-1.));
#5384=DIRECTION('',(-0.3461548692042,0.938177385426777,0.));
#5385=DIRECTION('',(-0.279023516452867,0.960284268988239,0.));
#5386=DIRECTION('center_axis',(0.938177385426777,0.3461548692042,-8.03253301494484E-15));
#5387=DIRECTION('ref_axis',(-8.56184889949233E-15,0.,-1.));
#5388=DIRECTION('',(-0.3461548692042,0.938177385426777,0.));
#5389=DIRECTION('',(-0.279023516452867,0.960284268988239,0.));
#5390=DIRECTION('center_axis',(-0.960284268988239,-0.279023516452867,-1.21362001408293E-14));
#5391=DIRECTION('ref_axis',(-1.26381328245813E-14,0.,1.));
#5392=DIRECTION('',(-0.347274766200739,0.937763422596671,0.));
#5393=DIRECTION('',(-0.343771209528127,0.939053435912765,0.));
#5394=DIRECTION('',(-0.333391733240105,0.942788392062163,0.));
#5395=DIRECTION('',(-0.325240816834676,0.945631223609242,0.));
#5396=DIRECTION('',(-0.295212819521257,0.955431520931935,0.));
#5397=DIRECTION('center_axis',(0.955431520931935,0.295212819521257,4.08538365218013E-14));
#5398=DIRECTION('ref_axis',(4.27595653134326E-14,0.,-1.));
#5399=DIRECTION('',(0.,0.,-1.));
#5400=DIRECTION('',(-4.08538365218013E-14,-1.81572606763561E-14,1.));
#5401=DIRECTION('',(-0.295212819521256,0.955431520931935,0.));
#5402=DIRECTION('',(-0.279023516452867,0.960284268988239,0.));
#5403=DIRECTION('center_axis',(-0.960284268988239,-0.279023516452867,1.88589905576343E-14));
#5404=DIRECTION('ref_axis',(1.96389664671944E-14,0.,1.));
#5405=DIRECTION('',(0.,0.,1.));
#5406=DIRECTION('',(-1.88589905576343E-14,0.,-1.));
#5407=DIRECTION('',(-0.279023516452867,0.960284268988239,0.));
#5408=DIRECTION('',(-0.263068100535319,0.964777266772357,0.));
#5409=DIRECTION('center_axis',(-0.964777266772357,-0.263068100535319,-2.02270002341264E-15));
#5410=DIRECTION('ref_axis',(-2.09654610766228E-15,0.,1.));
#5411=DIRECTION('',(0.,0.,1.));
#5412=DIRECTION('',(2.02270002341264E-15,0.,-1.));
#5413=DIRECTION('',(-0.263068100535319,0.964777266772357,0.));
#5414=DIRECTION('',(-0.280174236026601,0.95994916400136,0.));
#5415=DIRECTION('center_axis',(-0.95994916400136,-0.2801742360266,1.21841792924902E-14));
#5416=DIRECTION('ref_axis',(1.26925255517728E-14,0.,1.));
#5417=DIRECTION('',(0.,0.,1.));
#5418=DIRECTION('',(-1.21841792924902E-14,0.,-1.));
#5419=DIRECTION('',(-0.2801742360266,0.959949164001361,0.));
#5420=DIRECTION('',(-0.296357711351449,0.955077016225671,0.));
#5421=DIRECTION('center_axis',(0.955077016225671,0.296357711351449,-9.69890942909402E-15));
#5422=DIRECTION('ref_axis',(-1.01551071424823E-14,0.,-1.));
#5423=DIRECTION('',(0.,0.,-1.));
#5424=DIRECTION('',(9.69890942909402E-15,0.,1.));
#5425=DIRECTION('',(-0.296357711351449,0.955077016225671,0.));
#5426=DIRECTION('',(-0.324184093449037,0.945994013487731,0.));
#5427=DIRECTION('',(-0.327103502074057,0.944988517883094,0.));
#5428=DIRECTION('',(-0.330249891691664,0.943893536919098,0.));
#5429=DIRECTION('',(-0.330940073194444,0.943651772612151,0.));
#5430=DIRECTION('',(-0.328830631021924,0.944388911466946,0.));
#5431=DIRECTION('',(-0.344591629936721,0.938752687653971,0.));
#5432=DIRECTION('',(-0.347290393042196,0.937757635479764,0.));
#5433=DIRECTION('center_axis',(0.93758060015393,0.34721881173713,0.0195375277569117));
#5434=DIRECTION('ref_axis',(0.0208337152274574,0.,-0.999782954600558));
#5435=DIRECTION('center_axis',(-0.93758060015393,-0.34721881173713,-0.0195375277569117));
#5436=DIRECTION('ref_axis',(0.0183215041299987,0.0067850922813576,-0.999809124287805));
#5437=DIRECTION('center_axis',(0.,0.,1.));
#5438=DIRECTION('ref_axis',(1.,0.,0.));
#5439=DIRECTION('center_axis',(0.,0.,1.));
#5440=DIRECTION('ref_axis',(1.,0.,0.));
#5441=DIRECTION('center_axis',(0.,0.,1.));
#5442=DIRECTION('ref_axis',(1.,0.,0.));
#5443=DIRECTION('center_axis',(-0.519131532492794,-0.192297157630924,-0.832781036730995));
#5444=DIRECTION('ref_axis',(0.780926538339409,0.289271493334513,-0.553602515223015));
#5445=DIRECTION('center_axis',(0.,0.,1.));
#5446=DIRECTION('ref_axis',(1.,0.,0.));
#5447=DIRECTION('center_axis',(0.519131532492794,0.192297157630924,0.832781036730995));
#5448=DIRECTION('ref_axis',(0.848619031814585,0.,-0.529004479037821));
#5449=DIRECTION('',(-0.347584582232483,0.937648632588066,0.));
#5450=DIRECTION('',(-0.347127405627946,0.937817980346939,0.));
#5451=DIRECTION('',(-0.336991461896312,0.941507702894133,0.));
#5452=DIRECTION('',(-0.324934216727646,0.945736620206488,0.));
#5453=DIRECTION('',(-0.331381696496475,0.943496778599227,0.));
#5454=DIRECTION('',(-0.32710426993058,0.944988252092682,0.));
#5455=DIRECTION('',(-0.316969215893738,0.948435826071384,0.));
#5456=DIRECTION('',(-0.293932367295638,0.955826220322493,0.));
#5457=DIRECTION('',(-0.302638056723448,0.953105559013615,0.));
#5458=DIRECTION('',(-0.292475784534357,0.956272929377912,0.));
#5459=DIRECTION('',(-0.277873176631379,0.960617768786725,0.));
#5460=DIRECTION('',(-0.316969215893738,0.948435826071384,0.));
#5461=DIRECTION('',(-0.338559300845266,0.940945056744104,0.));
#5462=DIRECTION('',(-0.347127405627946,0.937817980346939,0.));
#5463=DIRECTION('',(-0.33945751699658,0.940621387251277,0.));
#5464=DIRECTION('',(-0.317566412482921,0.948236032674738,0.));
#5465=DIRECTION('',(-0.289074457145226,0.95730661662092,0.));
#5466=DIRECTION('',(-0.277873176631379,0.960617768786725,0.));
#5467=DIRECTION('',(-0.292475784534357,0.956272929377912,0.));
#5468=DIRECTION('',(-0.302638056723447,0.953105559013615,0.));
#5469=DIRECTION('',(-0.293932367295638,0.955826220322493,0.));
#5470=DIRECTION('',(-0.316969215893738,0.948435826071384,0.));
#5471=DIRECTION('',(-0.327104269930579,0.944988252092682,0.));
#5472=DIRECTION('',(-0.331381696496475,0.943496778599227,0.));
#5473=DIRECTION('',(-0.324934216727646,0.945736620206488,0.));
#5474=DIRECTION('',(-0.336991461896312,0.941507702894133,0.));
#5475=DIRECTION('center_axis',(0.,0.,1.));
#5476=DIRECTION('ref_axis',(1.,0.,0.));
#5477=DIRECTION('center_axis',(0.,0.,1.));
#5478=DIRECTION('ref_axis',(1.,0.,0.));
#5479=DIRECTION('center_axis',(0.,0.,1.));
#5480=DIRECTION('ref_axis',(1.,0.,0.));
#5481=DIRECTION('',(0.,0.,1.));
#5482=DIRECTION('',(0.,0.,-1.));
#5483=DIRECTION('',(0.,0.,-1.));
#5484=DIRECTION('center_axis',(0.,0.,1.));
#5485=DIRECTION('ref_axis',(1.,0.,0.));
#5486=DIRECTION('',(8.05740153810985E-15,0.,1.));
#5487=DIRECTION('',(0.,0.,1.));
#5488=DIRECTION('',(0.,0.,-1.));
#5489=DIRECTION('',(-0.346018520360462,0.938227682157991,0.));
#5490=DIRECTION('',(-0.279020508332964,0.960285143032846,0.));
#5491=DIRECTION('center_axis',(0.938227682157991,0.346018520360462,-8.05740153810985E-15));
#5492=DIRECTION('ref_axis',(-8.58789576489285E-15,0.,-1.));
#5493=DIRECTION('',(-0.346018520360462,0.938227682157991,0.));
#5494=DIRECTION('',(-0.308147170061499,0.951338699719027,0.));
#5495=DIRECTION('',(-0.294903043639415,0.955527181639648,0.));
#5496=DIRECTION('',(-0.29680468582471,0.95493820662517,0.));
#5497=DIRECTION('',(-0.303083333466543,0.952964056496785,0.));
#5498=DIRECTION('',(-0.309059075387034,0.951042842316218,0.));
#5499=DIRECTION('',(-0.345126289303884,0.938556255336531,0.));
#5500=DIRECTION('center_axis',(0.938556255336531,0.345126289303884,0.));
#5501=DIRECTION('ref_axis',(0.,0.,-1.));
#5502=DIRECTION('',(-0.345126289303884,0.938556255336531,0.));
#5503=DIRECTION('',(-0.309889691293549,0.950772517077555,0.));
#5504=DIRECTION('',(-0.297871419147606,0.95460600126701,0.));
#5505=DIRECTION('',(-0.283741636387414,0.958900768474086,0.));
#5506=DIRECTION('',(-0.279020581491242,0.96028512177597,0.));
#5507=DIRECTION('',(-0.287242168708785,0.957857993919492,0.));
#5508=DIRECTION('',(-0.279020508332964,0.960285143032846,0.));
#5509=DIRECTION('center_axis',(-0.960285143032846,-0.279020508332964,0.));
#5510=DIRECTION('ref_axis',(0.,0.,1.));
#5511=DIRECTION('',(-0.319816849985347,0.947479383662489,0.));
#5512=DIRECTION('',(-0.329502762946352,0.944154610861336,0.));
#5513=DIRECTION('',(-0.332512258320427,0.94309893333979,0.));
#5514=DIRECTION('',(-0.327334617022127,0.944908486838264,0.));
#5515=DIRECTION('',(-0.33886511124453,0.940834967665016,0.));
#5516=DIRECTION('',(-0.347432199205101,0.937705106606286,0.));
#5517=DIRECTION('',(-0.340126200396693,0.940379799763749,0.));
#5518=DIRECTION('',(-0.318702664321058,0.947854741906511,0.));
#5519=DIRECTION('',(-0.27902361907525,0.960284239169919,0.));
#5520=DIRECTION('',(-0.286019195933728,0.958223888012308,0.));
#5521=DIRECTION('',(-0.305289393987455,0.952259621069156,0.));
#5522=DIRECTION('',(-0.319761469872242,0.947498075135324,0.));
#5523=DIRECTION('center_axis',(0.947498075135324,0.319761469872242,6.65044471088171E-15));
#5524=DIRECTION('ref_axis',(7.0189532679862E-15,0.,-1.));
#5525=DIRECTION('',(0.,0.,-1.));
#5526=DIRECTION('',(-6.65044471088171E-15,-3.32522235544086E-15,1.));
#5527=DIRECTION('center_axis',(0.,0.,1.));
#5528=DIRECTION('ref_axis',(1.,0.,0.));
#5529=DIRECTION('center_axis',(-0.671786329872792,-0.217427148886931,0.708116206510587));
#5530=DIRECTION('ref_axis',(0.673708456414666,0.218049255165692,0.706095912802967));
#5531=DIRECTION('',(-1.023542229481E-8,-3.31010095226728E-9,-1.));
#5532=DIRECTION('',(-0.293621686775272,0.955921704458709,0.));
#5533=DIRECTION('',(-0.308150882827206,0.951337497112782,0.));
#5534=DIRECTION('',(-0.295892820082111,0.955221146658644,0.));
#5535=DIRECTION('',(-0.303393108192002,0.952865479436419,0.));
#5536=DIRECTION('',(-0.307706365180768,0.951481367567037,0.));
#5537=DIRECTION('center_axis',(0.951481367520108,0.307706365325882,-1.07573533533327E-8));
#5538=DIRECTION('ref_axis',(-1.13059001684606E-8,0.,-1.));
#5539=DIRECTION('',(1.023542229481E-8,3.31010095226728E-9,1.));
#5540=DIRECTION('',(-0.307706365491729,0.951481367466473,0.));
#5541=DIRECTION('center_axis',(0.671786329872792,0.217427148886931,-0.708116206510587));
#5542=DIRECTION('ref_axis',(-0.725471998299886,0.,-0.688251683385352));
#5543=DIRECTION('center_axis',(0.671786329872792,0.217427148886931,-0.708116206510587));
#5544=DIRECTION('ref_axis',(0.673708456414666,0.218049255165692,0.706095912802967));
#5545=DIRECTION('center_axis',(0.,0.,1.));
#5546=DIRECTION('ref_axis',(1.,0.,0.));
#5547=DIRECTION('center_axis',(0.,0.,1.));
#5548=DIRECTION('ref_axis',(1.,0.,0.));
#5549=DIRECTION('',(0.,0.,1.));
#5550=DIRECTION('',(0.,0.,-1.));
#5551=DIRECTION('center_axis',(0.,0.,1.));
#5552=DIRECTION('ref_axis',(1.,0.,0.));
#5553=DIRECTION('',(0.,0.,1.));
#5554=DIRECTION('',(-3.52329516720994E-16,0.,-1.));
#5555=DIRECTION('',(0.14072493477891,0.990048732503341,0.));
#5556=DIRECTION('',(0.205813608980293,0.978591211057256,0.));
#5557=DIRECTION('center_axis',(0.990048732503341,-0.14072493477891,0.));
#5558=DIRECTION('ref_axis',(0.,0.,-1.));
#5559=DIRECTION('',(0.14072493477891,0.990048732503341,0.));
#5560=DIRECTION('',(0.205813608980293,0.978591211057256,0.));
#5561=DIRECTION('',(0.269925089753385,0.962881324941775,0.));
#5562=DIRECTION('center_axis',(-0.962881324941775,0.269925089753385,3.52329516720994E-16));
#5563=DIRECTION('ref_axis',(3.6591167321923E-16,0.,1.));
#5564=DIRECTION('',(0.269925089753385,0.962881324941775,0.));
#5565=DIRECTION('',(0.0889504010094688,0.996036056656713,0.));
#5566=DIRECTION('',(0.10813416242262,0.994136310028538,0.));
#5567=DIRECTION('center_axis',(-0.994136310028539,0.10813416242262,0.));
#5568=DIRECTION('ref_axis',(0.,0.,1.));
#5569=DIRECTION('',(0.,0.,1.));
#5570=DIRECTION('',(0.,0.,-1.));
#5571=DIRECTION('',(0.10813416242262,0.994136310028538,0.));
#5572=DIRECTION('',(0.0422320054966925,0.999107830872988,0.));
#5573=DIRECTION('',(-0.0237733802436133,0.999717373256958,0.));
#5574=DIRECTION('center_axis',(0.999717373256958,0.0237733802436133,-3.52329516721441E-16));
#5575=DIRECTION('ref_axis',(-3.52429122616519E-16,0.,-1.));
#5576=DIRECTION('',(0.,0.,-1.));
#5577=DIRECTION('',(3.52329516721441E-16,0.,1.));
#5578=DIRECTION('',(-0.0237733802436134,0.999717373256958,0.));
#5579=DIRECTION('',(-0.00433520001050932,0.999990602976282,0.));
#5580=DIRECTION('',(0.0424755536118185,0.999097506425359,0.));
#5581=DIRECTION('center_axis',(0.,0.,1.));
#5582=DIRECTION('ref_axis',(1.,0.,0.));
#5583=DIRECTION('center_axis',(0.,0.,1.));
#5584=DIRECTION('ref_axis',(1.,0.,0.));
#5585=DIRECTION('',(1.,2.22044604925031E-16,5.85469478001121E-109));
#5586=DIRECTION('',(-2.22044604925031E-16,1.,2.63672012296265E-93));
#5587=DIRECTION('',(1.,2.22044604925031E-16,-1.09476442525376E-47));
#5588=DIRECTION('',(-2.22044604925031E-16,1.,-5.39760534693404E-79));
#5589=CARTESIAN_POINT('',(0.,0.,0.));
#5590=CARTESIAN_POINT('',(0.,0.,0.));
#5591=CARTESIAN_POINT('Origin',(-0.926,-0.927000001,-1.95));
#5592=CARTESIAN_POINT('',(0.,-0.225,-1.95));
#5593=CARTESIAN_POINT('',(-0.0153648331405448,0.224474768966499,-1.95));
#5594=CARTESIAN_POINT('Origin',(0.,0.,-1.95));
#5595=CARTESIAN_POINT('Origin',(0.,0.,-1.95));
#5596=CARTESIAN_POINT('Origin',(0.,0.,-1.95));
#5597=CARTESIAN_POINT('',(-0.0290224345824404,0.424007487627531,-1.75));
#5598=CARTESIAN_POINT('Origin',(-0.0290224625988069,0.424007896936721,-1.95));
#5599=CARTESIAN_POINT('',(0.,-0.4249995897331,-1.75));
#5600=CARTESIAN_POINT('Origin',(0.,0.,-1.75));
#5601=CARTESIAN_POINT('Origin',(0.,0.,-1.75));
#5602=CARTESIAN_POINT('Origin',(0.,0.,-1.75));
#5603=CARTESIAN_POINT('',(0.,0.8749999719043,-1.75));
#5604=CARTESIAN_POINT('',(0.0139854040154206,0.874888198175659,-1.75));
#5605=CARTESIAN_POINT('Origin',(0.,0.,-1.75));
#5606=CARTESIAN_POINT('Origin',(0.,0.,-1.75));
#5607=CARTESIAN_POINT('Origin',(0.,0.,-1.7));
#5608=CARTESIAN_POINT('',(0.0147845704338822,0.924881839197357,-1.7));
#5609=CARTESIAN_POINT('Origin',(0.0139854044644831,0.87488822626777,-1.7));
#5610=CARTESIAN_POINT('',(0.,0.925,-1.7));
#5611=CARTESIAN_POINT('Origin',(0.,0.,-1.7));
#5612=CARTESIAN_POINT('Origin',(0.,0.,-1.7));
#5613=CARTESIAN_POINT('Origin',(0.,0.,32.725));
#5614=CARTESIAN_POINT('',(0.,0.925,-1.));
#5615=CARTESIAN_POINT('',(1.1327982892113E-16,0.925,32.725));
#5616=CARTESIAN_POINT('Origin',(0.,0.,-1.));
#5617=CARTESIAN_POINT('Origin',(0.,0.,-1.));
#5618=CARTESIAN_POINT('',(0.,0.875,-1.));
#5619=CARTESIAN_POINT('',(1.07156594925393E-16,-0.875,-1.));
#5620=CARTESIAN_POINT('Origin',(0.,0.,-1.));
#5621=CARTESIAN_POINT('Origin',(0.,0.,-1.));
#5622=CARTESIAN_POINT('Origin',(0.,0.,-1.1));
#5623=CARTESIAN_POINT('',(0.,0.875,1.));
#5624=CARTESIAN_POINT('',(1.07156594925393E-16,-0.875,1.));
#5625=CARTESIAN_POINT('Origin',(0.,0.,1.));
#5626=CARTESIAN_POINT('',(1.07156594925393E-16,-0.875,-1.1));
#5627=CARTESIAN_POINT('Origin',(0.,0.,1.));
#5628=CARTESIAN_POINT('Origin',(0.,0.,1.));
#5629=CARTESIAN_POINT('',(0.,-0.925,1.));
#5630=CARTESIAN_POINT('',(1.1327982892113E-16,0.925,1.));
#5631=CARTESIAN_POINT('Origin',(0.,0.,1.));
#5632=CARTESIAN_POINT('Origin',(0.,0.,1.));
#5633=CARTESIAN_POINT('Origin',(0.,0.,32.725));
#5634=CARTESIAN_POINT('',(0.,0.925,1.7));
#5635=CARTESIAN_POINT('',(1.1327982892113E-16,0.925,32.725));
#5636=CARTESIAN_POINT('',(0.0218415698607897,0.924742096925417,1.7));
#5637=CARTESIAN_POINT('Origin',(0.,0.,1.7));
#5638=CARTESIAN_POINT('Origin',(0.,0.,1.7));
#5639=CARTESIAN_POINT('Origin',(0.,0.,1.7));
#5640=CARTESIAN_POINT('',(0.0206609433941527,0.87475599238247,1.75));
#5641=CARTESIAN_POINT('Origin',(0.0206609444629092,0.874756037632151,1.7));
#5642=CARTESIAN_POINT('',(0.,0.8749999547377,1.75));
#5643=CARTESIAN_POINT('Origin',(0.,0.,1.75));
#5644=CARTESIAN_POINT('Origin',(0.,0.,1.75));
#5645=CARTESIAN_POINT('Origin',(0.,0.,1.75));
#5646=CARTESIAN_POINT('',(0.,0.4249997876552,1.75));
#5647=CARTESIAN_POINT('',(0.0304198172536302,-0.423909724145626,1.75));
#5648=CARTESIAN_POINT('Origin',(0.,0.,1.75));
#5649=CARTESIAN_POINT('Origin',(0.,0.,1.75));
#5650=CARTESIAN_POINT('Origin',(0.,0.,1.95));
#5651=CARTESIAN_POINT('',(0.0161046171807024,-0.224422907265419,1.95));
#5652=CARTESIAN_POINT('Origin',(0.0304198324524378,-0.423909935945792,1.95));
#5653=CARTESIAN_POINT('',(0.,-0.225,1.95));
#5654=CARTESIAN_POINT('Origin',(0.,0.,1.95));
#5655=CARTESIAN_POINT('Origin',(0.,0.,1.95));
#5656=CARTESIAN_POINT('Origin',(-0.926,-0.927000001,1.95));
#5657=CARTESIAN_POINT('Origin',(0.,-0.543195761176145,3.25));
#5658=CARTESIAN_POINT('',(0.225,-4.925,3.25));
#5659=CARTESIAN_POINT('',(-0.225,-4.925,3.25));
#5660=CARTESIAN_POINT('Origin',(0.,-4.925,3.25));
#5661=CARTESIAN_POINT('Origin',(0.,-4.925,3.25));
#5662=CARTESIAN_POINT('',(-0.225,-0.543195761176145,3.25));
#5663=CARTESIAN_POINT('',(-0.225,-0.543195761176145,3.25));
#5664=CARTESIAN_POINT('',(-2.75545529808154E-17,-0.543195761176145,3.025));
#5665=CARTESIAN_POINT('Origin',(0.,-0.543195761176145,3.25));
#5666=CARTESIAN_POINT('',(0.225,-0.543195761176145,3.25));
#5667=CARTESIAN_POINT('Origin',(0.,-0.543195761176145,3.25));
#5668=CARTESIAN_POINT('Origin',(0.,-0.543195761176145,3.25));
#5669=CARTESIAN_POINT('Origin',(0.,-0.543195761176145,2.70680423882385));
#5670=CARTESIAN_POINT('',(-2.75545529808154E-17,-0.225,2.70680423882385));
#5671=CARTESIAN_POINT('Origin',(-2.75545529808154E-17,-0.543195761176145,
2.70680423882385));
#5672=CARTESIAN_POINT('',(0.225,0.,2.70680423882385));
#5673=CARTESIAN_POINT('Origin',(0.,0.,2.70680423882385));
#5674=CARTESIAN_POINT('',(-0.225,-2.75545529808154E-17,2.70680423882385));
#5675=CARTESIAN_POINT('Origin',(0.,0.,2.70680423882385));
#5676=CARTESIAN_POINT('Origin',(0.,0.,2.70680423882385));
#5677=CARTESIAN_POINT('Origin',(0.,0.,1.95));
#5678=CARTESIAN_POINT('',(-0.225,-2.75545529808154E-17,1.95));
#5679=CARTESIAN_POINT('',(-0.225,-2.75545529808154E-17,1.95));
#5680=CARTESIAN_POINT('',(0.225,0.,1.95));
#5681=CARTESIAN_POINT('Origin',(0.,0.,1.95));
#5682=CARTESIAN_POINT('Origin',(0.,0.,1.95));
#5683=CARTESIAN_POINT('Origin',(0.,-4.925,3.25));
#5684=CARTESIAN_POINT('Origin',(0.,0.,1.95));
#5685=CARTESIAN_POINT('Origin',(0.,-0.543195761176145,-3.25));
#5686=CARTESIAN_POINT('',(0.225,-4.925,-3.25));
#5687=CARTESIAN_POINT('',(-0.225,-4.925,-3.25));
#5688=CARTESIAN_POINT('Origin',(0.,-4.925,-3.25));
#5689=CARTESIAN_POINT('',(-0.225,-0.543195761176145,-3.25));
#5690=CARTESIAN_POINT('',(-0.225,-0.543195761176145,-3.25));
#5691=CARTESIAN_POINT('',(0.225,-0.543195761176145,-3.25));
#5692=CARTESIAN_POINT('Origin',(0.,-0.543195761176145,-3.25));
#5693=CARTESIAN_POINT('',(-2.75545529808154E-17,-0.543195761176145,-3.025));
#5694=CARTESIAN_POINT('Origin',(0.,-0.543195761176145,-3.25));
#5695=CARTESIAN_POINT('Origin',(0.,-0.543195761176145,-3.25));
#5696=CARTESIAN_POINT('Origin',(0.,-4.925,-3.25));
#5697=CARTESIAN_POINT('Origin',(0.,-0.543195761176145,-2.70680423882385));
#5698=CARTESIAN_POINT('',(-2.75545529808154E-17,-0.225,-2.70680423882385));
#5699=CARTESIAN_POINT('Origin',(-2.75545529808154E-17,-0.543195761176145,
-2.70680423882385));
#5700=CARTESIAN_POINT('',(-0.225,-2.75545529808154E-17,-2.70680423882385));
#5701=CARTESIAN_POINT('Origin',(0.,0.,-2.70680423882385));
#5702=CARTESIAN_POINT('',(0.225,0.,-2.70680423882385));
#5703=CARTESIAN_POINT('Origin',(0.,0.,-2.70680423882385));
#5704=CARTESIAN_POINT('Origin',(0.,0.,-2.70680423882385));
#5705=CARTESIAN_POINT('Origin',(0.,0.,-1.95));
#5706=CARTESIAN_POINT('',(-0.225,-2.75545529808154E-17,-1.95));
#5707=CARTESIAN_POINT('',(-0.225,-2.75545529808154E-17,-1.95));
#5708=CARTESIAN_POINT('',(0.225,0.,-1.95));
#5709=CARTESIAN_POINT('Origin',(0.,0.,-1.95));
#5710=CARTESIAN_POINT('Origin',(0.,0.,-1.95));
#5711=CARTESIAN_POINT('Origin',(0.,-4.925,-3.25));
#5712=CARTESIAN_POINT('Origin',(0.,0.,-1.95));
#5713=CARTESIAN_POINT('',(0.,0.,0.));
#5714=CARTESIAN_POINT('Origin',(0.,0.,-3.93136521581856E-234));
#5715=CARTESIAN_POINT('',(0.232988891204836,0.843410443229675,1.48770238643262));
#5716=CARTESIAN_POINT('',(0.23298227190662,0.843412272247227,1.80765403291497));
#5717=CARTESIAN_POINT('',(0.23298227190662,0.843412272247227,0.));
#5718=CARTESIAN_POINT('',(0.147420263931932,0.862491893168996,1.78376488126647));
#5719=CARTESIAN_POINT('Ctrl Pts',(0.23298227190662,0.843412272247227,1.80765403291497));
#5720=CARTESIAN_POINT('Ctrl Pts',(0.204804203956412,0.851196117117644,1.79969098236547));
#5721=CARTESIAN_POINT('Ctrl Pts',(0.176235774414682,0.857566640892025,1.79172793181597));
#5722=CARTESIAN_POINT('Ctrl Pts',(0.147420263931932,0.862491893168996,1.78376488126647));
#5723=CARTESIAN_POINT('',(0.147420263931932,0.862491893168996,1.56741164178097));
#5724=CARTESIAN_POINT('',(0.147420263931932,0.862491893168997,0.));
#5725=CARTESIAN_POINT('',(0.078522040522588,0.871469614589154,1.54832165006147));
#5726=CARTESIAN_POINT('Ctrl Pts',(0.147420263931932,0.862491893168996,1.56741164178097));
#5727=CARTESIAN_POINT('Ctrl Pts',(0.124585110712056,0.866394960944198,1.5610483112078));
#5728=CARTESIAN_POINT('Ctrl Pts',(0.101594885998841,0.869390681626802,1.55468498063463));
#5729=CARTESIAN_POINT('Ctrl Pts',(0.078522040522588,0.871469614589154,1.54832165006147));
#5730=CARTESIAN_POINT('',(0.078522040522588,0.871469614589154,1.74259875387147));
#5731=CARTESIAN_POINT('',(0.078522040522588,0.871469614589155,0.));
#5732=CARTESIAN_POINT('',(-0.00171367482621373,0.874998321894728,1.72059371686197));
#5733=CARTESIAN_POINT('Ctrl Pts',(0.078522040522588,0.871469614589155,1.74259875387147));
#5734=CARTESIAN_POINT('Ctrl Pts',(0.0518495951125793,0.873872882361501,
1.73526374153497));
#5735=CARTESIAN_POINT('Ctrl Pts',(0.0250667711972417,0.875050771110957,
1.72792872919847));
#5736=CARTESIAN_POINT('Ctrl Pts',(-0.00171367482621373,0.874998321894728,
1.72059371686197));
#5737=CARTESIAN_POINT('',(-0.0017136748262135,0.874998321894728,1.52672543037897));
#5738=CARTESIAN_POINT('',(-0.00171367482621295,0.874998321894728,0.));
#5739=CARTESIAN_POINT('',(-0.074039029298001,0.871861928369745,1.50715552266697));
#5740=CARTESIAN_POINT('Ctrl Pts',(-0.00171367482621359,0.874998321894728,
1.52672543037897));
#5741=CARTESIAN_POINT('Ctrl Pts',(-0.025851625512008,0.874951047977268,
1.5202021278083));
#5742=CARTESIAN_POINT('Ctrl Pts',(-0.0499876000492687,0.873904389930299,
1.51367882523763));
#5743=CARTESIAN_POINT('Ctrl Pts',(-0.074039029298001,0.871861928369745,
1.50715552266697));
#5744=CARTESIAN_POINT('',(-0.0740390292980013,0.871861928369745,1.72420197414197));
#5745=CARTESIAN_POINT('',(-0.0740390292979996,0.871861928369745,0.));
#5746=CARTESIAN_POINT('',(-0.161308719547186,0.860002614529774,1.70086383715197));
#5747=CARTESIAN_POINT('Ctrl Pts',(-0.0740390292980012,0.871861928369745,
1.72420197414197));
#5748=CARTESIAN_POINT('Ctrl Pts',(-0.103303372642493,0.869376783068905,
1.7164225951453));
#5749=CARTESIAN_POINT('Ctrl Pts',(-0.132442438121388,0.865416996784217,
1.70864321614863));
#5750=CARTESIAN_POINT('Ctrl Pts',(-0.161308719547186,0.860002614529774,
1.70086383715197));
#5751=CARTESIAN_POINT('',(-0.161308719547186,0.860002614529774,1.38091984185647));
#5752=CARTESIAN_POINT('',(-0.161308719547185,0.860002614529775,0.));
#5753=CARTESIAN_POINT('Ctrl Pts',(-0.161308719547186,0.860002614529774,
1.38091984185647));
#5754=CARTESIAN_POINT('Ctrl Pts',(-0.0308534193569122,0.88447181622324,
1.41646933967799));
#5755=CARTESIAN_POINT('Ctrl Pts',(0.10517131955147,0.878738482554994,1.45201883749951));
#5756=CARTESIAN_POINT('Ctrl Pts',(0.233104863314958,0.843378398288049,1.48756833532102));
#5757=CARTESIAN_POINT('Origin',(0.,0.,0.));
#5758=CARTESIAN_POINT('',(0.234320396356779,0.848229892776074,1.48770222545914));
#5759=CARTESIAN_POINT('',(-0.162230483658884,0.86491691518423,1.38091984185647));
#5760=CARTESIAN_POINT('Ctrl Pts',(0.234436891105329,0.848197703421124,1.48756833532102));
#5761=CARTESIAN_POINT('Ctrl Pts',(0.105772298520335,0.883759845312451,1.45201883749951));
#5762=CARTESIAN_POINT('Ctrl Pts',(-0.0310297246103803,0.889525940887373,
1.41646933967799));
#5763=CARTESIAN_POINT('Ctrl Pts',(-0.162230483658884,0.86491691518423,1.38091984185647));
#5764=CARTESIAN_POINT('',(-0.162230483658884,0.86491691518423,1.70086383715197));
#5765=CARTESIAN_POINT('',(-0.162230483658884,0.86491691518423,1.38091984185647));
#5766=CARTESIAN_POINT('',(-0.0744621094654184,0.876843996531858,1.72420197414197));
#5767=CARTESIAN_POINT('Ctrl Pts',(-0.162230483658884,0.86491691518423,1.70086383715197));
#5768=CARTESIAN_POINT('Ctrl Pts',(-0.13319925205351,0.870362236765841,1.70864321614863));
#5769=CARTESIAN_POINT('Ctrl Pts',(-0.103893677629022,0.874344650400727,
1.7164225951453));
#5770=CARTESIAN_POINT('Ctrl Pts',(-0.0744621094654184,0.876843996531858,
1.72420197414197));
#5771=CARTESIAN_POINT('',(-0.0744621094654181,0.876843996531858,1.50715552266697));
#5772=CARTESIAN_POINT('',(-0.0744621094654184,0.876843996531858,1.72420197414197));
#5773=CARTESIAN_POINT('',(-0.00172346725379186,0.879998312305555,1.52672543037897));
#5774=CARTESIAN_POINT('Ctrl Pts',(-0.0744621094654181,0.876843996531858,
1.50715552266697));
#5775=CARTESIAN_POINT('Ctrl Pts',(-0.0502732434781217,0.878898129301329,
1.51367882523763));
#5776=CARTESIAN_POINT('Ctrl Pts',(-0.0259993490863623,0.879950768251424,
1.5202021278083));
#5777=CARTESIAN_POINT('Ctrl Pts',(-0.00172346725379195,0.879998312305555,
1.52672543037897));
#5778=CARTESIAN_POINT('',(-0.00172346725379209,0.879998312305555,1.72059371686197));
#5779=CARTESIAN_POINT('',(-0.00172346725379186,0.879998312305555,1.52672543037897));
#5780=CARTESIAN_POINT('',(0.0789707378970028,0.876449440958235,1.74259875387147));
#5781=CARTESIAN_POINT('Ctrl Pts',(-0.00172346725379209,0.879998312305555,
1.72059371686197));
#5782=CARTESIAN_POINT('Ctrl Pts',(0.0252100098897974,0.880051061231591,
1.72792872919847));
#5783=CARTESIAN_POINT('Ctrl Pts',(0.0521458785132226,0.878866441689281,
1.73526374153497));
#5784=CARTESIAN_POINT('Ctrl Pts',(0.0789707378970028,0.876449440958236,
1.74259875387147));
#5785=CARTESIAN_POINT('',(0.0789707378970028,0.876449440958235,1.54832165006147));
#5786=CARTESIAN_POINT('',(0.0789707378970028,0.876449440958235,1.74259875387147));
#5787=CARTESIAN_POINT('',(0.148262665440115,0.867420418272819,1.56741164178097));
#5788=CARTESIAN_POINT('Ctrl Pts',(0.0789707378970028,0.876449440958235,
1.54832165006147));
#5789=CARTESIAN_POINT('Ctrl Pts',(0.102175428204549,0.874358628378955,1.55468498063463));
#5790=CARTESIAN_POINT('Ctrl Pts',(0.125297025630411,0.87134578929245,1.5610483112078));
#5791=CARTESIAN_POINT('Ctrl Pts',(0.148262665440115,0.867420418272819,1.56741164178097));
#5792=CARTESIAN_POINT('',(0.148262665440115,0.867420418272819,1.78376488126647));
#5793=CARTESIAN_POINT('',(0.148262665440115,0.867420418272819,1.56741164178097));
#5794=CARTESIAN_POINT('',(0.234313599174657,0.848231770945783,1.80765403291497));
#5795=CARTESIAN_POINT('Ctrl Pts',(0.148262665440115,0.867420418272819,1.78376488126647));
#5796=CARTESIAN_POINT('Ctrl Pts',(0.177242835982765,0.862467021697122,1.79172793181597));
#5797=CARTESIAN_POINT('Ctrl Pts',(0.205974513693306,0.856060094929745,1.79969098236547));
#5798=CARTESIAN_POINT('Ctrl Pts',(0.234313599174657,0.848231770945783,1.80765403291497));
#5799=CARTESIAN_POINT('',(0.234313599174657,0.848231770945783,1.80765403291497));
#5800=CARTESIAN_POINT('Ctrl Pts',(0.233104863314958,0.843378398288049,1.48756833532102));
#5801=CARTESIAN_POINT('Ctrl Pts',(0.233548872578415,0.844984833332407,1.48756833532102));
#5802=CARTESIAN_POINT('Ctrl Pts',(0.233992881841872,0.846591268376765,1.48756833532102));
#5803=CARTESIAN_POINT('Ctrl Pts',(0.234436891105329,0.848197703421124,1.48756833532102));
#5804=CARTESIAN_POINT('Ctrl Pts',(0.10517131955147,0.878738482554994,1.45201883749951));
#5805=CARTESIAN_POINT('Ctrl Pts',(0.105371662433771,0.880412481882124,1.45201883749951));
#5806=CARTESIAN_POINT('Ctrl Pts',(0.105571955638034,0.882085845985321,1.45201883749951));
#5807=CARTESIAN_POINT('Ctrl Pts',(0.105772298520335,0.883759845312451,1.45201883749951));
#5808=CARTESIAN_POINT('Ctrl Pts',(-0.0308534193569122,0.88447181622324,
1.41646933967799));
#5809=CARTESIAN_POINT('Ctrl Pts',(-0.0309121864575496,0.886156736828373,
1.41646933967799));
#5810=CARTESIAN_POINT('Ctrl Pts',(-0.0309709575097428,0.887841020282239,
1.41646933967799));
#5811=CARTESIAN_POINT('Ctrl Pts',(-0.0310297246103803,0.889525940887373,
1.41646933967799));
#5812=CARTESIAN_POINT('Ctrl Pts',(-0.161308719547186,0.860002614529774,
1.38091984185647));
#5813=CARTESIAN_POINT('Ctrl Pts',(-0.161615974251085,0.861640714747926,
1.38091984185647));
#5814=CARTESIAN_POINT('Ctrl Pts',(-0.161923228954984,0.863278814966078,
1.38091984185647));
#5815=CARTESIAN_POINT('Ctrl Pts',(-0.162230483658884,0.86491691518423,1.38091984185647));
#5816=CARTESIAN_POINT('',(-0.161308719547186,0.860002614529774,1.38091984185647));
#5817=CARTESIAN_POINT('',(0.23298227190662,0.843412272247227,1.48771003761947));
#5818=CARTESIAN_POINT('Origin',(-0.161308719547186,0.860002614529774,1.54089183950422));
#5819=CARTESIAN_POINT('',(-0.161308719547186,0.860002614529774,1.70086383715197));
#5820=CARTESIAN_POINT('Ctrl Pts',(-0.161308719547186,0.860002614529774,
1.70086383715197));
#5821=CARTESIAN_POINT('Ctrl Pts',(-0.161615974251085,0.861640714747926,
1.70086383715197));
#5822=CARTESIAN_POINT('Ctrl Pts',(-0.161923228954984,0.863278814966078,
1.70086383715197));
#5823=CARTESIAN_POINT('Ctrl Pts',(-0.162230483658884,0.86491691518423,1.70086383715197));
#5824=CARTESIAN_POINT('Ctrl Pts',(-0.132442438121388,0.865416996784217,
1.70864321614863));
#5825=CARTESIAN_POINT('Ctrl Pts',(-0.132694709504869,0.867065410616818,
1.70864321614863));
#5826=CARTESIAN_POINT('Ctrl Pts',(-0.132946980670029,0.86871382293324,1.70864321614863));
#5827=CARTESIAN_POINT('Ctrl Pts',(-0.13319925205351,0.870362236765841,1.70864321614863));
#5828=CARTESIAN_POINT('Ctrl Pts',(-0.103303372642493,0.869376783068905,
1.7164225951453));
#5829=CARTESIAN_POINT('Ctrl Pts',(-0.103500141036069,0.871032739352664,
1.7164225951453));
#5830=CARTESIAN_POINT('Ctrl Pts',(-0.103696909235445,0.872688694116967,
1.7164225951453));
#5831=CARTESIAN_POINT('Ctrl Pts',(-0.103893677629022,0.874344650400727,
1.7164225951453));
#5832=CARTESIAN_POINT('Ctrl Pts',(-0.0740390292980012,0.871861928369745,
1.72420197414197));
#5833=CARTESIAN_POINT('Ctrl Pts',(-0.0741800560204736,0.873522617757116,
1.72420197414197));
#5834=CARTESIAN_POINT('Ctrl Pts',(-0.074321082742946,0.875183307144487,
1.72420197414197));
#5835=CARTESIAN_POINT('Ctrl Pts',(-0.0744621094654184,0.876843996531858,
1.72420197414197));
#5836=CARTESIAN_POINT('',(-0.0740390292980013,0.871861928369745,1.72420197414197));
#5837=CARTESIAN_POINT('Origin',(-0.0740390292980012,0.871861928369745,1.61567874840447));
#5838=CARTESIAN_POINT('',(-0.074039029298001,0.871861928369745,1.50715552266697));
#5839=CARTESIAN_POINT('Ctrl Pts',(-0.074039029298001,0.871861928369745,
1.50715552266697));
#5840=CARTESIAN_POINT('Ctrl Pts',(-0.0741800560204734,0.873522617757116,
1.50715552266697));
#5841=CARTESIAN_POINT('Ctrl Pts',(-0.0743210827429457,0.875183307144487,
1.50715552266697));
#5842=CARTESIAN_POINT('Ctrl Pts',(-0.0744621094654181,0.876843996531858,
1.50715552266697));
#5843=CARTESIAN_POINT('Ctrl Pts',(-0.0499876000492687,0.873904389930299,
1.51367882523763));
#5844=CARTESIAN_POINT('Ctrl Pts',(-0.0500828145371664,0.87556896995333,
1.51367882523763));
#5845=CARTESIAN_POINT('Ctrl Pts',(-0.050178028990224,0.877233549278297,
1.51367882523763));
#5846=CARTESIAN_POINT('Ctrl Pts',(-0.0502732434781217,0.878898129301329,
1.51367882523763));
#5847=CARTESIAN_POINT('Ctrl Pts',(-0.025851625512008,0.874951047977268,
1.5202021278083));
#5848=CARTESIAN_POINT('Ctrl Pts',(-0.0259008667120329,0.876617621634807,
1.5202021278083));
#5849=CARTESIAN_POINT('Ctrl Pts',(-0.0259501078863374,0.878284194593886,
1.5202021278083));
#5850=CARTESIAN_POINT('Ctrl Pts',(-0.0259993490863623,0.879950768251424,
1.5202021278083));
#5851=CARTESIAN_POINT('Ctrl Pts',(-0.00171367482621359,0.874998321894728,
1.52672543037897));
#5852=CARTESIAN_POINT('Ctrl Pts',(-0.00171693896873971,0.876664985365004,
1.52672543037897));
#5853=CARTESIAN_POINT('Ctrl Pts',(-0.00172020311126583,0.878331648835279,
1.52672543037897));
#5854=CARTESIAN_POINT('Ctrl Pts',(-0.00172346725379195,0.879998312305555,
1.52672543037897));
#5855=CARTESIAN_POINT('',(-0.0017136748262135,0.874998321894728,1.52672543037897));
#5856=CARTESIAN_POINT('Origin',(-0.00171367482621354,0.874998321894728,
1.62365957362047));
#5857=CARTESIAN_POINT('',(-0.00171367482621373,0.874998321894728,1.72059371686197));
#5858=CARTESIAN_POINT('Ctrl Pts',(-0.00171367482621373,0.874998321894728,
1.72059371686197));
#5859=CARTESIAN_POINT('Ctrl Pts',(-0.00171693896873985,0.876664985365004,
1.72059371686197));
#5860=CARTESIAN_POINT('Ctrl Pts',(-0.00172020311126597,0.87833164883528,
1.72059371686197));
#5861=CARTESIAN_POINT('Ctrl Pts',(-0.00172346725379209,0.879998312305555,
1.72059371686197));
#5862=CARTESIAN_POINT('Ctrl Pts',(0.0250667711972417,0.875050771110957,
1.72792872919847));
#5863=CARTESIAN_POINT('Ctrl Pts',(0.0251145174410478,0.876717534837264,
1.72792872919847));
#5864=CARTESIAN_POINT('Ctrl Pts',(0.0251622636459912,0.878384297505285,
1.72792872919847));
#5865=CARTESIAN_POINT('Ctrl Pts',(0.0252100098897974,0.880051061231591,
1.72792872919847));
#5866=CARTESIAN_POINT('Ctrl Pts',(0.0518495951125793,0.873872882361501,
1.73526374153497));
#5867=CARTESIAN_POINT('Ctrl Pts',(0.0519483562641914,0.875537402489965,
1.73526374153497));
#5868=CARTESIAN_POINT('Ctrl Pts',(0.0520471173616106,0.877201921560817,
1.73526374153497));
#5869=CARTESIAN_POINT('Ctrl Pts',(0.0521458785132226,0.878866441689281,
1.73526374153497));
#5870=CARTESIAN_POINT('Ctrl Pts',(0.078522040522588,0.871469614589155,1.74259875387147));
#5871=CARTESIAN_POINT('Ctrl Pts',(0.0786716063140596,0.873129556712182,
1.74259875387147));
#5872=CARTESIAN_POINT('Ctrl Pts',(0.0788211721055312,0.874789498835209,
1.74259875387147));
#5873=CARTESIAN_POINT('Ctrl Pts',(0.0789707378970028,0.876449440958236,
1.74259875387147));
#5874=CARTESIAN_POINT('',(0.078522040522588,0.871469614589154,1.74259875387147));
#5875=CARTESIAN_POINT('Origin',(0.078522040522588,0.871469614589154,1.64546020196647));
#5876=CARTESIAN_POINT('',(0.078522040522588,0.871469614589154,1.54832165006147));
#5877=CARTESIAN_POINT('Ctrl Pts',(0.078522040522588,0.871469614589154,1.54832165006147));
#5878=CARTESIAN_POINT('Ctrl Pts',(0.0786716063140596,0.873129556712181,
1.54832165006147));
#5879=CARTESIAN_POINT('Ctrl Pts',(0.0788211721055312,0.874789498835208,
1.54832165006147));
#5880=CARTESIAN_POINT('Ctrl Pts',(0.0789707378970028,0.876449440958235,
1.54832165006147));
#5881=CARTESIAN_POINT('Ctrl Pts',(0.101594885998841,0.869390681626802,1.55468498063463));
#5882=CARTESIAN_POINT('Ctrl Pts',(0.101788400091723,0.871046664073689,1.55468498063463));
#5883=CARTESIAN_POINT('Ctrl Pts',(0.101981914111667,0.872702645932068,1.55468498063463));
#5884=CARTESIAN_POINT('Ctrl Pts',(0.102175428204549,0.874358628378955,1.55468498063463));
#5885=CARTESIAN_POINT('Ctrl Pts',(0.124585110712056,0.866394960944198,1.5610483112078));
#5886=CARTESIAN_POINT('Ctrl Pts',(0.124822415711611,0.868045237256131,1.5610483112078));
#5887=CARTESIAN_POINT('Ctrl Pts',(0.125059720630857,0.869695512980517,1.5610483112078));
#5888=CARTESIAN_POINT('Ctrl Pts',(0.125297025630411,0.87134578929245,1.5610483112078));
#5889=CARTESIAN_POINT('Ctrl Pts',(0.147420263931932,0.862491893168996,1.56741164178097));
#5890=CARTESIAN_POINT('Ctrl Pts',(0.14770106443466,0.864134734870271,1.56741164178097));
#5891=CARTESIAN_POINT('Ctrl Pts',(0.147981864937387,0.865777576571545,1.56741164178097));
#5892=CARTESIAN_POINT('Ctrl Pts',(0.148262665440115,0.867420418272819,1.56741164178097));
#5893=CARTESIAN_POINT('',(0.147420263931932,0.862491893168996,1.56741164178097));
#5894=CARTESIAN_POINT('Origin',(0.147420263931932,0.862491893168996,1.67558826152372));
#5895=CARTESIAN_POINT('',(0.147420263931932,0.862491893168996,1.78376488126647));
#5896=CARTESIAN_POINT('Ctrl Pts',(0.147420263931932,0.862491893168996,1.78376488126647));
#5897=CARTESIAN_POINT('Ctrl Pts',(0.14770106443466,0.864134734870271,1.78376488126647));
#5898=CARTESIAN_POINT('Ctrl Pts',(0.147981864937387,0.865777576571545,1.78376488126647));
#5899=CARTESIAN_POINT('Ctrl Pts',(0.148262665440115,0.867420418272819,1.78376488126647));
#5900=CARTESIAN_POINT('Ctrl Pts',(0.176235774414682,0.857566640892025,1.79172793181597));
#5901=CARTESIAN_POINT('Ctrl Pts',(0.176571461709254,0.859200101650418,1.79172793181597));
#5902=CARTESIAN_POINT('Ctrl Pts',(0.176907148688193,0.860833560938728,1.79172793181597));
#5903=CARTESIAN_POINT('Ctrl Pts',(0.177242835982765,0.862467021697122,1.79172793181597));
#5904=CARTESIAN_POINT('Ctrl Pts',(0.204804203956412,0.851196117117644,1.79969098236547));
#5905=CARTESIAN_POINT('Ctrl Pts',(0.205194307314992,0.852817443543313,1.79969098236547));
#5906=CARTESIAN_POINT('Ctrl Pts',(0.205584410334726,0.854438768504076,1.79969098236547));
#5907=CARTESIAN_POINT('Ctrl Pts',(0.205974513693306,0.856060094929745,1.79969098236547));
#5908=CARTESIAN_POINT('Ctrl Pts',(0.23298227190662,0.843412272247227,1.80765403291497));
#5909=CARTESIAN_POINT('Ctrl Pts',(0.233426047662632,0.845018771813412,1.80765403291497));
#5910=CARTESIAN_POINT('Ctrl Pts',(0.233869823418645,0.846625271379597,1.80765403291497));
#5911=CARTESIAN_POINT('Ctrl Pts',(0.234313599174657,0.848231770945783,1.80765403291497));
#5912=CARTESIAN_POINT('',(0.23298227190662,0.843412272247227,1.80765403291497));
#5913=CARTESIAN_POINT('Origin',(0.23298227190662,0.843412272247227,1.64768203526722));
#5914=CARTESIAN_POINT('Ctrl Pts',(0.144616197730768,0.862966485649296,1.43321291042097));
#5915=CARTESIAN_POINT('Ctrl Pts',(0.144891657155017,0.864610231336246,1.43321291042097));
#5916=CARTESIAN_POINT('Ctrl Pts',(0.145167116579266,0.866253977023198,1.43321291042097));
#5917=CARTESIAN_POINT('Ctrl Pts',(0.145442576003515,0.867897722710149,1.43321291042097));
#5918=CARTESIAN_POINT('Ctrl Pts',(0.174423413002557,0.857971383047709,1.44119373563697));
#5919=CARTESIAN_POINT('Ctrl Pts',(0.174755648194116,0.859605614813543,1.44119373563697));
#5920=CARTESIAN_POINT('Ctrl Pts',(0.175087883028155,0.861239844899291,1.44119373563697));
#5921=CARTESIAN_POINT('Ctrl Pts',(0.175420118219714,0.862874076665125,1.44119373563697));
#5922=CARTESIAN_POINT('Ctrl Pts',(0.203971540379306,0.851430579582125,1.44917456085297));
#5923=CARTESIAN_POINT('Ctrl Pts',(0.204360057727391,0.853052352672667,1.44917456085297));
#5924=CARTESIAN_POINT('Ctrl Pts',(0.204748574690531,0.854674124089194,1.44917456085297));
#5925=CARTESIAN_POINT('Ctrl Pts',(0.205137092038616,0.856295897179737,1.44917456085297));
#5926=CARTESIAN_POINT('Ctrl Pts',(0.233102200525163,0.843379134263071,1.45715538606897));
#5927=CARTESIAN_POINT('Ctrl Pts',(0.233546204716639,0.844985570709286,1.45715538606897));
#5928=CARTESIAN_POINT('Ctrl Pts',(0.233990208908116,0.846592007155502,1.45715538606897));
#5929=CARTESIAN_POINT('Ctrl Pts',(0.234434213099592,0.848198443601717,1.45715538606897));
#5930=CARTESIAN_POINT('',(0.233102200525163,0.843379134263071,1.45715538606897));
#5931=CARTESIAN_POINT('',(0.144616197730768,0.862966485649296,1.43321291042097));
#5932=CARTESIAN_POINT('Ctrl Pts',(0.233102200525163,0.843379134263071,1.45715538606897));
#5933=CARTESIAN_POINT('Ctrl Pts',(0.203971540379306,0.851430579582125,1.44917456085297));
#5934=CARTESIAN_POINT('Ctrl Pts',(0.174423413002557,0.857971383047709,1.44119373563697));
#5935=CARTESIAN_POINT('Ctrl Pts',(0.144616197730768,0.862966485649296,1.43321291042097));
#5936=CARTESIAN_POINT('',(0.234434213099592,0.848198443601717,1.45715538606897));
#5937=CARTESIAN_POINT('',(0.233102200525163,0.843379134263071,1.45715538606897));
#5938=CARTESIAN_POINT('',(0.145442576003515,0.867897722710149,1.43321291042097));
#5939=CARTESIAN_POINT('Ctrl Pts',(0.145442576003515,0.867897722710149,1.43321291042097));
#5940=CARTESIAN_POINT('Ctrl Pts',(0.175420118219714,0.862874076665125,1.44119373563697));
#5941=CARTESIAN_POINT('Ctrl Pts',(0.205137092038616,0.856295897179737,1.44917456085297));
#5942=CARTESIAN_POINT('Ctrl Pts',(0.234434213099592,0.848198443601717,1.45715538606897));
#5943=CARTESIAN_POINT('',(0.144616197730768,0.862966485649296,1.43321291042097));
#5944=CARTESIAN_POINT('Origin',(0.144616197730768,0.862966485649296,1.37228135398347));
#5945=CARTESIAN_POINT('',(0.144616197730768,0.862966485649296,1.31134979754597));
#5946=CARTESIAN_POINT('',(0.144616197730768,0.862966485649296,0.));
#5947=CARTESIAN_POINT('',(0.145442576003515,0.867897722710149,1.31134979754597));
#5948=CARTESIAN_POINT('',(0.145442576003515,0.867897722710149,1.31134979754597));
#5949=CARTESIAN_POINT('',(0.144616197730768,0.862966485649296,1.31134979754597));
#5950=CARTESIAN_POINT('Ctrl Pts',(-0.161308719547186,0.860002614529774,
1.22892866942447));
#5951=CARTESIAN_POINT('Ctrl Pts',(-0.161615974251085,0.861640714747926,
1.22892866942447));
#5952=CARTESIAN_POINT('Ctrl Pts',(-0.161923228954984,0.863278814966078,
1.22892866942447));
#5953=CARTESIAN_POINT('Ctrl Pts',(-0.162230483658884,0.86491691518423,1.22892866942447));
#5954=CARTESIAN_POINT('Ctrl Pts',(-0.0605591664003636,0.87889997732669,
1.2564023787983));
#5955=CARTESIAN_POINT('Ctrl Pts',(-0.0606745200239376,0.880574148113802,
1.2564023787983));
#5956=CARTESIAN_POINT('Ctrl Pts',(-0.0607898651562201,0.882248092124302,
1.2564023787983));
#5957=CARTESIAN_POINT('Ctrl Pts',(-0.0609052187797942,0.883922262911414,
1.2564023787983));
#5958=CARTESIAN_POINT('Ctrl Pts',(0.043519426231546,0.879908314724006,1.28387608817213));
#5959=CARTESIAN_POINT('Ctrl Pts',(0.0436023217420763,0.881584406194428,
1.28387608817213));
#5960=CARTESIAN_POINT('Ctrl Pts',(0.0436852131566246,0.883260270766292,
1.28387608817213));
#5961=CARTESIAN_POINT('Ctrl Pts',(0.0437681086671548,0.884936362236714,
1.28387608817213));
#5962=CARTESIAN_POINT('Ctrl Pts',(0.144616197730768,0.862966485649296,1.31134979754597));
#5963=CARTESIAN_POINT('Ctrl Pts',(0.144891657155017,0.864610231336247,1.31134979754597));
#5964=CARTESIAN_POINT('Ctrl Pts',(0.145167116579266,0.866253977023198,1.31134979754597));
#5965=CARTESIAN_POINT('Ctrl Pts',(0.145442576003515,0.867897722710149,1.31134979754597));
#5966=CARTESIAN_POINT('',(-0.161308719547186,0.860002614529774,1.22892866942447));
#5967=CARTESIAN_POINT('Ctrl Pts',(0.144616197730768,0.862966485649296,1.31134979754597));
#5968=CARTESIAN_POINT('Ctrl Pts',(0.043519426231546,0.879908314724006,1.28387608817213));
#5969=CARTESIAN_POINT('Ctrl Pts',(-0.0605591664003636,0.87889997732669,
1.2564023787983));
#5970=CARTESIAN_POINT('Ctrl Pts',(-0.161308719547186,0.860002614529774,
1.22892866942447));
#5971=CARTESIAN_POINT('',(-0.162230483658884,0.86491691518423,1.22892866942447));
#5972=CARTESIAN_POINT('Ctrl Pts',(-0.162230483658884,0.86491691518423,1.22892866942447));
#5973=CARTESIAN_POINT('Ctrl Pts',(-0.0609052187797942,0.883922262911414,
1.2564023787983));
#5974=CARTESIAN_POINT('Ctrl Pts',(0.0437681086671548,0.884936362236714,
1.28387608817213));
#5975=CARTESIAN_POINT('Ctrl Pts',(0.145442576003515,0.867897722710149,1.31134979754597));
#5976=CARTESIAN_POINT('',(-0.161308719547186,0.860002614529774,1.22892866942447));
#5977=CARTESIAN_POINT('Origin',(-0.161308719547186,0.860002614529774,1.17647562886247));
#5978=CARTESIAN_POINT('',(-0.161308719547186,0.860002614529774,1.12402258830047));
#5979=CARTESIAN_POINT('',(-0.161308719547185,0.860002614529775,0.));
#5980=CARTESIAN_POINT('',(-0.162230483658884,0.86491691518423,1.12402258830047));
#5981=CARTESIAN_POINT('',(-0.162230483658884,0.86491691518423,1.12402258830047));
#5982=CARTESIAN_POINT('',(-0.161308719547186,0.860002614529774,1.12402258830047));
#5983=CARTESIAN_POINT('Ctrl Pts',(0.144616197730768,0.862966485649296,1.20692363241497));
#5984=CARTESIAN_POINT('Ctrl Pts',(0.144891657155017,0.864610231336246,1.20692363241497));
#5985=CARTESIAN_POINT('Ctrl Pts',(0.145167116579266,0.866253977023198,1.20692363241497));
#5986=CARTESIAN_POINT('Ctrl Pts',(0.145442576003515,0.867897722710149,1.20692363241497));
#5987=CARTESIAN_POINT('Ctrl Pts',(0.0435194262315462,0.879908314724006,
1.17928995104347));
#5988=CARTESIAN_POINT('Ctrl Pts',(0.0436023217420764,0.881584406194428,
1.17928995104347));
#5989=CARTESIAN_POINT('Ctrl Pts',(0.0436852131566247,0.883260270766292,
1.17928995104347));
#5990=CARTESIAN_POINT('Ctrl Pts',(0.043768108667155,0.884936362236714,1.17928995104347));
#5991=CARTESIAN_POINT('Ctrl Pts',(-0.0605591664003633,0.87889997732669,
1.15165626967197));
#5992=CARTESIAN_POINT('Ctrl Pts',(-0.0606745200239374,0.880574148113802,
1.15165626967197));
#5993=CARTESIAN_POINT('Ctrl Pts',(-0.0607898651562199,0.882248092124302,
1.15165626967197));
#5994=CARTESIAN_POINT('Ctrl Pts',(-0.060905218779794,0.883922262911414,
1.15165626967197));
#5995=CARTESIAN_POINT('Ctrl Pts',(-0.161308719547185,0.860002614529775,
1.12402258830047));
#5996=CARTESIAN_POINT('Ctrl Pts',(-0.161615974251085,0.861640714747926,
1.12402258830047));
#5997=CARTESIAN_POINT('Ctrl Pts',(-0.161923228954984,0.863278814966079,
1.12402258830047));
#5998=CARTESIAN_POINT('Ctrl Pts',(-0.162230483658884,0.86491691518423,1.12402258830047));
#5999=CARTESIAN_POINT('',(0.144616197730768,0.862966485649296,1.20692363241497));
#6000=CARTESIAN_POINT('Ctrl Pts',(-0.161308719547185,0.860002614529775,
1.12402258830047));
#6001=CARTESIAN_POINT('Ctrl Pts',(-0.0605591664003633,0.87889997732669,
1.15165626967197));
#6002=CARTESIAN_POINT('Ctrl Pts',(0.0435194262315462,0.879908314724006,
1.17928995104347));
#6003=CARTESIAN_POINT('Ctrl Pts',(0.144616197730768,0.862966485649296,1.20692363241497));
#6004=CARTESIAN_POINT('',(0.145442576003515,0.867897722710149,1.20692363241497));
#6005=CARTESIAN_POINT('Ctrl Pts',(0.145442576003515,0.867897722710149,1.20692363241497));
#6006=CARTESIAN_POINT('Ctrl Pts',(0.043768108667155,0.884936362236714,1.17928995104347));
#6007=CARTESIAN_POINT('Ctrl Pts',(-0.060905218779794,0.883922262911414,
1.15165626967197));
#6008=CARTESIAN_POINT('Ctrl Pts',(-0.162230483658884,0.86491691518423,1.12402258830047));
#6009=CARTESIAN_POINT('',(0.144616197730768,0.862966485649296,1.20692363241497));
#6010=CARTESIAN_POINT('Origin',(0.144616197730768,0.862966485649296,1.14600096331069));
#6011=CARTESIAN_POINT('',(0.144616197730768,0.862966485649296,1.08507829420642));
#6012=CARTESIAN_POINT('',(0.144616197730768,0.862966485649296,0.));
#6013=CARTESIAN_POINT('',(0.145442576003515,0.867897722710149,1.08507829420642));
#6014=CARTESIAN_POINT('',(0.145442576003515,0.867897722710149,1.08507829420642));
#6015=CARTESIAN_POINT('',(0.144616197730768,0.862966485649296,1.08507829420642));
#6016=CARTESIAN_POINT('Ctrl Pts',(0.233102200525163,0.843379134263071,1.10964288317847));
#6017=CARTESIAN_POINT('Ctrl Pts',(0.23354620471664,0.844985570709286,1.10964288317847));
#6018=CARTESIAN_POINT('Ctrl Pts',(0.233990208908116,0.846592007155502,1.10964288317847));
#6019=CARTESIAN_POINT('Ctrl Pts',(0.234434213099593,0.848198443601717,1.10964288317847));
#6020=CARTESIAN_POINT('Ctrl Pts',(0.203971540379306,0.851430579582125,1.10145468685445));
#6021=CARTESIAN_POINT('Ctrl Pts',(0.204360057727391,0.853052352672667,1.10145468685445));
#6022=CARTESIAN_POINT('Ctrl Pts',(0.204748574690531,0.854674124089194,1.10145468685445));
#6023=CARTESIAN_POINT('Ctrl Pts',(0.205137092038616,0.856295897179737,1.10145468685445));
#6024=CARTESIAN_POINT('Ctrl Pts',(0.174423413002557,0.857971383047709,1.09326649053044));
#6025=CARTESIAN_POINT('Ctrl Pts',(0.174755648194116,0.859605614813543,1.09326649053044));
#6026=CARTESIAN_POINT('Ctrl Pts',(0.175087883028155,0.861239844899291,1.09326649053044));
#6027=CARTESIAN_POINT('Ctrl Pts',(0.175420118219714,0.862874076665125,1.09326649053044));
#6028=CARTESIAN_POINT('Ctrl Pts',(0.144616197730768,0.862966485649296,1.08507829420642));
#6029=CARTESIAN_POINT('Ctrl Pts',(0.144891657155017,0.864610231336246,1.08507829420642));
#6030=CARTESIAN_POINT('Ctrl Pts',(0.145167116579266,0.866253977023198,1.08507829420642));
#6031=CARTESIAN_POINT('Ctrl Pts',(0.145442576003515,0.867897722710149,1.08507829420642));
#6032=CARTESIAN_POINT('',(0.233102200525163,0.843379134263071,1.10964288317847));
#6033=CARTESIAN_POINT('Ctrl Pts',(0.144616197730768,0.862966485649296,1.08507829420642));
#6034=CARTESIAN_POINT('Ctrl Pts',(0.174423413002557,0.857971383047709,1.09326649053044));
#6035=CARTESIAN_POINT('Ctrl Pts',(0.203971540379306,0.851430579582125,1.10145468685445));
#6036=CARTESIAN_POINT('Ctrl Pts',(0.233102200525163,0.843379134263071,1.10964288317847));
#6037=CARTESIAN_POINT('',(0.234434213099593,0.848198443601717,1.10964288317847));
#6038=CARTESIAN_POINT('Ctrl Pts',(0.234434213099593,0.848198443601717,1.10964288317847));
#6039=CARTESIAN_POINT('Ctrl Pts',(0.205137092038616,0.856295897179737,1.10145468685445));
#6040=CARTESIAN_POINT('Ctrl Pts',(0.175420118219714,0.862874076665125,1.09326649053044));
#6041=CARTESIAN_POINT('Ctrl Pts',(0.145442576003515,0.867897722710149,1.08507829420642));
#6042=CARTESIAN_POINT('',(0.233102200525163,0.843379134263071,1.10964288317847));
#6043=CARTESIAN_POINT('Origin',(0.233102200525163,0.843379134263071,1.28339913462372));
#6044=CARTESIAN_POINT('',(0.233102200525163,0.843379134263071,0.));
#6045=CARTESIAN_POINT('',(0.234434213099592,0.848198443601717,1.45715538606897));
#6046=CARTESIAN_POINT('Origin',(0.,0.,0.));
#6047=CARTESIAN_POINT('Origin',(0.,0.,-3.93136521581856E-234));
#6048=CARTESIAN_POINT('Origin',(0.,0.,-3.93136521581856E-234));
#6049=CARTESIAN_POINT('',(-0.10773211978787,0.868342553584709,0.919400628642468));
#6050=CARTESIAN_POINT('',(-0.164714097211595,0.859356891041068,0.861561864159467));
#6051=CARTESIAN_POINT('Ctrl Pts',(-0.10773211978787,0.868342553584709,0.919400628642468));
#6052=CARTESIAN_POINT('Ctrl Pts',(-0.139359613608693,0.864418644824475,
0.91932952997696));
#6053=CARTESIAN_POINT('Ctrl Pts',(-0.164714097211584,0.85935689104107,0.893431841024474));
#6054=CARTESIAN_POINT('Ctrl Pts',(-0.164714097211595,0.859356891041068,
0.861561864159467));
#6055=CARTESIAN_POINT('',(-0.164714097211595,0.859356891041068,0.467604157952468));
#6056=CARTESIAN_POINT('',(-0.164714097211595,0.859356891041068,0.));
#6057=CARTESIAN_POINT('',(-0.107661561721223,0.868351304558096,0.409836492134968));
#6058=CARTESIAN_POINT('Ctrl Pts',(-0.164714097211595,0.859356891041068,
0.467604157952468));
#6059=CARTESIAN_POINT('Ctrl Pts',(-0.16471409667706,0.859356891143523,0.435663083639321));
#6060=CARTESIAN_POINT('Ctrl Pts',(-0.139289374277733,0.864429965722321,
0.409836492806579));
#6061=CARTESIAN_POINT('Ctrl Pts',(-0.107661561721223,0.868351304558096,
0.409836492134968));
#6062=CARTESIAN_POINT('',(-0.0500689539210368,0.873566311079619,0.467604157952468));
#6063=CARTESIAN_POINT('Ctrl Pts',(-0.107661561721223,0.868351304558096,
0.409836492134968));
#6064=CARTESIAN_POINT('Ctrl Pts',(-0.075963190743561,0.872281391500512,
0.40983649213497));
#6065=CARTESIAN_POINT('Ctrl Pts',(-0.0500689539210517,0.873566311079618,
0.435663082421959));
#6066=CARTESIAN_POINT('Ctrl Pts',(-0.0500689539210368,0.873566311079619,
0.467604157952468));
#6067=CARTESIAN_POINT('',(-0.0500689539210368,0.873566311079619,0.861561864159467));
#6068=CARTESIAN_POINT('',(-0.0500689539210367,0.873566311079619,0.));
#6069=CARTESIAN_POINT('Ctrl Pts',(-0.0500689539210368,0.873566311079619,
0.861561864159467));
#6070=CARTESIAN_POINT('Ctrl Pts',(-0.0500689539210517,0.873566311079618,
0.893502939689971));
#6071=CARTESIAN_POINT('Ctrl Pts',(-0.0759635105454208,0.872283970024883,
0.919400628642474));
#6072=CARTESIAN_POINT('Ctrl Pts',(-0.10773211978787,0.868342553584709,0.919400628642468));
#6073=CARTESIAN_POINT('Origin',(0.,0.,0.));
#6074=CARTESIAN_POINT('',(-0.165655320624233,0.864267501847017,0.861561864159467));
#6075=CARTESIAN_POINT('',(-0.108347731900944,0.873304511033764,0.919400628642468));
#6076=CARTESIAN_POINT('Ctrl Pts',(-0.165655320624233,0.864267501847017,
0.861561864159467));
#6077=CARTESIAN_POINT('Ctrl Pts',(-0.165655320624222,0.864267501847019,
0.893431841024474));
#6078=CARTESIAN_POINT('Ctrl Pts',(-0.140155954257886,0.869358179937757,
0.91932952997696));
#6079=CARTESIAN_POINT('Ctrl Pts',(-0.108347731900944,0.873304511033764,
0.919400628642468));
#6080=CARTESIAN_POINT('',(-0.050355062229157,0.878558118571502,0.861561864159467));
#6081=CARTESIAN_POINT('Ctrl Pts',(-0.108347731900944,0.873304511033764,
0.919400628642468));
#6082=CARTESIAN_POINT('Ctrl Pts',(-0.0763975877485375,0.877268449853596,
0.919400628642474));
#6083=CARTESIAN_POINT('Ctrl Pts',(-0.050355062229172,0.878558118571502,
0.893502939689971));
#6084=CARTESIAN_POINT('Ctrl Pts',(-0.050355062229157,0.878558118571502,
0.861561864159467));
#6085=CARTESIAN_POINT('',(-0.050355062229157,0.878558118571502,0.467604157952468));
#6086=CARTESIAN_POINT('',(-0.050355062229157,0.878558118571502,0.861561864159467));
#6087=CARTESIAN_POINT('',(-0.108276770645344,0.873313312012714,0.409836492134968));
#6088=CARTESIAN_POINT('Ctrl Pts',(-0.050355062229157,0.878558118571502,
0.467604157952468));
#6089=CARTESIAN_POINT('Ctrl Pts',(-0.050355062229172,0.878558118571502,
0.435663082421959));
#6090=CARTESIAN_POINT('Ctrl Pts',(-0.0763972661192385,0.877265856594801,
0.40983649213497));
#6091=CARTESIAN_POINT('Ctrl Pts',(-0.108276770645344,0.873313312012714,
0.409836492134968));
#6092=CARTESIAN_POINT('',(-0.165655320624233,0.864267501847017,0.467604157952468));
#6093=CARTESIAN_POINT('Ctrl Pts',(-0.108276770645344,0.873313312012714,
0.409836492134968));
#6094=CARTESIAN_POINT('Ctrl Pts',(-0.14008531355932,0.869369565526448,0.409836492806579));
#6095=CARTESIAN_POINT('Ctrl Pts',(-0.165655320086643,0.864267501950057,
0.435663083639321));
#6096=CARTESIAN_POINT('Ctrl Pts',(-0.165655320624233,0.864267501847017,
0.467604157952468));
#6097=CARTESIAN_POINT('',(-0.165655320624233,0.864267501847017,0.467604157952468));
#6098=CARTESIAN_POINT('Ctrl Pts',(-0.164714097211595,0.859356891041068,
0.861561864159467));
#6099=CARTESIAN_POINT('Ctrl Pts',(-0.165027838349141,0.860993761309717,
0.861561864159467));
#6100=CARTESIAN_POINT('Ctrl Pts',(-0.165341579486687,0.862630631578367,
0.861561864159467));
#6101=CARTESIAN_POINT('Ctrl Pts',(-0.165655320624233,0.864267501847017,
0.861561864159467));
#6102=CARTESIAN_POINT('Ctrl Pts',(-0.164714097211584,0.85935689104107,0.893431841024474));
#6103=CARTESIAN_POINT('Ctrl Pts',(-0.165027839504311,0.860993701232905,
0.893431841024474));
#6104=CARTESIAN_POINT('Ctrl Pts',(-0.165341578331495,0.862630691655183,
0.893431841024474));
#6105=CARTESIAN_POINT('Ctrl Pts',(-0.165655320624222,0.864267501847019,
0.893431841024474));
#6106=CARTESIAN_POINT('Ctrl Pts',(-0.139359613608693,0.864418644824475,
0.91932952997696));
#6107=CARTESIAN_POINT('Ctrl Pts',(-0.139625085029348,0.866065210587825,
0.91932952997696));
#6108=CARTESIAN_POINT('Ctrl Pts',(-0.139890482837231,0.867711614174406,
0.91932952997696));
#6109=CARTESIAN_POINT('Ctrl Pts',(-0.140155954257886,0.869358179937757,
0.91932952997696));
#6110=CARTESIAN_POINT('Ctrl Pts',(-0.10773211978787,0.868342553584709,0.919400628642468));
#6111=CARTESIAN_POINT('Ctrl Pts',(-0.107937323825561,0.86999653940106,0.919400628642468));
#6112=CARTESIAN_POINT('Ctrl Pts',(-0.108142527863252,0.871650525217412,
0.919400628642468));
#6113=CARTESIAN_POINT('Ctrl Pts',(-0.108347731900944,0.873304511033764,
0.919400628642468));
#6114=CARTESIAN_POINT('',(-0.10773211978787,0.868342553584709,0.919400628642468));
#6115=CARTESIAN_POINT('',(-0.164714097211595,0.859356891041068,0.861561864159467));
#6116=CARTESIAN_POINT('Ctrl Pts',(-0.10773211978787,0.868342553584709,0.919400628642468));
#6117=CARTESIAN_POINT('Ctrl Pts',(-0.107937323825561,0.86999653940106,0.919400628642468));
#6118=CARTESIAN_POINT('Ctrl Pts',(-0.108142527863252,0.871650525217412,
0.919400628642468));
#6119=CARTESIAN_POINT('Ctrl Pts',(-0.108347731900944,0.873304511033764,
0.919400628642468));
#6120=CARTESIAN_POINT('Ctrl Pts',(-0.0759635105454208,0.872283970024883,
0.919400628642474));
#6121=CARTESIAN_POINT('Ctrl Pts',(-0.076108192095447,0.873945521064742,
0.919400628642474));
#6122=CARTESIAN_POINT('Ctrl Pts',(-0.0762529061985112,0.875606898813737,
0.919400628642474));
#6123=CARTESIAN_POINT('Ctrl Pts',(-0.0763975877485375,0.877268449853596,
0.919400628642474));
#6124=CARTESIAN_POINT('Ctrl Pts',(-0.0500689539210517,0.873566311079618,
0.893502939689971));
#6125=CARTESIAN_POINT('Ctrl Pts',(-0.0501643073434422,0.875230187756546,
0.893502939689971));
#6126=CARTESIAN_POINT('Ctrl Pts',(-0.0502597088067815,0.876894241894574,
0.893502939689971));
#6127=CARTESIAN_POINT('Ctrl Pts',(-0.050355062229172,0.878558118571502,
0.893502939689971));
#6128=CARTESIAN_POINT('Ctrl Pts',(-0.0500689539210368,0.873566311079619,
0.861561864159467));
#6129=CARTESIAN_POINT('Ctrl Pts',(-0.0501643233570769,0.875230246910247,
0.861561864159467));
#6130=CARTESIAN_POINT('Ctrl Pts',(-0.0502596927931169,0.876894182740875,
0.861561864159467));
#6131=CARTESIAN_POINT('Ctrl Pts',(-0.050355062229157,0.878558118571502,
0.861561864159467));
#6132=CARTESIAN_POINT('',(-0.0500689539210368,0.873566311079619,0.861561864159467));
#6133=CARTESIAN_POINT('Origin',(-0.0500689539210368,0.873566311079619,0.664583011055968));
#6134=CARTESIAN_POINT('',(-0.0500689539210368,0.873566311079619,0.467604157952468));
#6135=CARTESIAN_POINT('Ctrl Pts',(-0.0500689539210368,0.873566311079619,
0.467604157952468));
#6136=CARTESIAN_POINT('Ctrl Pts',(-0.0501643233570769,0.875230246910247,
0.467604157952468));
#6137=CARTESIAN_POINT('Ctrl Pts',(-0.0502596927931169,0.876894182740875,
0.467604157952468));
#6138=CARTESIAN_POINT('Ctrl Pts',(-0.050355062229157,0.878558118571502,
0.467604157952468));
#6139=CARTESIAN_POINT('Ctrl Pts',(-0.0500689539210517,0.873566311079618,
0.435663082421959));
#6140=CARTESIAN_POINT('Ctrl Pts',(-0.0501643074808549,0.875230188880318,
0.435663082421959));
#6141=CARTESIAN_POINT('Ctrl Pts',(-0.0502597086693687,0.876894240770801,
0.435663082421959));
#6142=CARTESIAN_POINT('Ctrl Pts',(-0.050355062229172,0.878558118571502,
0.435663082421959));
#6143=CARTESIAN_POINT('Ctrl Pts',(-0.075963190743561,0.872281391500512,
0.40983649213497));
#6144=CARTESIAN_POINT('Ctrl Pts',(-0.0761078718892564,0.873942938905087,
0.40983649213497));
#6145=CARTESIAN_POINT('Ctrl Pts',(-0.076252584973543,0.875604309190226,
0.40983649213497));
#6146=CARTESIAN_POINT('Ctrl Pts',(-0.0763972661192385,0.877265856594801,
0.40983649213497));
#6147=CARTESIAN_POINT('Ctrl Pts',(-0.107661561721223,0.868351304558096,
0.409836492134968));
#6148=CARTESIAN_POINT('Ctrl Pts',(-0.107866631362597,0.870005307042969,
0.409836492134968));
#6149=CARTESIAN_POINT('Ctrl Pts',(-0.10807170100397,0.871659309527841,0.409836492134968));
#6150=CARTESIAN_POINT('Ctrl Pts',(-0.108276770645344,0.873313312012714,
0.409836492134968));
#6151=CARTESIAN_POINT('',(-0.107661561721223,0.868351304558096,0.409836492134968));
#6152=CARTESIAN_POINT('Ctrl Pts',(-0.107661561721223,0.868351304558096,
0.409836492134968));
#6153=CARTESIAN_POINT('Ctrl Pts',(-0.107866631362597,0.870005307042969,
0.409836492134968));
#6154=CARTESIAN_POINT('Ctrl Pts',(-0.10807170100397,0.871659309527841,0.409836492134968));
#6155=CARTESIAN_POINT('Ctrl Pts',(-0.108276770645344,0.873313312012714,
0.409836492134968));
#6156=CARTESIAN_POINT('Ctrl Pts',(-0.139289374277733,0.864429965722321,
0.409836492806579));
#6157=CARTESIAN_POINT('Ctrl Pts',(-0.139554712222014,0.866076554927863,
0.409836492806579));
#6158=CARTESIAN_POINT('Ctrl Pts',(-0.13981997561504,0.867722976320906,0.409836492806579));
#6159=CARTESIAN_POINT('Ctrl Pts',(-0.14008531355932,0.869369565526448,0.409836492806579));
#6160=CARTESIAN_POINT('Ctrl Pts',(-0.16471409667706,0.859356891143523,0.435663083639321));
#6161=CARTESIAN_POINT('Ctrl Pts',(-0.165027839183164,0.860993702383295,
0.435663083639321));
#6162=CARTESIAN_POINT('Ctrl Pts',(-0.165341577580538,0.862630690710285,
0.435663083639321));
#6163=CARTESIAN_POINT('Ctrl Pts',(-0.165655320086643,0.864267501950057,
0.435663083639321));
#6164=CARTESIAN_POINT('Ctrl Pts',(-0.164714097211595,0.859356891041068,
0.467604157952468));
#6165=CARTESIAN_POINT('Ctrl Pts',(-0.165027838349141,0.860993761309717,
0.467604157952468));
#6166=CARTESIAN_POINT('Ctrl Pts',(-0.165341579486687,0.862630631578367,
0.467604157952468));
#6167=CARTESIAN_POINT('Ctrl Pts',(-0.165655320624233,0.864267501847017,
0.467604157952468));
#6168=CARTESIAN_POINT('',(-0.164714097211595,0.859356891041068,0.467604157952468));
#6169=CARTESIAN_POINT('Origin',(-0.164714097211595,0.859356891041068,0.664583011055968));
#6170=CARTESIAN_POINT('Ctrl Pts',(-0.297092203316757,0.823019576151379,
1.06694813447301));
#6171=CARTESIAN_POINT('Ctrl Pts',(-0.297658093227837,0.824587232486905,
1.06694813447301));
#6172=CARTESIAN_POINT('Ctrl Pts',(-0.298223983138916,0.826154888822431,
1.06694813447301));
#6173=CARTESIAN_POINT('Ctrl Pts',(-0.298789873049996,0.827722545157958,
1.06694813447301));
#6174=CARTESIAN_POINT('Ctrl Pts',(-0.302018358388773,0.82124134109278,1.07252041627798));
#6175=CARTESIAN_POINT('Ctrl Pts',(-0.302593701730599,0.822805579437988,
1.07252041627798));
#6176=CARTESIAN_POINT('Ctrl Pts',(-0.303168834237741,0.82436991041096,1.07252041627798));
#6177=CARTESIAN_POINT('Ctrl Pts',(-0.303744177579566,0.825934148756168,
1.07252041627798));
#6178=CARTESIAN_POINT('Ctrl Pts',(-0.304503652441914,0.820306768738864,
1.08039224675862));
#6179=CARTESIAN_POINT('Ctrl Pts',(-0.3050837325056,0.821869224302645,1.08039224675862));
#6180=CARTESIAN_POINT('Ctrl Pts',(-0.305663593249324,0.82343178042502,1.08039224675862));
#6181=CARTESIAN_POINT('Ctrl Pts',(-0.306243673313011,0.824994235988801,
1.08039224675862));
#6182=CARTESIAN_POINT('Ctrl Pts',(-0.303736479924453,0.820590732803572,
1.08792224083127));
#6183=CARTESIAN_POINT('Ctrl Pts',(-0.304315025600499,0.822153762770817,
1.08792224083127));
#6184=CARTESIAN_POINT('Ctrl Pts',(-0.304893571276546,0.823716792738062,
1.08792224083127));
#6185=CARTESIAN_POINT('Ctrl Pts',(-0.305472116952593,0.825279822705307,
1.08792224083127));
#6186=CARTESIAN_POINT('',(-0.303747259912285,0.820586739671023,1.0879184089004));
#6187=CARTESIAN_POINT('',(-0.297092203316757,0.823019576151379,1.06694813447301));
#6188=CARTESIAN_POINT('Ctrl Pts',(-0.303736479924453,0.820590732803572,
1.08792224083127));
#6189=CARTESIAN_POINT('Ctrl Pts',(-0.304503652441914,0.820306768738864,
1.08039224675862));
#6190=CARTESIAN_POINT('Ctrl Pts',(-0.302018358388773,0.82124134109278,1.07252041627798));
#6191=CARTESIAN_POINT('Ctrl Pts',(-0.297092203316757,0.823019576151379,
1.06694813447301));
#6192=CARTESIAN_POINT('',(-0.305483932576426,0.825275445951562,1.0879180646299));
#6193=CARTESIAN_POINT('',(-0.303736479924453,0.820590732803572,1.08792224083127));
#6194=CARTESIAN_POINT('',(-0.298789873049996,0.827722545157958,1.06694813447301));
#6195=CARTESIAN_POINT('Ctrl Pts',(-0.298789873049996,0.827722545157958,
1.06694813447301));
#6196=CARTESIAN_POINT('Ctrl Pts',(-0.303744177579566,0.825934148756168,
1.07252041627798));
#6197=CARTESIAN_POINT('Ctrl Pts',(-0.306243673313011,0.824994235988801,
1.08039224675862));
#6198=CARTESIAN_POINT('Ctrl Pts',(-0.305472116952593,0.825279822705307,
1.08792224083127));
#6199=CARTESIAN_POINT('',(-0.297092203316757,0.823019576151379,1.06694813447301));
#6200=CARTESIAN_POINT('Ctrl Pts',(-0.277735770620403,0.829751674730393,
1.05854071726329));
#6201=CARTESIAN_POINT('Ctrl Pts',(-0.278264791135871,0.831332154110832,
1.05854071726329));
#6202=CARTESIAN_POINT('Ctrl Pts',(-0.278793811651338,0.83291263349127,1.05854071726329));
#6203=CARTESIAN_POINT('Ctrl Pts',(-0.279322832166805,0.834493112871709,
1.05854071726329));
#6204=CARTESIAN_POINT('Ctrl Pts',(-0.279549768302427,0.829144490605957,
1.05847442619554));
#6205=CARTESIAN_POINT('Ctrl Pts',(-0.280082244067246,0.830723813490114,
1.05847442619554));
#6206=CARTESIAN_POINT('Ctrl Pts',(-0.280614719785052,0.832303136239547,
1.05847442619554));
#6207=CARTESIAN_POINT('Ctrl Pts',(-0.28114719554987,0.833882459123705,1.05847442619554));
#6208=CARTESIAN_POINT('Ctrl Pts',(-0.281363017356287,0.82853086950739,1.05861215991333));
#6209=CARTESIAN_POINT('Ctrl Pts',(-0.281898946912447,0.830109023543206,
1.05861215991333));
#6210=CARTESIAN_POINT('Ctrl Pts',(-0.282434876470734,0.831687177583045,
1.05861215991333));
#6211=CARTESIAN_POINT('Ctrl Pts',(-0.282970806026894,0.833265331618861,
1.05861215991333));
#6212=CARTESIAN_POINT('Ctrl Pts',(-0.284909399025012,0.827318023033481,
1.05928659886024));
#6213=CARTESIAN_POINT('Ctrl Pts',(-0.285452083600184,0.828893866901916,
1.05928659886024));
#6214=CARTESIAN_POINT('Ctrl Pts',(-0.285994768158555,0.830469710725238,
1.05928659886024));
#6215=CARTESIAN_POINT('Ctrl Pts',(-0.286537452733726,0.832045554593672,
1.05928659886024));
#6216=CARTESIAN_POINT('Ctrl Pts',(-0.286634214388374,0.826721781897789,
1.05981759259304));
#6217=CARTESIAN_POINT('Ctrl Pts',(-0.287180184324331,0.82829649006481,1.05981759259304));
#6218=CARTESIAN_POINT('Ctrl Pts',(-0.287726154248923,0.829871198198756,
1.05981759259304));
#6219=CARTESIAN_POINT('Ctrl Pts',(-0.288272124184879,0.831445906365776,
1.05981759259304));
#6220=CARTESIAN_POINT('Ctrl Pts',(-0.28994600483916,0.825566103231839,1.06125302322151));
#6221=CARTESIAN_POINT('Ctrl Pts',(-0.290498282944591,0.827138610096992,
1.06125302322151));
#6222=CARTESIAN_POINT('Ctrl Pts',(-0.291050561047096,0.828711116956582,
1.06125302322151));
#6223=CARTESIAN_POINT('Ctrl Pts',(-0.291602839152527,0.830283623821735,
1.06125302322151));
#6224=CARTESIAN_POINT('Ctrl Pts',(-0.291525273978968,0.825009373044719,
1.06215440700152));
#6225=CARTESIAN_POINT('Ctrl Pts',(-0.292080560220525,0.826580819483935,
1.06215440700152));
#6226=CARTESIAN_POINT('Ctrl Pts',(-0.292635846445862,0.828152265880044,
1.06215440700152));
#6227=CARTESIAN_POINT('Ctrl Pts',(-0.293191132687419,0.82972371231926,1.06215440700152));
#6228=CARTESIAN_POINT('Ctrl Pts',(-0.294487190966899,0.823956785447053,
1.06430614298524));
#6229=CARTESIAN_POINT('Ctrl Pts',(-0.295048118947416,0.825526226936771,
1.06430614298524));
#6230=CARTESIAN_POINT('Ctrl Pts',(-0.295609046934765,0.827095668445603,
1.06430614298524));
#6231=CARTESIAN_POINT('Ctrl Pts',(-0.296169974915282,0.828665109935321,
1.06430614298524));
#6232=CARTESIAN_POINT('Ctrl Pts',(-0.295859260789267,0.823464641642734,
1.06555346424984));
#6233=CARTESIAN_POINT('Ctrl Pts',(-0.296422802244362,0.825033145735557,
1.06555346424984));
#6234=CARTESIAN_POINT('Ctrl Pts',(-0.29698634368154,0.82660164978787,1.06555346424984));
#6235=CARTESIAN_POINT('Ctrl Pts',(-0.297549885136635,0.828170153880692,
1.06555346424984));
#6236=CARTESIAN_POINT('Ctrl Pts',(-0.297092203316757,0.823019576151379,
1.06694813447301));
#6237=CARTESIAN_POINT('Ctrl Pts',(-0.297658093227837,0.824587232486905,
1.06694813447301));
#6238=CARTESIAN_POINT('Ctrl Pts',(-0.298223983138916,0.826154888822431,
1.06694813447301));
#6239=CARTESIAN_POINT('Ctrl Pts',(-0.298789873049996,0.827722545157958,
1.06694813447301));
#6240=CARTESIAN_POINT('',(-0.277735770620403,0.829751674730393,1.05854071726329));
#6241=CARTESIAN_POINT('Ctrl Pts',(-0.297092203316757,0.823019576151379,
1.06694813447301));
#6242=CARTESIAN_POINT('Ctrl Pts',(-0.295859260789267,0.823464641642734,
1.06555346424984));
#6243=CARTESIAN_POINT('Ctrl Pts',(-0.294487190966899,0.823956785447053,
1.06430614298524));
#6244=CARTESIAN_POINT('Ctrl Pts',(-0.291525273978968,0.825009373044719,
1.06215440700152));
#6245=CARTESIAN_POINT('Ctrl Pts',(-0.28994600483916,0.825566103231839,1.06125302322151));
#6246=CARTESIAN_POINT('Ctrl Pts',(-0.286634214388374,0.826721781897789,
1.05981759259304));
#6247=CARTESIAN_POINT('Ctrl Pts',(-0.284909399025012,0.827318023033481,
1.05928659886024));
#6248=CARTESIAN_POINT('Ctrl Pts',(-0.281363017356287,0.82853086950739,1.05861215991333));
#6249=CARTESIAN_POINT('Ctrl Pts',(-0.279549768302427,0.829144490605957,
1.05847442619554));
#6250=CARTESIAN_POINT('Ctrl Pts',(-0.277735770620403,0.829751674730393,
1.05854071726329));
#6251=CARTESIAN_POINT('',(-0.279322832166805,0.834493112871709,1.05854071726329));
#6252=CARTESIAN_POINT('Ctrl Pts',(-0.279322832166805,0.834493112871709,
1.05854071726329));
#6253=CARTESIAN_POINT('Ctrl Pts',(-0.28114719554987,0.833882459123705,1.05847442619554));
#6254=CARTESIAN_POINT('Ctrl Pts',(-0.282970806026894,0.833265331618861,
1.05861215991333));
#6255=CARTESIAN_POINT('Ctrl Pts',(-0.286537452733726,0.832045554593672,
1.05928659886024));
#6256=CARTESIAN_POINT('Ctrl Pts',(-0.288272124184879,0.831445906365776,
1.05981759259304));
#6257=CARTESIAN_POINT('Ctrl Pts',(-0.291602839152527,0.830283623821735,
1.06125302322151));
#6258=CARTESIAN_POINT('Ctrl Pts',(-0.293191132687419,0.82972371231926,1.06215440700152));
#6259=CARTESIAN_POINT('Ctrl Pts',(-0.296169974915282,0.828665109935321,
1.06430614298524));
#6260=CARTESIAN_POINT('Ctrl Pts',(-0.297549885136635,0.828170153880692,
1.06555346424984));
#6261=CARTESIAN_POINT('Ctrl Pts',(-0.298789873049996,0.827722545157958,
1.06694813447301));
#6262=CARTESIAN_POINT('',(-0.277735770620403,0.829751674730393,1.05854071726329));
#6263=CARTESIAN_POINT('Ctrl Pts',(-0.24414625964533,0.840248536982479,1.09375233141222));
#6264=CARTESIAN_POINT('Ctrl Pts',(-0.244611300139892,0.841849010386255,
1.09375233141222));
#6265=CARTESIAN_POINT('Ctrl Pts',(-0.245076340634455,0.843449483790031,
1.09375233141222));
#6266=CARTESIAN_POINT('Ctrl Pts',(-0.245541381129017,0.845049957193807,
1.09375233141222));
#6267=CARTESIAN_POINT('Ctrl Pts',(-0.24453952315012,0.840134268632671,1.07452014236167));
#6268=CARTESIAN_POINT('Ctrl Pts',(-0.245005304684309,0.841734506549939,
1.07452014236167));
#6269=CARTESIAN_POINT('Ctrl Pts',(-0.245471110319646,0.843334797964731,
1.07452014236167));
#6270=CARTESIAN_POINT('Ctrl Pts',(-0.245936891853835,0.844935035882,1.07452014236167));
#6271=CARTESIAN_POINT('Ctrl Pts',(-0.259498123679398,0.835856208269429,
1.05903840792263));
#6272=CARTESIAN_POINT('Ctrl Pts',(-0.259992408592571,0.837448335807774,
1.05903840792263));
#6273=CARTESIAN_POINT('Ctrl Pts',(-0.260486685187251,0.839040401921194,
1.05903840792263));
#6274=CARTESIAN_POINT('Ctrl Pts',(-0.260980970100423,0.840632529459539,
1.05903840792263));
#6275=CARTESIAN_POINT('Ctrl Pts',(-0.277735770620403,0.829751674730393,
1.05854071726329));
#6276=CARTESIAN_POINT('Ctrl Pts',(-0.278264791135871,0.831332154110832,
1.05854071726329));
#6277=CARTESIAN_POINT('Ctrl Pts',(-0.278793811651338,0.83291263349127,1.05854071726329));
#6278=CARTESIAN_POINT('Ctrl Pts',(-0.279322832166805,0.834493112871709,
1.05854071726329));
#6279=CARTESIAN_POINT('',(-0.24414625964533,0.840248536982479,1.09375233141222));
#6280=CARTESIAN_POINT('Ctrl Pts',(-0.277735770620403,0.829751674730393,
1.05854071726329));
#6281=CARTESIAN_POINT('Ctrl Pts',(-0.259498123679398,0.835856208269429,
1.05903840792263));
#6282=CARTESIAN_POINT('Ctrl Pts',(-0.24453952315012,0.840134268632671,1.07452014236167));
#6283=CARTESIAN_POINT('Ctrl Pts',(-0.24414625964533,0.840248536982479,1.09375233141222));
#6284=CARTESIAN_POINT('',(-0.245541381129017,0.845049957193807,1.09375233141222));
#6285=CARTESIAN_POINT('Ctrl Pts',(-0.245541381129017,0.845049957193807,
1.09375233141222));
#6286=CARTESIAN_POINT('Ctrl Pts',(-0.245936891853835,0.844935035882,1.07452014236167));
#6287=CARTESIAN_POINT('Ctrl Pts',(-0.260980970100423,0.840632529459539,
1.05903840792263));
#6288=CARTESIAN_POINT('Ctrl Pts',(-0.279322832166805,0.834493112871709,
1.05854071726329));
#6289=CARTESIAN_POINT('',(-0.24414625964533,0.840248536982479,1.09375233141222));
#6290=CARTESIAN_POINT('Ctrl Pts',(-0.251135889596529,0.838185996635926,
1.11479753643597));
#6291=CARTESIAN_POINT('Ctrl Pts',(-0.251614243671951,0.839782541391423,
1.11479753643597));
#6292=CARTESIAN_POINT('Ctrl Pts',(-0.252092597747373,0.84137908614692,1.11479753643597));
#6293=CARTESIAN_POINT('Ctrl Pts',(-0.252570951822795,0.842975630902417,
1.11479753643597));
#6294=CARTESIAN_POINT('Ctrl Pts',(-0.246046768923294,0.839710790479615,
1.10920240266332));
#6295=CARTESIAN_POINT('Ctrl Pts',(-0.246515357240484,0.841310255839797,
1.10920240266332));
#6296=CARTESIAN_POINT('Ctrl Pts',(-0.246984162142808,0.842909672493603,
1.10920240266332));
#6297=CARTESIAN_POINT('Ctrl Pts',(-0.247452750459998,0.844509137853784,
1.10920240266332));
#6298=CARTESIAN_POINT('Ctrl Pts',(-0.243427217936459,0.84045746486039,1.10133673460516));
#6299=CARTESIAN_POINT('Ctrl Pts',(-0.243890812945946,0.842058351981191,
1.10133673460516));
#6300=CARTESIAN_POINT('Ctrl Pts',(-0.244354635600895,0.843659191824505,
1.10133673460516));
#6301=CARTESIAN_POINT('Ctrl Pts',(-0.244818230610382,0.845260078945306,
1.10133673460516));
#6302=CARTESIAN_POINT('Ctrl Pts',(-0.244146259645329,0.840248536982479,
1.09375233141222));
#6303=CARTESIAN_POINT('Ctrl Pts',(-0.244611300139892,0.841849010386255,
1.09375233141222));
#6304=CARTESIAN_POINT('Ctrl Pts',(-0.245076340634455,0.843449483790031,
1.09375233141222));
#6305=CARTESIAN_POINT('Ctrl Pts',(-0.245541381129017,0.845049957193807,
1.09375233141222));
#6306=CARTESIAN_POINT('',(-0.251135889596529,0.838185996635926,1.11479753643597));
#6307=CARTESIAN_POINT('Ctrl Pts',(-0.244146259645329,0.840248536982479,
1.09375233141222));
#6308=CARTESIAN_POINT('Ctrl Pts',(-0.243427217936459,0.84045746486039,1.10133673460516));
#6309=CARTESIAN_POINT('Ctrl Pts',(-0.246046768923294,0.839710790479615,
1.10920240266332));
#6310=CARTESIAN_POINT('Ctrl Pts',(-0.251135889596529,0.838185996635926,
1.11479753643597));
#6311=CARTESIAN_POINT('',(-0.252570951822795,0.842975630902417,1.11479753643597));
#6312=CARTESIAN_POINT('Ctrl Pts',(-0.252570951822795,0.842975630902417,
1.11479753643597));
#6313=CARTESIAN_POINT('Ctrl Pts',(-0.247452750459998,0.844509137853784,
1.10920240266332));
#6314=CARTESIAN_POINT('Ctrl Pts',(-0.244818230610382,0.845260078945306,
1.10133673460516));
#6315=CARTESIAN_POINT('Ctrl Pts',(-0.245541381129017,0.845049957193807,
1.09375233141222));
#6316=CARTESIAN_POINT('',(-0.251135889596529,0.838185996635926,1.11479753643597));
#6317=CARTESIAN_POINT('Ctrl Pts',(-0.270883070935234,0.832014039473312,
1.12297388298247));
#6318=CARTESIAN_POINT('Ctrl Pts',(-0.271399038689397,0.833598828119927,
1.12297388298247));
#6319=CARTESIAN_POINT('Ctrl Pts',(-0.271915006443559,0.835183616766543,
1.12297388298247));
#6320=CARTESIAN_POINT('Ctrl Pts',(-0.272430974197721,0.836768405413159,
1.12297388298247));
#6321=CARTESIAN_POINT('Ctrl Pts',(-0.263630476028721,0.834375303931985,
1.12339438023612));
#6322=CARTESIAN_POINT('Ctrl Pts',(-0.264132609790269,0.835964604324888,
1.12339438023612));
#6323=CARTESIAN_POINT('Ctrl Pts',(-0.264634802130195,0.837553862418693,
1.12339438023612));
#6324=CARTESIAN_POINT('Ctrl Pts',(-0.265136935891743,0.839143162811596,
1.12339438023612));
#6325=CARTESIAN_POINT('Ctrl Pts',(-0.256268437106159,0.836648191315984,
1.12034967125312));
#6326=CARTESIAN_POINT('Ctrl Pts',(-0.256756538718281,0.838241822285258,
1.12034967125312));
#6327=CARTESIAN_POINT('Ctrl Pts',(-0.257244726563216,0.83983540715423,1.12034967125312));
#6328=CARTESIAN_POINT('Ctrl Pts',(-0.257732828175337,0.841429038123504,
1.12034967125312));
#6329=CARTESIAN_POINT('Ctrl Pts',(-0.251135889596529,0.838185996635926,
1.11479753643597));
#6330=CARTESIAN_POINT('Ctrl Pts',(-0.251614243671951,0.839782541391423,
1.11479753643597));
#6331=CARTESIAN_POINT('Ctrl Pts',(-0.252092597747373,0.84137908614692,1.11479753643597));
#6332=CARTESIAN_POINT('Ctrl Pts',(-0.252570951822795,0.842975630902417,
1.11479753643597));
#6333=CARTESIAN_POINT('',(-0.270883070935234,0.832014039473312,1.12297388298247));
#6334=CARTESIAN_POINT('Ctrl Pts',(-0.251135889596529,0.838185996635926,
1.11479753643597));
#6335=CARTESIAN_POINT('Ctrl Pts',(-0.256268437106159,0.836648191315984,
1.12034967125312));
#6336=CARTESIAN_POINT('Ctrl Pts',(-0.263630476028721,0.834375303931985,
1.12339438023612));
#6337=CARTESIAN_POINT('Ctrl Pts',(-0.270883070935234,0.832014039473312,
1.12297388298247));
#6338=CARTESIAN_POINT('',(-0.272430974197721,0.836768405413159,1.12297388298247));
#6339=CARTESIAN_POINT('Ctrl Pts',(-0.272430974197721,0.836768405413159,
1.12297388298247));
#6340=CARTESIAN_POINT('Ctrl Pts',(-0.265136935891743,0.839143162811596,
1.12339438023612));
#6341=CARTESIAN_POINT('Ctrl Pts',(-0.257732828175337,0.841429038123504,
1.12034967125312));
#6342=CARTESIAN_POINT('Ctrl Pts',(-0.252570951822795,0.842975630902417,
1.11479753643597));
#6343=CARTESIAN_POINT('',(-0.270883070935234,0.832014039473312,1.12297388298247));
#6344=CARTESIAN_POINT('Ctrl Pts',(-0.304136509453423,0.820442553514558,
1.08778004350003));
#6345=CARTESIAN_POINT('Ctrl Pts',(-0.304715817090477,0.822005301235538,
1.08778004350003));
#6346=CARTESIAN_POINT('Ctrl Pts',(-0.305295124727531,0.823568048956518,
1.08778004350003));
#6347=CARTESIAN_POINT('Ctrl Pts',(-0.305874432364585,0.825130796677499,
1.08778004350003));
#6348=CARTESIAN_POINT('Ctrl Pts',(-0.304043533456948,0.82047701954135,1.09225044711713));
#6349=CARTESIAN_POINT('Ctrl Pts',(-0.304622663786696,0.822039832320049,
1.09225044711713));
#6350=CARTESIAN_POINT('Ctrl Pts',(-0.305201794746953,0.823602646874317,
1.09225044711713));
#6351=CARTESIAN_POINT('Ctrl Pts',(-0.305780925076702,0.825165459653015,
1.09225044711713));
#6352=CARTESIAN_POINT('Ctrl Pts',(-0.303185844269857,0.820796059133089,
1.09663518648814));
#6353=CARTESIAN_POINT('Ctrl Pts',(-0.303763341083094,0.822359480125366,
1.09663518648814));
#6354=CARTESIAN_POINT('Ctrl Pts',(-0.304340837995305,0.823922901335858,
1.09663518648814));
#6355=CARTESIAN_POINT('Ctrl Pts',(-0.304918334808542,0.825486322328135,
1.09663518648814));
#6356=CARTESIAN_POINT('Ctrl Pts',(-0.299880749939698,0.822009661624958,
1.10513403422987));
#6357=CARTESIAN_POINT('Ctrl Pts',(-0.300451951358543,0.823575394263756,
1.10513403422987));
#6358=CARTESIAN_POINT('Ctrl Pts',(-0.301023152806224,0.825141127052588,
1.10513403422987));
#6359=CARTESIAN_POINT('Ctrl Pts',(-0.301594354225068,0.826706859691386,
1.10513403422987));
#6360=CARTESIAN_POINT('Ctrl Pts',(-0.297378137163047,0.822923038572058,
1.10910926224872));
#6361=CARTESIAN_POINT('Ctrl Pts',(-0.297944571634287,0.824490510817629,
1.10910926224872));
#6362=CARTESIAN_POINT('Ctrl Pts',(-0.298511006332739,0.826057983689755,
1.10910926224872));
#6363=CARTESIAN_POINT('Ctrl Pts',(-0.299077440803979,0.827625455935327,
1.10910926224872));
#6364=CARTESIAN_POINT('Ctrl Pts',(-0.291072716868281,0.825174546924981,
1.11580179865793));
#6365=CARTESIAN_POINT('Ctrl Pts',(-0.291627141157948,0.826746308146098,
1.11580179865793));
#6366=CARTESIAN_POINT('Ctrl Pts',(-0.292181565246433,0.828318068829149,
1.11580179865793));
#6367=CARTESIAN_POINT('Ctrl Pts',(-0.2927359895361,0.829889830050267,1.11580179865793));
#6368=CARTESIAN_POINT('Ctrl Pts',(-0.287319394441354,0.826493644080362,
1.11846457118974));
#6369=CARTESIAN_POINT('Ctrl Pts',(-0.287866669502044,0.828067917727077,
1.11846457118974));
#6370=CARTESIAN_POINT('Ctrl Pts',(-0.288413944491756,0.829642191256964,
1.11846457118974));
#6371=CARTESIAN_POINT('Ctrl Pts',(-0.288961219552447,0.831216464903679,
1.11846457118974));
#6372=CARTESIAN_POINT('Ctrl Pts',(-0.279277727998076,0.829244222869272,
1.12197281239204));
#6373=CARTESIAN_POINT('Ctrl Pts',(-0.27980968557935,0.830823735706962,1.12197281239204));
#6374=CARTESIAN_POINT('Ctrl Pts',(-0.280341643148221,0.832403248447979,
1.12197281239204));
#6375=CARTESIAN_POINT('Ctrl Pts',(-0.280873600729494,0.833982761285668,
1.12197281239204));
#6376=CARTESIAN_POINT('Ctrl Pts',(-0.275126821660694,0.830632379820641,
1.12287936264258));
#6377=CARTESIAN_POINT('Ctrl Pts',(-0.275650872919063,0.832214537186442,
1.12287936264258));
#6378=CARTESIAN_POINT('Ctrl Pts',(-0.276174923668957,0.833796693196672,
1.12287936264258));
#6379=CARTESIAN_POINT('Ctrl Pts',(-0.276698974927326,0.835378850562473,
1.12287936264258));
#6380=CARTESIAN_POINT('Ctrl Pts',(-0.270883070935234,0.832014039473312,
1.12297388298247));
#6381=CARTESIAN_POINT('Ctrl Pts',(-0.271399038689397,0.833598828119927,
1.12297388298247));
#6382=CARTESIAN_POINT('Ctrl Pts',(-0.271915006443559,0.835183616766543,
1.12297388298247));
#6383=CARTESIAN_POINT('Ctrl Pts',(-0.272430974197721,0.836768405413159,
1.12297388298247));
#6384=CARTESIAN_POINT('Ctrl Pts',(-0.270883070935234,0.832014039473312,
1.12297388298247));
#6385=CARTESIAN_POINT('Ctrl Pts',(-0.275126821660694,0.830632379820641,
1.12287936264258));
#6386=CARTESIAN_POINT('Ctrl Pts',(-0.279277727998076,0.829244222869272,
1.12197281239204));
#6387=CARTESIAN_POINT('Ctrl Pts',(-0.287319394441354,0.826493644080362,
1.11846457118974));
#6388=CARTESIAN_POINT('Ctrl Pts',(-0.291072716868281,0.825174546924981,
1.11580179865793));
#6389=CARTESIAN_POINT('Ctrl Pts',(-0.297378137163047,0.822923038572058,
1.10910926224872));
#6390=CARTESIAN_POINT('Ctrl Pts',(-0.299880749939698,0.822009661624958,
1.10513403422987));
#6391=CARTESIAN_POINT('Ctrl Pts',(-0.303185844269857,0.820796059133089,
1.09663518648814));
#6392=CARTESIAN_POINT('Ctrl Pts',(-0.304043533456948,0.82047701954135,1.09225044711713));
#6393=CARTESIAN_POINT('Ctrl Pts',(-0.304136509453423,0.820442553514558,
1.08778004350003));
#6394=CARTESIAN_POINT('Ctrl Pts',(-0.305874432364585,0.825130796677499,
1.08778004350003));
#6395=CARTESIAN_POINT('Ctrl Pts',(-0.305780925076702,0.825165459653015,
1.09225044711713));
#6396=CARTESIAN_POINT('Ctrl Pts',(-0.304918334808542,0.825486322328135,
1.09663518648814));
#6397=CARTESIAN_POINT('Ctrl Pts',(-0.301594354225068,0.826706859691386,
1.10513403422987));
#6398=CARTESIAN_POINT('Ctrl Pts',(-0.299077440803979,0.827625455935327,
1.10910926224872));
#6399=CARTESIAN_POINT('Ctrl Pts',(-0.2927359895361,0.829889830050267,1.11580179865793));
#6400=CARTESIAN_POINT('Ctrl Pts',(-0.288961219552447,0.831216464903679,
1.11846457118974));
#6401=CARTESIAN_POINT('Ctrl Pts',(-0.280873600729494,0.833982761285668,
1.12197281239204));
#6402=CARTESIAN_POINT('Ctrl Pts',(-0.276698974927326,0.835378850562473,
1.12287936264258));
#6403=CARTESIAN_POINT('Ctrl Pts',(-0.272430974197721,0.836768405413159,
1.12297388298247));
#6404=CARTESIAN_POINT('Origin',(0.,0.,0.));
#6405=CARTESIAN_POINT('',(-0.291615892918322,0.830277165166819,1.08868726247261));
#6406=CARTESIAN_POINT('',(-0.288392267337961,0.831402369577854,1.07889342128403));
#6407=CARTESIAN_POINT('Ctrl Pts',(-0.291885736245246,0.830182339595689,
1.08854506514212));
#6408=CARTESIAN_POINT('Ctrl Pts',(-0.292070940008467,0.830117223374583,
1.08502024730759));
#6409=CARTESIAN_POINT('Ctrl Pts',(-0.290753575172773,0.830583292142809,
1.08137552027248));
#6410=CARTESIAN_POINT('Ctrl Pts',(-0.288392267337961,0.831402369577854,
1.07889342128403));
#6411=CARTESIAN_POINT('',(-0.279204166649971,0.834532823395998,1.07521406533813));
#6412=CARTESIAN_POINT('Ctrl Pts',(-0.288392267337961,0.831402369577854,
1.07889342128403));
#6413=CARTESIAN_POINT('Ctrl Pts',(-0.286074964204965,0.832206182904695,
1.07638340064431));
#6414=CARTESIAN_POINT('Ctrl Pts',(-0.282627493216651,0.833387503506325,
1.07500206715991));
#6415=CARTESIAN_POINT('Ctrl Pts',(-0.279204166649971,0.834532823395998,
1.07521406533813));
#6416=CARTESIAN_POINT('',(-0.26006122287286,0.840695045993417,1.09270433708096));
#6417=CARTESIAN_POINT('Ctrl Pts',(-0.279204166649971,0.834532823395998,
1.07521406533813));
#6418=CARTESIAN_POINT('Ctrl Pts',(-0.276846620548307,0.835321572114083,
1.075179433248));
#6419=CARTESIAN_POINT('Ctrl Pts',(-0.274515807239103,0.836090002635531,
1.0756015375491));
#6420=CARTESIAN_POINT('Ctrl Pts',(-0.2701666177671,0.837505257464396,1.0773088174498));
#6421=CARTESIAN_POINT('Ctrl Pts',(-0.268187263047816,0.83814013903192,1.07854900930243));
#6422=CARTESIAN_POINT('Ctrl Pts',(-0.264736291729093,0.839236535396228,
1.08169844010988));
#6423=CARTESIAN_POINT('Ctrl Pts',(-0.26328906160118,0.839690537913677,1.08358873348266));
#6424=CARTESIAN_POINT('Ctrl Pts',(-0.2610747529732,0.840381657083143,1.087877882043));
#6425=CARTESIAN_POINT('Ctrl Pts',(-0.260353391686343,0.840604666278106,
1.09024554495914));
#6426=CARTESIAN_POINT('Ctrl Pts',(-0.26006122287286,0.840695045993417,1.09270433708096));
#6427=CARTESIAN_POINT('',(-0.263525795034149,0.839615480652674,1.10235598093904));
#6428=CARTESIAN_POINT('Ctrl Pts',(-0.26006122287286,0.840695045993417,1.09270433708096));
#6429=CARTESIAN_POINT('Ctrl Pts',(-0.259858584193304,0.840757730391354,
1.09626647031213));
#6430=CARTESIAN_POINT('Ctrl Pts',(-0.261172613258029,0.840354061720676,
1.09992252172275));
#6431=CARTESIAN_POINT('Ctrl Pts',(-0.263525795034149,0.839615480652674,
1.10235598093904));
#6432=CARTESIAN_POINT('',(-0.272838894607572,0.836635486690182,1.10603533688494));
#6433=CARTESIAN_POINT('Ctrl Pts',(-0.263525795034149,0.839615480652674,
1.10235598093904));
#6434=CARTESIAN_POINT('Ctrl Pts',(-0.26591899085602,0.838864340581815,1.10486917150077));
#6435=CARTESIAN_POINT('Ctrl Pts',(-0.269409097958526,0.837753992827373,
1.10624726023463));
#6436=CARTESIAN_POINT('Ctrl Pts',(-0.272838894607572,0.836635486690182,
1.10603533688494));
#6437=CARTESIAN_POINT('Ctrl Pts',(-0.272838894607572,0.836635486690182,
1.10603533688494));
#6438=CARTESIAN_POINT('Ctrl Pts',(-0.275173585164242,0.835874110438677,
1.10603533684855));
#6439=CARTESIAN_POINT('Ctrl Pts',(-0.27747210016326,0.835113460961635,1.10559141714353));
#6440=CARTESIAN_POINT('Ctrl Pts',(-0.281746554834664,0.833680874214096,
1.10386975033376));
#6441=CARTESIAN_POINT('Ctrl Pts',(-0.283688534677974,0.833021025181209,
1.10263346292668));
#6442=CARTESIAN_POINT('Ctrl Pts',(-0.287059815081924,0.831865260571211,
1.09951500054194));
#6443=CARTESIAN_POINT('Ctrl Pts',(-0.288468652532675,0.831376644913325,
1.09765409687251));
#6444=CARTESIAN_POINT('Ctrl Pts',(-0.290625142900617,0.830625270607802,
1.09343335774329));
#6445=CARTESIAN_POINT('Ctrl Pts',(-0.291327984425331,0.830378286449909,
1.09110592469866));
#6446=CARTESIAN_POINT('Ctrl Pts',(-0.291615892916898,0.83027716516732,1.08868726247336));
#6447=CARTESIAN_POINT('Ctrl Pts',(-0.290227294562034,0.825465394484349,
1.08854506514212));
#6448=CARTESIAN_POINT('Ctrl Pts',(-0.290780108456438,0.827037709521462,
1.08854506514212));
#6449=CARTESIAN_POINT('Ctrl Pts',(-0.291332922350842,0.828610024558575,
1.08854506514212));
#6450=CARTESIAN_POINT('Ctrl Pts',(-0.291885736245246,0.830182339595689,
1.08854506514212));
#6451=CARTESIAN_POINT('Ctrl Pts',(-0.290411446031146,0.825400648241773,
1.08502024730759));
#6452=CARTESIAN_POINT('Ctrl Pts',(-0.29096464584182,0.826972826405008,1.08502024730759));
#6453=CARTESIAN_POINT('Ctrl Pts',(-0.291517740197793,0.828545045211348,
1.08502024730759));
#6454=CARTESIAN_POINT('Ctrl Pts',(-0.292070940008467,0.830117223374583,
1.08502024730759));
#6455=CARTESIAN_POINT('Ctrl Pts',(-0.289101566222928,0.825864068891997,
1.08137552027248));
#6456=CARTESIAN_POINT('Ctrl Pts',(-0.289652269179537,0.827437130794814,
1.08137552027248));
#6457=CARTESIAN_POINT('Ctrl Pts',(-0.290202872216163,0.829010230239992,
1.08137552027248));
#6458=CARTESIAN_POINT('Ctrl Pts',(-0.290753575172773,0.830583292142809,
1.08137552027248));
#6459=CARTESIAN_POINT('Ctrl Pts',(-0.286753674909905,0.82667849247798,1.07889342128403));
#6460=CARTESIAN_POINT('Ctrl Pts',(-0.287299872385923,0.828253118177938,
1.07889342128403));
#6461=CARTESIAN_POINT('Ctrl Pts',(-0.287846069861942,0.829827743877896,
1.07889342128403));
#6462=CARTESIAN_POINT('Ctrl Pts',(-0.288392267337961,0.831402369577854,
1.07889342128403));
#6463=CARTESIAN_POINT('',(-0.286753674909905,0.82667849247798,1.07889342128403));
#6464=CARTESIAN_POINT('',(-0.289958370806696,0.825559896909076,1.08868758767996));
#6465=CARTESIAN_POINT('Ctrl Pts',(-0.286753674909905,0.82667849247798,1.07889342128403));
#6466=CARTESIAN_POINT('Ctrl Pts',(-0.289101566222928,0.825864068891997,
1.08137552027248));
#6467=CARTESIAN_POINT('Ctrl Pts',(-0.290411446031146,0.825400648241773,
1.08502024730759));
#6468=CARTESIAN_POINT('Ctrl Pts',(-0.290227294562034,0.825465394484349,
1.08854506514212));
#6469=CARTESIAN_POINT('',(-0.286753674909905,0.82667849247798,1.07889342128403));
#6470=CARTESIAN_POINT('',(-0.289958984434416,0.825559681274324,1.08868726247336));
#6471=CARTESIAN_POINT('Ctrl Pts',(-0.286753674909905,0.82667849247798,1.07889342128403));
#6472=CARTESIAN_POINT('Ctrl Pts',(-0.287299872385923,0.828253118177938,
1.07889342128403));
#6473=CARTESIAN_POINT('Ctrl Pts',(-0.287846069861942,0.829827743877896,
1.07889342128403));
#6474=CARTESIAN_POINT('Ctrl Pts',(-0.288392267337961,0.831402369577854,
1.07889342128403));
#6475=CARTESIAN_POINT('Ctrl Pts',(-0.284449538271982,0.827477738683646,
1.07638340064431));
#6476=CARTESIAN_POINT('Ctrl Pts',(-0.284991363852199,0.829053882457263,
1.07638340064431));
#6477=CARTESIAN_POINT('Ctrl Pts',(-0.285533138624749,0.830630039131077,
1.07638340064431));
#6478=CARTESIAN_POINT('Ctrl Pts',(-0.286074964204965,0.832206182904695,
1.07638340064431));
#6479=CARTESIAN_POINT('Ctrl Pts',(-0.281021655187011,0.828652347236402,
1.07500206715991));
#6480=CARTESIAN_POINT('Ctrl Pts',(-0.281556946907455,0.830230730328018,
1.07500206715991));
#6481=CARTESIAN_POINT('Ctrl Pts',(-0.282092201496207,0.831809120414709,
1.07500206715991));
#6482=CARTESIAN_POINT('Ctrl Pts',(-0.282627493216651,0.833387503506325,
1.07500206715991));
#6483=CARTESIAN_POINT('Ctrl Pts',(-0.27761777933946,0.829791159626702,1.07521406533813));
#6484=CARTESIAN_POINT('Ctrl Pts',(-0.27814657510963,0.831371714216467,1.07521406533813));
#6485=CARTESIAN_POINT('Ctrl Pts',(-0.278675370879801,0.832952268806233,
1.07521406533813));
#6486=CARTESIAN_POINT('Ctrl Pts',(-0.279204166649971,0.834532823395998,
1.07521406533813));
#6487=CARTESIAN_POINT('',(-0.27761777933946,0.829791159626702,1.07521406533813));
#6488=CARTESIAN_POINT('Ctrl Pts',(-0.27761777933946,0.829791159626702,1.07521406533813));
#6489=CARTESIAN_POINT('Ctrl Pts',(-0.281021655187011,0.828652347236402,
1.07500206715991));
#6490=CARTESIAN_POINT('Ctrl Pts',(-0.284449538271982,0.827477738683646,
1.07638340064431));
#6491=CARTESIAN_POINT('Ctrl Pts',(-0.286753674909905,0.82667849247798,1.07889342128403));
#6492=CARTESIAN_POINT('',(-0.27761777933946,0.829791159626702,1.07521406533813));
#6493=CARTESIAN_POINT('Ctrl Pts',(-0.27761777933946,0.829791159626702,1.07521406533813));
#6494=CARTESIAN_POINT('Ctrl Pts',(-0.27814657510963,0.831371714216467,1.07521406533813));
#6495=CARTESIAN_POINT('Ctrl Pts',(-0.278675370879801,0.832952268806233,
1.07521406533813));
#6496=CARTESIAN_POINT('Ctrl Pts',(-0.279204166649971,0.834532823395998,
1.07521406533813));
#6497=CARTESIAN_POINT('Ctrl Pts',(-0.275273628386101,0.83057542681798,1.075179433248));
#6498=CARTESIAN_POINT('Ctrl Pts',(-0.275797959152784,0.832157475396842,
1.075179433248));
#6499=CARTESIAN_POINT('Ctrl Pts',(-0.276322289781625,0.833739523535221,
1.075179433248));
#6500=CARTESIAN_POINT('Ctrl Pts',(-0.276846620548307,0.835321572114083,
1.075179433248));
#6501=CARTESIAN_POINT('Ctrl Pts',(-0.272956058334336,0.831339491256921,
1.0756015375491));
#6502=CARTESIAN_POINT('Ctrl Pts',(-0.273475974641055,0.832922995063092,
1.0756015375491));
#6503=CARTESIAN_POINT('Ctrl Pts',(-0.273995890932384,0.83450649882936,1.0756015375491));
#6504=CARTESIAN_POINT('Ctrl Pts',(-0.274515807239103,0.836090002635531,
1.0756015375491));
#6505=CARTESIAN_POINT('Ctrl Pts',(-0.268631580166151,0.832746704865167,
1.0773088174498));
#6506=CARTESIAN_POINT('Ctrl Pts',(-0.269143259369214,0.834332889076796,
1.0773088174498));
#6507=CARTESIAN_POINT('Ctrl Pts',(-0.269654938564037,0.835919073252767,
1.0773088174498));
#6508=CARTESIAN_POINT('Ctrl Pts',(-0.2701666177671,0.837505257464396,1.0773088174498));
#6509=CARTESIAN_POINT('Ctrl Pts',(-0.266663471780499,0.833377979151057,
1.07854900930243));
#6510=CARTESIAN_POINT('Ctrl Pts',(-0.267171402217611,0.834965365824776,
1.07854900930243));
#6511=CARTESIAN_POINT('Ctrl Pts',(-0.267679332610703,0.836552752358201,
1.07854900930243));
#6512=CARTESIAN_POINT('Ctrl Pts',(-0.268187263047816,0.83814013903192,1.07854900930243));
#6513=CARTESIAN_POINT('Ctrl Pts',(-0.263232108253359,0.834468145990568,
1.08169844010988));
#6514=CARTESIAN_POINT('Ctrl Pts',(-0.26373350273013,0.836057609078138,1.08169844010988));
#6515=CARTESIAN_POINT('Ctrl Pts',(-0.264234897252323,0.837647072308658,
1.08169844010988));
#6516=CARTESIAN_POINT('Ctrl Pts',(-0.264736291729093,0.839236535396228,
1.08169844010988));
#6517=CARTESIAN_POINT('Ctrl Pts',(-0.2617931010239,0.834919568948259,1.08358873348266));
#6518=CARTESIAN_POINT('Ctrl Pts',(-0.262291754550884,0.83650989194366,1.08358873348266));
#6519=CARTESIAN_POINT('Ctrl Pts',(-0.262790408074195,0.838100214918276,
1.08358873348266));
#6520=CARTESIAN_POINT('Ctrl Pts',(-0.26328906160118,0.839690537913677,1.08358873348266));
#6521=CARTESIAN_POINT('Ctrl Pts',(-0.259591373694943,0.835606761304261,
1.087877882043));
#6522=CARTESIAN_POINT('Ctrl Pts',(-0.260085833444092,0.837198393195455,
1.087877882043));
#6523=CARTESIAN_POINT('Ctrl Pts',(-0.260580293224051,0.838790025191949,
1.087877882043));
#6524=CARTESIAN_POINT('Ctrl Pts',(-0.2610747529732,0.840381657083143,1.087877882043));
#6525=CARTESIAN_POINT('Ctrl Pts',(-0.258874111051761,0.835828503401526,
1.09024554495914));
#6526=CARTESIAN_POINT('Ctrl Pts',(-0.259367204547852,0.837420557541541,
1.09024554495914));
#6527=CARTESIAN_POINT('Ctrl Pts',(-0.259860298190252,0.839012612138092,
1.09024554495914));
#6528=CARTESIAN_POINT('Ctrl Pts',(-0.260353391686343,0.840604666278106,
1.09024554495914));
#6529=CARTESIAN_POINT('Ctrl Pts',(-0.258583602288355,0.835918369595727,
1.09270433708096));
#6530=CARTESIAN_POINT('Ctrl Pts',(-0.25907614248319,0.837510595061624,1.09270433708096));
#6531=CARTESIAN_POINT('Ctrl Pts',(-0.259568682678025,0.83910282052752,1.09270433708096));
#6532=CARTESIAN_POINT('Ctrl Pts',(-0.26006122287286,0.840695045993417,1.09270433708096));
#6533=CARTESIAN_POINT('',(-0.258583602288355,0.835918369595727,1.09270433708096));
#6534=CARTESIAN_POINT('Ctrl Pts',(-0.258583602288355,0.835918369595727,
1.09270433708096));
#6535=CARTESIAN_POINT('Ctrl Pts',(-0.258874111051761,0.835828503401526,
1.09024554495914));
#6536=CARTESIAN_POINT('Ctrl Pts',(-0.259591373694943,0.835606761304261,
1.087877882043));
#6537=CARTESIAN_POINT('Ctrl Pts',(-0.2617931010239,0.834919568948259,1.08358873348266));
#6538=CARTESIAN_POINT('Ctrl Pts',(-0.263232108253359,0.834468145990568,
1.08169844010988));
#6539=CARTESIAN_POINT('Ctrl Pts',(-0.266663471780499,0.833377979151057,
1.07854900930243));
#6540=CARTESIAN_POINT('Ctrl Pts',(-0.268631580166151,0.832746704865167,
1.0773088174498));
#6541=CARTESIAN_POINT('Ctrl Pts',(-0.272956058334336,0.831339491256921,
1.0756015375491));
#6542=CARTESIAN_POINT('Ctrl Pts',(-0.275273628386101,0.83057542681798,1.075179433248));
#6543=CARTESIAN_POINT('Ctrl Pts',(-0.27761777933946,0.829791159626702,1.07521406533813));
#6544=CARTESIAN_POINT('',(-0.258583602288355,0.835918369595727,1.09270433708096));
#6545=CARTESIAN_POINT('Ctrl Pts',(-0.258583602288355,0.835918369595727,
1.09270433708096));
#6546=CARTESIAN_POINT('Ctrl Pts',(-0.25907614248319,0.837510595061624,1.09270433708096));
#6547=CARTESIAN_POINT('Ctrl Pts',(-0.259568682678025,0.83910282052752,1.09270433708096));
#6548=CARTESIAN_POINT('Ctrl Pts',(-0.26006122287286,0.840695045993417,1.09270433708096));
#6549=CARTESIAN_POINT('Ctrl Pts',(-0.258382114964933,0.835980697832312,
1.09626647031213));
#6550=CARTESIAN_POINT('Ctrl Pts',(-0.258874234337033,0.837573052314366,
1.09626647031213));
#6551=CARTESIAN_POINT('Ctrl Pts',(-0.259366464821204,0.839165375909299,
1.09626647031213));
#6552=CARTESIAN_POINT('Ctrl Pts',(-0.259858584193304,0.840757730391354,
1.09626647031213));
#6553=CARTESIAN_POINT('Ctrl Pts',(-0.259688677955427,0.835579322733627,
1.09992252172275));
#6554=CARTESIAN_POINT('Ctrl Pts',(-0.260183288182823,0.837170912402597,
1.09992252172275));
#6555=CARTESIAN_POINT('Ctrl Pts',(-0.260678003030633,0.838762472051706,
1.09992252172275));
#6556=CARTESIAN_POINT('Ctrl Pts',(-0.261172613258029,0.840354061720676,
1.09992252172275));
#6557=CARTESIAN_POINT('Ctrl Pts',(-0.262028489380546,0.834844938148965,
1.10235598093904));
#6558=CARTESIAN_POINT('Ctrl Pts',(-0.26252759126508,0.836435118983535,1.10235598093904));
#6559=CARTESIAN_POINT('Ctrl Pts',(-0.263026693149615,0.838025299818104,
1.10235598093904));
#6560=CARTESIAN_POINT('Ctrl Pts',(-0.263525795034149,0.839615480652674,
1.10235598093904));
#6561=CARTESIAN_POINT('',(-0.262028489380546,0.834844938148965,1.10235598093904));
#6562=CARTESIAN_POINT('Ctrl Pts',(-0.262028489380546,0.834844938148965,
1.10235598093904));
#6563=CARTESIAN_POINT('Ctrl Pts',(-0.259688677955427,0.835579322733627,
1.09992252172275));
#6564=CARTESIAN_POINT('Ctrl Pts',(-0.258382114964933,0.835980697832312,
1.09626647031213));
#6565=CARTESIAN_POINT('Ctrl Pts',(-0.258583602288355,0.835918369595727,
1.09270433708096));
#6566=CARTESIAN_POINT('',(-0.262028489380546,0.834844938148965,1.10235598093904));
#6567=CARTESIAN_POINT('Ctrl Pts',(-0.262028489380546,0.834844938148965,
1.10235598093904));
#6568=CARTESIAN_POINT('Ctrl Pts',(-0.26252759126508,0.836435118983535,1.10235598093904));
#6569=CARTESIAN_POINT('Ctrl Pts',(-0.263026693149615,0.838025299818104,
1.10235598093904));
#6570=CARTESIAN_POINT('Ctrl Pts',(-0.263525795034149,0.839615480652674,
1.10235598093904));
#6571=CARTESIAN_POINT('Ctrl Pts',(-0.264408087498884,0.834098065919419,
1.10486917150077));
#6572=CARTESIAN_POINT('Ctrl Pts',(-0.264911706869672,0.835686830452364,
1.10486917150077));
#6573=CARTESIAN_POINT('Ctrl Pts',(-0.265415371485232,0.83727557604887,1.10486917150077));
#6574=CARTESIAN_POINT('Ctrl Pts',(-0.26591899085602,0.838864340581815,1.10486917150077));
#6575=CARTESIAN_POINT('Ctrl Pts',(-0.267878364447398,0.832994026959036,
1.10624726023463));
#6576=CARTESIAN_POINT('Ctrl Pts',(-0.268388598534727,0.834580687454395,
1.10624726023463));
#6577=CARTESIAN_POINT('Ctrl Pts',(-0.268898863871197,0.836167332332014,
1.10624726023463));
#6578=CARTESIAN_POINT('Ctrl Pts',(-0.269409097958526,0.837753992827373,
1.10624726023463));
#6579=CARTESIAN_POINT('Ctrl Pts',(-0.271288673615484,0.831881875970352,
1.10603533688494));
#6580=CARTESIAN_POINT('Ctrl Pts',(-0.27180541394618,0.833466412876962,1.10603533688494));
#6581=CARTESIAN_POINT('Ctrl Pts',(-0.272322154276876,0.835050949783572,
1.10603533688494));
#6582=CARTESIAN_POINT('Ctrl Pts',(-0.272838894607572,0.836635486690182,
1.10603533688494));
#6583=CARTESIAN_POINT('',(-0.271288673615484,0.831881875970352,1.10603533688494));
#6584=CARTESIAN_POINT('Ctrl Pts',(-0.271288673615484,0.831881875970352,
1.10603533688494));
#6585=CARTESIAN_POINT('Ctrl Pts',(-0.267878364447398,0.832994026959036,
1.10624726023463));
#6586=CARTESIAN_POINT('Ctrl Pts',(-0.264408087498884,0.834098065919419,
1.10486917150077));
#6587=CARTESIAN_POINT('Ctrl Pts',(-0.262028489380546,0.834844938148965,
1.10235598093904));
#6588=CARTESIAN_POINT('',(-0.271288673615484,0.831881875970352,1.10603533688494));
#6589=CARTESIAN_POINT('Ctrl Pts',(-0.271288673615484,0.831881875970352,
1.10603533688494));
#6590=CARTESIAN_POINT('Ctrl Pts',(-0.27180541394618,0.833466412876962,1.10603533688494));
#6591=CARTESIAN_POINT('Ctrl Pts',(-0.272322154276876,0.835050949783572,
1.10603533688494));
#6592=CARTESIAN_POINT('Ctrl Pts',(-0.272838894607572,0.836635486690182,
1.10603533688494));
#6593=CARTESIAN_POINT('Ctrl Pts',(-0.2736100988849,0.831124825720275,1.10603533684855));
#6594=CARTESIAN_POINT('Ctrl Pts',(-0.274131261027382,0.83270792076827,1.10603533684855));
#6595=CARTESIAN_POINT('Ctrl Pts',(-0.27465242302176,0.834291015390683,1.10603533684855));
#6596=CARTESIAN_POINT('Ctrl Pts',(-0.275173585164242,0.835874110438677,
1.10603533684855));
#6597=CARTESIAN_POINT('Ctrl Pts',(-0.275895554139605,0.830368498115262,
1.10559141714353));
#6598=CARTESIAN_POINT('Ctrl Pts',(-0.276421069484393,0.83195015241028,1.10559141714353));
#6599=CARTESIAN_POINT('Ctrl Pts',(-0.276946584818472,0.833531806666617,
1.10559141714353));
#6600=CARTESIAN_POINT('Ctrl Pts',(-0.27747210016326,0.835113460961635,1.10559141714353));
#6601=CARTESIAN_POINT('Ctrl Pts',(-0.28014572213674,0.828944051065152,1.10386975033376));
#6602=CARTESIAN_POINT('Ctrl Pts',(-0.280679333041034,0.830522992126451,
1.10386975033376));
#6603=CARTESIAN_POINT('Ctrl Pts',(-0.281212943930371,0.832101933152797,
1.10386975033376));
#6604=CARTESIAN_POINT('Ctrl Pts',(-0.281746554834664,0.833680874214096,
1.10386975033376));
#6605=CARTESIAN_POINT('Ctrl Pts',(-0.282076668003667,0.828287951174497,
1.10263346292668));
#6606=CARTESIAN_POINT('Ctrl Pts',(-0.282613956910753,0.829865642555125,
1.10263346292668));
#6607=CARTESIAN_POINT('Ctrl Pts',(-0.283151245770889,0.831443333800581,
1.10263346292668));
#6608=CARTESIAN_POINT('Ctrl Pts',(-0.283688534677974,0.833021025181209,
1.10263346292668));
#6609=CARTESIAN_POINT('Ctrl Pts',(-0.285428793405322,0.827138753408875,
1.09951500054194));
#6610=CARTESIAN_POINT('Ctrl Pts',(-0.285972467281961,0.828714255750954,
1.09951500054194));
#6611=CARTESIAN_POINT('Ctrl Pts',(-0.286516141205285,0.830289758229132,
1.09951500054194));
#6612=CARTESIAN_POINT('Ctrl Pts',(-0.287059815081924,0.831865260571211,
1.09951500054194));
#6613=CARTESIAN_POINT('Ctrl Pts',(-0.28682962609783,0.826652913976317,1.09765409687251));
#6614=CARTESIAN_POINT('Ctrl Pts',(-0.287375968246062,0.828227490962145,
1.09765409687251));
#6615=CARTESIAN_POINT('Ctrl Pts',(-0.287922310384444,0.829802067927497,
1.09765409687251));
#6616=CARTESIAN_POINT('Ctrl Pts',(-0.288468652532675,0.831376644913325,
1.09765409687251));
#6617=CARTESIAN_POINT('Ctrl Pts',(-0.288973863679591,0.825905808842985,
1.09343335774329));
#6618=CARTESIAN_POINT('Ctrl Pts',(-0.289524290074286,0.827478962731135,
1.09343335774329));
#6619=CARTESIAN_POINT('Ctrl Pts',(-0.290074716505921,0.829052116719652,
1.09343335774329));
#6620=CARTESIAN_POINT('Ctrl Pts',(-0.290625142900617,0.830625270607802,
1.09343335774329));
#6621=CARTESIAN_POINT('Ctrl Pts',(-0.289672711786551,0.825660228004171,
1.09110592469866));
#6622=CARTESIAN_POINT('Ctrl Pts',(-0.290224469283618,0.827232914008049,
1.09110592469866));
#6623=CARTESIAN_POINT('Ctrl Pts',(-0.290776226928264,0.828805600446032,
1.09110592469866));
#6624=CARTESIAN_POINT('Ctrl Pts',(-0.291327984425331,0.830378286449909,
1.09110592469866));
#6625=CARTESIAN_POINT('Ctrl Pts',(-0.289958984434416,0.825559681274324,
1.08868726247336));
#6626=CARTESIAN_POINT('Ctrl Pts',(-0.29051128726191,0.827132175905322,1.08868726247336));
#6627=CARTESIAN_POINT('Ctrl Pts',(-0.291063590089404,0.828704670536321,
1.08868726247336));
#6628=CARTESIAN_POINT('Ctrl Pts',(-0.291615892916898,0.83027716516732,1.08868726247336));
#6629=CARTESIAN_POINT('Ctrl Pts',(-0.289958984434416,0.825559681274324,
1.08868726247336));
#6630=CARTESIAN_POINT('Ctrl Pts',(-0.289672711786551,0.825660228004171,
1.09110592469866));
#6631=CARTESIAN_POINT('Ctrl Pts',(-0.288973863679591,0.825905808842985,
1.09343335774329));
#6632=CARTESIAN_POINT('Ctrl Pts',(-0.28682962609783,0.826652913976317,1.09765409687251));
#6633=CARTESIAN_POINT('Ctrl Pts',(-0.285428793405322,0.827138753408875,
1.09951500054194));
#6634=CARTESIAN_POINT('Ctrl Pts',(-0.282076668003667,0.828287951174497,
1.10263346292668));
#6635=CARTESIAN_POINT('Ctrl Pts',(-0.28014572213674,0.828944051065152,1.10386975033376));
#6636=CARTESIAN_POINT('Ctrl Pts',(-0.275895554139605,0.830368498115262,
1.10559141714353));
#6637=CARTESIAN_POINT('Ctrl Pts',(-0.2736100988849,0.831124825720275,1.10603533684855));
#6638=CARTESIAN_POINT('Ctrl Pts',(-0.271288673615484,0.831881875970352,
1.10603533688494));
#6639=CARTESIAN_POINT('Origin',(0.,0.,-3.93136521581856E-234));
#6640=CARTESIAN_POINT('Origin',(0.,0.,-3.93136521581856E-234));
#6641=CARTESIAN_POINT('',(-0.319828583365588,0.814453606574593,1.63767560906797));
#6642=CARTESIAN_POINT('',(-0.315356717304626,0.816195528565828,1.62352697460897));
#6643=CARTESIAN_POINT('Ctrl Pts',(-0.319828583365588,0.814453606574593,
1.63767560906797));
#6644=CARTESIAN_POINT('Ctrl Pts',(-0.319828725605699,0.814453550718184,
1.63257763948972));
#6645=CARTESIAN_POINT('Ctrl Pts',(-0.318254106988583,0.815076052573242,
1.62758590960109));
#6646=CARTESIAN_POINT('Ctrl Pts',(-0.315356717304626,0.816195528565828,
1.62352697460897));
#6647=CARTESIAN_POINT('',(-0.303602453884322,0.820640329252358,1.63275202647347));
#6648=CARTESIAN_POINT('Ctrl Pts',(-0.315356717304626,0.816195528565828,
1.62352697460897));
#6649=CARTESIAN_POINT('Ctrl Pts',(-0.311449336164861,0.817705238980021,
1.62660199189713));
#6650=CARTESIAN_POINT('Ctrl Pts',(-0.307531113663536,0.819186890142763,
1.6296770091853));
#6651=CARTESIAN_POINT('Ctrl Pts',(-0.303602453884322,0.820640329252358,
1.63275202647347));
#6652=CARTESIAN_POINT('',(-0.305885121285636,0.819792225247393,1.63941752637547));
#6653=CARTESIAN_POINT('Ctrl Pts',(-0.303602453884322,0.820640329252358,
1.63275202647347));
#6654=CARTESIAN_POINT('Ctrl Pts',(-0.304967755230139,0.820135225098801,
1.63470390071534));
#6655=CARTESIAN_POINT('Ctrl Pts',(-0.305752793972131,0.819841599900011,
1.63699810943631));
#6656=CARTESIAN_POINT('Ctrl Pts',(-0.305885121285636,0.819792225247393,
1.63941752637547));
#6657=CARTESIAN_POINT('',(-0.302368501039883,0.821095785873301,1.64608302627747));
#6658=CARTESIAN_POINT('Ctrl Pts',(-0.305885121285636,0.819792225247393,
1.63941752637547));
#6659=CARTESIAN_POINT('Ctrl Pts',(-0.305950741462032,0.819767740707289,
1.64210924444149));
#6660=CARTESIAN_POINT('Ctrl Pts',(-0.304553308476044,0.820291230593761,
1.64476135777804));
#6661=CARTESIAN_POINT('Ctrl Pts',(-0.302368501039883,0.821095785873301,
1.64608302627747));
#6662=CARTESIAN_POINT('',(-0.244145576896259,0.840248735364709,1.63858211705447));
#6663=CARTESIAN_POINT('Ctrl Pts',(-0.302368501039881,0.821095785873302,
1.64608302627747));
#6664=CARTESIAN_POINT('Ctrl Pts',(-0.283192450375189,0.828157366014261,
1.64358272320313));
#6665=CARTESIAN_POINT('Ctrl Pts',(-0.263768929734637,0.834546906135196,
1.6410824201288));
#6666=CARTESIAN_POINT('Ctrl Pts',(-0.244145576896259,0.840248735364709,
1.63858211705447));
#6667=CARTESIAN_POINT('',(-0.244145576896259,0.840248735364709,1.65621458612847));
#6668=CARTESIAN_POINT('',(-0.244145576896243,0.840248735364714,0.));
#6669=CARTESIAN_POINT('',(-0.283526560357287,0.827790848929828,1.65900520875397));
#6670=CARTESIAN_POINT('Ctrl Pts',(-0.244145576896259,0.840248735364709,
1.65621458612847));
#6671=CARTESIAN_POINT('Ctrl Pts',(-0.257368155033804,0.836406737356768,
1.6571447936703));
#6672=CARTESIAN_POINT('Ctrl Pts',(-0.270500025807648,0.832252565967422,
1.65807500121213));
#6673=CARTESIAN_POINT('Ctrl Pts',(-0.283526560357287,0.827790848929828,
1.65900520875397));
#6674=CARTESIAN_POINT('',(-0.244145576896259,0.840248735364709,1.68177455641947));
#6675=CARTESIAN_POINT('Ctrl Pts',(-0.283526560357287,0.827790848929828,
1.65900520875397));
#6676=CARTESIAN_POINT('Ctrl Pts',(-0.270500025807647,0.832252565967423,
1.66659499130913));
#6677=CARTESIAN_POINT('Ctrl Pts',(-0.257368155033804,0.836406737356768,
1.6741847738643));
#6678=CARTESIAN_POINT('Ctrl Pts',(-0.244145576896259,0.840248735364709,
1.68177455641947));
#6679=CARTESIAN_POINT('',(-0.244145576896259,0.840248735364709,1.70045573081147));
#6680=CARTESIAN_POINT('',(-0.244145576896271,0.840248735364706,0.));
#6681=CARTESIAN_POINT('',(-0.303869164391372,0.820541608288141,1.66261346603447));
#6682=CARTESIAN_POINT('Ctrl Pts',(-0.244145576896259,0.840248735364709,
1.70045573081147));
#6683=CARTESIAN_POINT('Ctrl Pts',(-0.26428099171071,0.834398119637468,1.68784164255247));
#6684=CARTESIAN_POINT('Ctrl Pts',(-0.284206003996102,0.827823418324648,
1.67522755429347));
#6685=CARTESIAN_POINT('Ctrl Pts',(-0.303869164391372,0.820541608288141,
1.66261346603447));
#6686=CARTESIAN_POINT('Ctrl Pts',(-0.303869164391372,0.820541608288141,
1.66261346603447));
#6687=CARTESIAN_POINT('Ctrl Pts',(-0.309092600476069,0.818607225994451,
1.66023721425692));
#6688=CARTESIAN_POINT('Ctrl Pts',(-0.316879681940083,0.815617947043187,
1.65280137932407));
#6689=CARTESIAN_POINT('Ctrl Pts',(-0.319671244387429,0.814515392171816,
1.64223921060149));
#6690=CARTESIAN_POINT('Ctrl Pts',(-0.319828583365589,0.814453606574592,
1.63767560906797));
#6691=CARTESIAN_POINT('Origin',(0.,0.,0.));
#6692=CARTESIAN_POINT('',(-0.317158755689224,0.820859503014775,1.62352697460897));
#6693=CARTESIAN_POINT('',(-0.321656175270535,0.81910762718359,1.63767560906797));
#6694=CARTESIAN_POINT('Ctrl Pts',(-0.317158755689224,0.820859503014775,
1.62352697460897));
#6695=CARTESIAN_POINT('Ctrl Pts',(-0.32007270188566,0.819733630016518,1.62758590960109));
#6696=CARTESIAN_POINT('Ctrl Pts',(-0.321656318323446,0.819107571008003,
1.63257763948972));
#6697=CARTESIAN_POINT('Ctrl Pts',(-0.321656175270535,0.81910762718359,1.63767560906797));
#6698=CARTESIAN_POINT('',(-0.305605559616465,0.825230417478359,1.66261346603447));
#6699=CARTESIAN_POINT('Ctrl Pts',(-0.321656175270535,0.81910762718359,1.63767560906797));
#6700=CARTESIAN_POINT('Ctrl Pts',(-0.3214979372125,0.819169765841369,1.64223921060149));
#6701=CARTESIAN_POINT('Ctrl Pts',(-0.318690422979741,0.820278621026291,
1.65280137932407));
#6702=CARTESIAN_POINT('Ctrl Pts',(-0.310858843907361,0.823284981571562,
1.66023721425692));
#6703=CARTESIAN_POINT('Ctrl Pts',(-0.305605559616465,0.825230417478359,
1.66261346603447));
#6704=CARTESIAN_POINT('',(-0.245540694478523,0.84505015670965,1.70045573081147));
#6705=CARTESIAN_POINT('Ctrl Pts',(-0.305605559616465,0.825230417478359,
1.66261346603447));
#6706=CARTESIAN_POINT('Ctrl Pts',(-0.285830038304651,0.832553837857932,
1.67522755429347));
#6707=CARTESIAN_POINT('Ctrl Pts',(-0.2657911688062,0.839166108892539,1.68784164255247));
#6708=CARTESIAN_POINT('Ctrl Pts',(-0.245540694478523,0.84505015670965,1.70045573081147));
#6709=CARTESIAN_POINT('',(-0.245540694478523,0.84505015670965,1.68177455641947));
#6710=CARTESIAN_POINT('',(-0.245540694478523,0.84505015670965,1.70045573081147));
#6711=CARTESIAN_POINT('',(-0.285146712130758,0.832521082352285,1.65900520875397));
#6712=CARTESIAN_POINT('Ctrl Pts',(-0.245540694478523,0.84505015670965,1.68177455641947));
#6713=CARTESIAN_POINT('Ctrl Pts',(-0.258838830205426,0.841186204427378,
1.6741847738643));
#6714=CARTESIAN_POINT('Ctrl Pts',(-0.272045740240834,0.837008294915808,
1.66659499130913));
#6715=CARTESIAN_POINT('Ctrl Pts',(-0.285146712130757,0.832521082352285,
1.65900520875397));
#6716=CARTESIAN_POINT('',(-0.245540694478523,0.84505015670965,1.65621458612847));
#6717=CARTESIAN_POINT('Ctrl Pts',(-0.285146712130758,0.832521082352285,
1.65900520875397));
#6718=CARTESIAN_POINT('Ctrl Pts',(-0.272045740240834,0.837008294915808,
1.65807500121213));
#6719=CARTESIAN_POINT('Ctrl Pts',(-0.258838830205426,0.841186204427378,
1.6571447936703));
#6720=CARTESIAN_POINT('Ctrl Pts',(-0.245540694478523,0.84505015670965,1.65621458612847));
#6721=CARTESIAN_POINT('',(-0.245540694478523,0.84505015670965,1.63858211705447));
#6722=CARTESIAN_POINT('',(-0.245540694478523,0.84505015670965,1.65621458612847));
#6723=CARTESIAN_POINT('',(-0.304096321045825,0.825787761792577,1.64608302627747));
#6724=CARTESIAN_POINT('Ctrl Pts',(-0.245540694478523,0.84505015670965,1.63858211705447));
#6725=CARTESIAN_POINT('Ctrl Pts',(-0.265276180761692,0.839315745598825,
1.6410824201288));
#6726=CARTESIAN_POINT('Ctrl Pts',(-0.284810692948762,0.832889693820056,
1.64358272320313));
#6727=CARTESIAN_POINT('Ctrl Pts',(-0.304096321045823,0.825787761792578,
1.64608302627747));
#6728=CARTESIAN_POINT('',(-0.307633036264411,0.824476752248807,1.63941752637547));
#6729=CARTESIAN_POINT('Ctrl Pts',(-0.304096321045825,0.825787761792577,
1.64608302627747));
#6730=CARTESIAN_POINT('Ctrl Pts',(-0.306293613095907,0.824978609054297,
1.64476135777804));
#6731=CARTESIAN_POINT('Ctrl Pts',(-0.307699031413243,0.824452127797045,
1.64210924444149));
#6732=CARTESIAN_POINT('Ctrl Pts',(-0.307633036264411,0.824476752248807,
1.63941752637547));
#6733=CARTESIAN_POINT('',(-0.305337325049376,0.825329702562371,1.63275202647347));
#6734=CARTESIAN_POINT('Ctrl Pts',(-0.307633036264411,0.824476752248807,
1.63941752637547));
#6735=CARTESIAN_POINT('Ctrl Pts',(-0.307499952794829,0.824526409042297,
1.63699810943631));
#6736=CARTESIAN_POINT('Ctrl Pts',(-0.306710428117169,0.824821712099366,
1.63470390071534));
#6737=CARTESIAN_POINT('Ctrl Pts',(-0.305337325049375,0.825329702562372,
1.63275202647347));
#6738=CARTESIAN_POINT('Ctrl Pts',(-0.305337325049376,0.825329702562371,
1.63275202647347));
#6739=CARTESIAN_POINT('Ctrl Pts',(-0.309288434313042,0.823867958086436,
1.6296770091853));
#6740=CARTESIAN_POINT('Ctrl Pts',(-0.313229046657232,0.822377840345621,
1.62660199189713));
#6741=CARTESIAN_POINT('Ctrl Pts',(-0.317158755689224,0.820859503014775,
1.62352697460897));
#6742=CARTESIAN_POINT('Ctrl Pts',(-0.315356717304626,0.816195528565828,
1.62352697460897));
#6743=CARTESIAN_POINT('Ctrl Pts',(-0.315957396766158,0.817750186715477,
1.62352697460897));
#6744=CARTESIAN_POINT('Ctrl Pts',(-0.316558076227691,0.819304844865126,
1.62352697460897));
#6745=CARTESIAN_POINT('Ctrl Pts',(-0.317158755689224,0.820859503014775,
1.62352697460897));
#6746=CARTESIAN_POINT('Ctrl Pts',(-0.318254106988583,0.815076052573242,
1.62758590960109));
#6747=CARTESIAN_POINT('Ctrl Pts',(-0.318860321874417,0.816628570443626,
1.62758590960109));
#6748=CARTESIAN_POINT('Ctrl Pts',(-0.319466486999826,0.818181112146134,
1.62758590960109));
#6749=CARTESIAN_POINT('Ctrl Pts',(-0.32007270188566,0.819733630016518,1.62758590960109));
#6750=CARTESIAN_POINT('Ctrl Pts',(-0.319828725605699,0.814453550718184,
1.63257763948972));
#6751=CARTESIAN_POINT('Ctrl Pts',(-0.320437940161895,0.816004882456168,
1.63257763948972));
#6752=CARTESIAN_POINT('Ctrl Pts',(-0.32104710376725,0.81755623927002,1.63257763948972));
#6753=CARTESIAN_POINT('Ctrl Pts',(-0.321656318323446,0.819107571008003,
1.63257763948972));
#6754=CARTESIAN_POINT('Ctrl Pts',(-0.319828583365588,0.814453606574593,
1.63767560906797));
#6755=CARTESIAN_POINT('Ctrl Pts',(-0.320437780667237,0.816004946777592,
1.63767560906797));
#6756=CARTESIAN_POINT('Ctrl Pts',(-0.321046977968886,0.817556286980591,
1.63767560906797));
#6757=CARTESIAN_POINT('Ctrl Pts',(-0.321656175270535,0.81910762718359,1.63767560906797));
#6758=CARTESIAN_POINT('',(-0.319828583365588,0.814453606574593,1.63767560906797));
#6759=CARTESIAN_POINT('',(-0.315356717304626,0.816195528565828,1.62352697460897));
#6760=CARTESIAN_POINT('Ctrl Pts',(-0.319828583365589,0.814453606574592,
1.63767560906797));
#6761=CARTESIAN_POINT('Ctrl Pts',(-0.320437780667237,0.816004946777592,
1.63767560906797));
#6762=CARTESIAN_POINT('Ctrl Pts',(-0.321046977968886,0.817556286980591,
1.63767560906797));
#6763=CARTESIAN_POINT('Ctrl Pts',(-0.321656175270535,0.81910762718359,1.63767560906797));
#6764=CARTESIAN_POINT('Ctrl Pts',(-0.319671244387429,0.814515392171816,
1.64223921060149));
#6765=CARTESIAN_POINT('Ctrl Pts',(-0.320280149654002,0.816066844942166,
1.64223921060149));
#6766=CARTESIAN_POINT('Ctrl Pts',(-0.320889031945926,0.817618313071019,
1.64223921060149));
#6767=CARTESIAN_POINT('Ctrl Pts',(-0.3214979372125,0.819169765841369,1.64223921060149));
#6768=CARTESIAN_POINT('Ctrl Pts',(-0.316879681940083,0.815617947043187,
1.65280137932407));
#6769=CARTESIAN_POINT('Ctrl Pts',(-0.317483240974176,0.81717151332826,1.65280137932407));
#6770=CARTESIAN_POINT('Ctrl Pts',(-0.318086863945648,0.818725054741219,
1.65280137932407));
#6771=CARTESIAN_POINT('Ctrl Pts',(-0.318690422979741,0.820278621026291,
1.65280137932407));
#6772=CARTESIAN_POINT('Ctrl Pts',(-0.309092600476069,0.818607225994451,
1.66023721425692));
#6773=CARTESIAN_POINT('Ctrl Pts',(-0.309681378103696,0.820166468618158,
1.66023721425692));
#6774=CARTESIAN_POINT('Ctrl Pts',(-0.310270066279734,0.821725738947855,
1.66023721425692));
#6775=CARTESIAN_POINT('Ctrl Pts',(-0.310858843907361,0.823284981571562,
1.66023721425692));
#6776=CARTESIAN_POINT('Ctrl Pts',(-0.303869164391372,0.820541608288141,
1.66261346603447));
#6777=CARTESIAN_POINT('Ctrl Pts',(-0.304447962799736,0.822104544684881,
1.66261346603447));
#6778=CARTESIAN_POINT('Ctrl Pts',(-0.305026761208101,0.82366748108162,1.66261346603447));
#6779=CARTESIAN_POINT('Ctrl Pts',(-0.305605559616465,0.825230417478359,
1.66261346603447));
#6780=CARTESIAN_POINT('',(-0.303869164391372,0.820541608288141,1.66261346603447));
#6781=CARTESIAN_POINT('Ctrl Pts',(-0.303869164391372,0.820541608288141,
1.66261346603447));
#6782=CARTESIAN_POINT('Ctrl Pts',(-0.304447962799736,0.822104544684881,
1.66261346603447));
#6783=CARTESIAN_POINT('Ctrl Pts',(-0.305026761208101,0.82366748108162,1.66261346603447));
#6784=CARTESIAN_POINT('Ctrl Pts',(-0.305605559616465,0.825230417478359,
1.66261346603447));
#6785=CARTESIAN_POINT('Ctrl Pts',(-0.284206003996102,0.827823418324648,
1.67522755429347));
#6786=CARTESIAN_POINT('Ctrl Pts',(-0.284747348807904,0.829400224961491,
1.67522755429347));
#6787=CARTESIAN_POINT('Ctrl Pts',(-0.285288693492849,0.83097703122109,1.67522755429347));
#6788=CARTESIAN_POINT('Ctrl Pts',(-0.285830038304651,0.832553837857932,
1.67522755429347));
#6789=CARTESIAN_POINT('Ctrl Pts',(-0.26428099171071,0.834398119637468,1.68784164255247));
#6790=CARTESIAN_POINT('Ctrl Pts',(-0.26478438411673,0.835987449515377,1.68784164255247));
#6791=CARTESIAN_POINT('Ctrl Pts',(-0.26528777640018,0.837576779014629,1.68784164255247));
#6792=CARTESIAN_POINT('Ctrl Pts',(-0.2657911688062,0.839166108892539,1.68784164255247));
#6793=CARTESIAN_POINT('Ctrl Pts',(-0.244145576896259,0.840248735364709,
1.70045573081147));
#6794=CARTESIAN_POINT('Ctrl Pts',(-0.244610616090347,0.841849209146356,
1.70045573081147));
#6795=CARTESIAN_POINT('Ctrl Pts',(-0.245075655284435,0.843449682928003,
1.70045573081147));
#6796=CARTESIAN_POINT('Ctrl Pts',(-0.245540694478523,0.84505015670965,1.70045573081147));
#6797=CARTESIAN_POINT('',(-0.244145576896259,0.840248735364709,1.70045573081147));
#6798=CARTESIAN_POINT('Origin',(-0.244145576896259,0.840248735364709,1.69111514361547));
#6799=CARTESIAN_POINT('',(-0.244145576896259,0.840248735364709,1.68177455641947));
#6800=CARTESIAN_POINT('Ctrl Pts',(-0.244145576896259,0.840248735364709,
1.68177455641947));
#6801=CARTESIAN_POINT('Ctrl Pts',(-0.244610616090347,0.841849209146356,
1.68177455641947));
#6802=CARTESIAN_POINT('Ctrl Pts',(-0.245075655284435,0.843449682928003,
1.68177455641947));
#6803=CARTESIAN_POINT('Ctrl Pts',(-0.245540694478523,0.84505015670965,1.68177455641947));
#6804=CARTESIAN_POINT('Ctrl Pts',(-0.257368155033804,0.836406737356768,
1.6741847738643));
#6805=CARTESIAN_POINT('Ctrl Pts',(-0.257858380098365,0.837999893070521,
1.6741847738643));
#6806=CARTESIAN_POINT('Ctrl Pts',(-0.258348605140865,0.839593048713624,
1.6741847738643));
#6807=CARTESIAN_POINT('Ctrl Pts',(-0.258838830205426,0.841186204427378,
1.6741847738643));
#6808=CARTESIAN_POINT('Ctrl Pts',(-0.270500025807647,0.832252565967423,
1.66659499130913));
#6809=CARTESIAN_POINT('Ctrl Pts',(-0.271015263959572,0.833837808973713,
1.66659499130913));
#6810=CARTESIAN_POINT('Ctrl Pts',(-0.27153050208891,0.835423051909517,1.66659499130913));
#6811=CARTESIAN_POINT('Ctrl Pts',(-0.272045740240834,0.837008294915808,
1.66659499130913));
#6812=CARTESIAN_POINT('Ctrl Pts',(-0.283526560357287,0.827790848929828,
1.65900520875397));
#6813=CARTESIAN_POINT('Ctrl Pts',(-0.284066610948444,0.82936759340398,1.65900520875397));
#6814=CARTESIAN_POINT('Ctrl Pts',(-0.284606661539601,0.830944337878132,
1.65900520875397));
#6815=CARTESIAN_POINT('Ctrl Pts',(-0.285146712130757,0.832521082352285,
1.65900520875397));
#6816=CARTESIAN_POINT('',(-0.283526560357287,0.827790848929828,1.65900520875397));
#6817=CARTESIAN_POINT('Ctrl Pts',(-0.283526560357287,0.827790848929828,
1.65900520875397));
#6818=CARTESIAN_POINT('Ctrl Pts',(-0.284066610948444,0.82936759340398,1.65900520875397));
#6819=CARTESIAN_POINT('Ctrl Pts',(-0.284606661539601,0.830944337878132,
1.65900520875397));
#6820=CARTESIAN_POINT('Ctrl Pts',(-0.285146712130758,0.832521082352285,
1.65900520875397));
#6821=CARTESIAN_POINT('Ctrl Pts',(-0.270500025807648,0.832252565967422,
1.65807500121213));
#6822=CARTESIAN_POINT('Ctrl Pts',(-0.271015263959572,0.833837808973713,
1.65807500121213));
#6823=CARTESIAN_POINT('Ctrl Pts',(-0.27153050208891,0.835423051909517,1.65807500121213));
#6824=CARTESIAN_POINT('Ctrl Pts',(-0.272045740240834,0.837008294915808,
1.65807500121213));
#6825=CARTESIAN_POINT('Ctrl Pts',(-0.257368155033804,0.836406737356768,
1.6571447936703));
#6826=CARTESIAN_POINT('Ctrl Pts',(-0.257858380098365,0.837999893070521,
1.6571447936703));
#6827=CARTESIAN_POINT('Ctrl Pts',(-0.258348605140865,0.839593048713624,
1.6571447936703));
#6828=CARTESIAN_POINT('Ctrl Pts',(-0.258838830205426,0.841186204427378,
1.6571447936703));
#6829=CARTESIAN_POINT('Ctrl Pts',(-0.244145576896259,0.840248735364709,
1.65621458612847));
#6830=CARTESIAN_POINT('Ctrl Pts',(-0.244610616090347,0.841849209146356,
1.65621458612847));
#6831=CARTESIAN_POINT('Ctrl Pts',(-0.245075655284435,0.843449682928003,
1.65621458612847));
#6832=CARTESIAN_POINT('Ctrl Pts',(-0.245540694478523,0.84505015670965,1.65621458612847));
#6833=CARTESIAN_POINT('',(-0.244145576896259,0.840248735364709,1.65621458612847));
#6834=CARTESIAN_POINT('Origin',(-0.244145576896259,0.840248735364709,1.64739835159147));
#6835=CARTESIAN_POINT('',(-0.244145576896259,0.840248735364709,1.63858211705447));
#6836=CARTESIAN_POINT('Ctrl Pts',(-0.244145576896259,0.840248735364709,
1.63858211705447));
#6837=CARTESIAN_POINT('Ctrl Pts',(-0.244610616090347,0.841849209146356,
1.63858211705447));
#6838=CARTESIAN_POINT('Ctrl Pts',(-0.245075655284435,0.843449682928003,
1.63858211705447));
#6839=CARTESIAN_POINT('Ctrl Pts',(-0.245540694478523,0.84505015670965,1.63858211705447));
#6840=CARTESIAN_POINT('Ctrl Pts',(-0.263768929734637,0.834546906135196,
1.6410824201288));
#6841=CARTESIAN_POINT('Ctrl Pts',(-0.264271346780424,0.836136519403629,
1.6410824201288));
#6842=CARTESIAN_POINT('Ctrl Pts',(-0.264773763715905,0.837726132330392,
1.6410824201288));
#6843=CARTESIAN_POINT('Ctrl Pts',(-0.265276180761692,0.839315745598825,
1.6410824201288));
#6844=CARTESIAN_POINT('Ctrl Pts',(-0.283192450375189,0.828157366014261,
1.64358272320313));
#6845=CARTESIAN_POINT('Ctrl Pts',(-0.283731864604406,0.829734808729669,
1.64358272320313));
#6846=CARTESIAN_POINT('Ctrl Pts',(-0.284271278719545,0.831312251104648,
1.64358272320313));
#6847=CARTESIAN_POINT('Ctrl Pts',(-0.284810692948762,0.832889693820056,
1.64358272320313));
#6848=CARTESIAN_POINT('Ctrl Pts',(-0.302368501039881,0.821095785873302,
1.64608302627747));
#6849=CARTESIAN_POINT('Ctrl Pts',(-0.302944441041862,0.822659777846394,
1.64608302627747));
#6850=CARTESIAN_POINT('Ctrl Pts',(-0.303520381043843,0.824223769819486,
1.64608302627747));
#6851=CARTESIAN_POINT('Ctrl Pts',(-0.304096321045823,0.825787761792578,
1.64608302627747));
#6852=CARTESIAN_POINT('',(-0.302368501039883,0.821095785873301,1.64608302627747));
#6853=CARTESIAN_POINT('Ctrl Pts',(-0.302368501039883,0.821095785873301,
1.64608302627747));
#6854=CARTESIAN_POINT('Ctrl Pts',(-0.302944441041864,0.822659777846393,
1.64608302627747));
#6855=CARTESIAN_POINT('Ctrl Pts',(-0.303520381043845,0.824223769819485,
1.64608302627747));
#6856=CARTESIAN_POINT('Ctrl Pts',(-0.304096321045825,0.825787761792577,
1.64608302627747));
#6857=CARTESIAN_POINT('Ctrl Pts',(-0.304553308476044,0.820291230593761,
1.64476135777804));
#6858=CARTESIAN_POINT('Ctrl Pts',(-0.305133452653089,0.821853673866594,
1.64476135777804));
#6859=CARTESIAN_POINT('Ctrl Pts',(-0.305713468918861,0.823416165781464,
1.64476135777804));
#6860=CARTESIAN_POINT('Ctrl Pts',(-0.306293613095907,0.824978609054297,
1.64476135777804));
#6861=CARTESIAN_POINT('Ctrl Pts',(-0.305950741462032,0.819767740707289,
1.64210924444149));
#6862=CARTESIAN_POINT('Ctrl Pts',(-0.306533551469667,0.821329184829545,
1.64210924444149));
#6863=CARTESIAN_POINT('Ctrl Pts',(-0.307116221405608,0.82289068367479,1.64210924444149));
#6864=CARTESIAN_POINT('Ctrl Pts',(-0.307699031413243,0.824452127797045,
1.64210924444149));
#6865=CARTESIAN_POINT('Ctrl Pts',(-0.305885121285636,0.819792225247393,
1.63941752637547));
#6866=CARTESIAN_POINT('Ctrl Pts',(-0.306467759611895,0.821353734247864,
1.63941752637547));
#6867=CARTESIAN_POINT('Ctrl Pts',(-0.307050397938153,0.822915243248335,
1.63941752637547));
#6868=CARTESIAN_POINT('Ctrl Pts',(-0.307633036264411,0.824476752248807,
1.63941752637547));
#6869=CARTESIAN_POINT('',(-0.305885121285636,0.819792225247393,1.63941752637547));
#6870=CARTESIAN_POINT('Ctrl Pts',(-0.305885121285636,0.819792225247393,
1.63941752637547));
#6871=CARTESIAN_POINT('Ctrl Pts',(-0.306467759611895,0.821353734247864,
1.63941752637547));
#6872=CARTESIAN_POINT('Ctrl Pts',(-0.307050397938153,0.822915243248335,
1.63941752637547));
#6873=CARTESIAN_POINT('Ctrl Pts',(-0.307633036264411,0.824476752248807,
1.63941752637547));
#6874=CARTESIAN_POINT('Ctrl Pts',(-0.305752793972131,0.819841599900011,
1.63699810943631));
#6875=CARTESIAN_POINT('Ctrl Pts',(-0.306335184292524,0.82140320113553,1.63699810943631));
#6876=CARTESIAN_POINT('Ctrl Pts',(-0.306917562474436,0.822964807806778,
1.63699810943631));
#6877=CARTESIAN_POINT('Ctrl Pts',(-0.307499952794829,0.824526409042297,
1.63699810943631));
#6878=CARTESIAN_POINT('Ctrl Pts',(-0.304967755230139,0.820135225098801,
1.63470390071534));
#6879=CARTESIAN_POINT('Ctrl Pts',(-0.305548650171282,0.821697385676298,
1.63470390071534));
#6880=CARTESIAN_POINT('Ctrl Pts',(-0.306129533176026,0.823259551521869,
1.63470390071534));
#6881=CARTESIAN_POINT('Ctrl Pts',(-0.306710428117169,0.824821712099366,
1.63470390071534));
#6882=CARTESIAN_POINT('Ctrl Pts',(-0.303602453884322,0.820640329252358,
1.63275202647347));
#6883=CARTESIAN_POINT('Ctrl Pts',(-0.304180744272673,0.822203453689029,
1.63275202647347));
#6884=CARTESIAN_POINT('Ctrl Pts',(-0.304759034661024,0.8237665781257,1.63275202647347));
#6885=CARTESIAN_POINT('Ctrl Pts',(-0.305337325049375,0.825329702562372,
1.63275202647347));
#6886=CARTESIAN_POINT('',(-0.303602453884322,0.820640329252358,1.63275202647347));
#6887=CARTESIAN_POINT('Ctrl Pts',(-0.303602453884322,0.820640329252358,
1.63275202647347));
#6888=CARTESIAN_POINT('Ctrl Pts',(-0.304180744272673,0.822203453689029,
1.63275202647347));
#6889=CARTESIAN_POINT('Ctrl Pts',(-0.304759034661025,0.8237665781257,1.63275202647347));
#6890=CARTESIAN_POINT('Ctrl Pts',(-0.305337325049376,0.825329702562371,
1.63275202647347));
#6891=CARTESIAN_POINT('Ctrl Pts',(-0.307531113663536,0.819186890142763,
1.6296770091853));
#6892=CARTESIAN_POINT('Ctrl Pts',(-0.308116887213446,0.820747246124185,
1.6296770091853));
#6893=CARTESIAN_POINT('Ctrl Pts',(-0.308702660763133,0.822307602105014,
1.6296770091853));
#6894=CARTESIAN_POINT('Ctrl Pts',(-0.309288434313042,0.823867958086436,
1.6296770091853));
#6895=CARTESIAN_POINT('Ctrl Pts',(-0.311449336164861,0.817705238980021,
1.62660199189713));
#6896=CARTESIAN_POINT('Ctrl Pts',(-0.312042572995726,0.819262772768752,
1.62660199189713));
#6897=CARTESIAN_POINT('Ctrl Pts',(-0.312635809826367,0.82082030655689,1.62660199189713));
#6898=CARTESIAN_POINT('Ctrl Pts',(-0.313229046657232,0.822377840345621,
1.62660199189713));
#6899=CARTESIAN_POINT('Ctrl Pts',(-0.315356717304626,0.816195528565828,
1.62352697460897));
#6900=CARTESIAN_POINT('Ctrl Pts',(-0.315957396766159,0.817750186715477,
1.62352697460897));
#6901=CARTESIAN_POINT('Ctrl Pts',(-0.316558076227691,0.819304844865126,
1.62352697460897));
#6902=CARTESIAN_POINT('Ctrl Pts',(-0.317158755689224,0.820859503014775,
1.62352697460897));
#6903=CARTESIAN_POINT('Origin',(-0.24414625964533,0.840248536982479,1.15030243258072));
#6904=CARTESIAN_POINT('',(-0.244146259645329,0.840248536982479,1.14165505737447));
#6905=CARTESIAN_POINT('',(-0.24414625964533,0.840248536982479,1.15894980778697));
#6906=CARTESIAN_POINT('',(-0.244146259645319,0.840248536982482,0.));
#6907=CARTESIAN_POINT('',(-0.245541381129017,0.845049957193807,1.14165505737447));
#6908=CARTESIAN_POINT('',(-0.244146259645329,0.840248536982479,1.14165505737447));
#6909=CARTESIAN_POINT('',(-0.245541381129017,0.845049957193807,1.15894980778697));
#6910=CARTESIAN_POINT('',(-0.245541381129017,0.845049957193807,1.15894980778697));
#6911=CARTESIAN_POINT('',(-0.24414625964533,0.840248536982479,1.15894980778697));
#6912=CARTESIAN_POINT('Ctrl Pts',(-0.25134020409572,0.838124753127553,1.15735008781047));
#6913=CARTESIAN_POINT('Ctrl Pts',(-0.251818947341617,0.839721181228749,
1.15735008781047));
#6914=CARTESIAN_POINT('Ctrl Pts',(-0.252297690587513,0.841317609329944,
1.15735008781047));
#6915=CARTESIAN_POINT('Ctrl Pts',(-0.25277643383341,0.842914037431139,1.15735008781047));
#6916=CARTESIAN_POINT('Ctrl Pts',(-0.248945271642098,0.838842955053272,
1.15788332780263));
#6917=CARTESIAN_POINT('Ctrl Pts',(-0.2494194531119,0.840440751158161,1.15788332780263));
#6918=CARTESIAN_POINT('Ctrl Pts',(-0.249893634581679,0.842038547262973,
1.15788332780263));
#6919=CARTESIAN_POINT('Ctrl Pts',(-0.250367816051481,0.843636343367862,
1.15788332780263));
#6920=CARTESIAN_POINT('Ctrl Pts',(-0.24654726078844,0.839550891675532,1.1584165677948));
#6921=CARTESIAN_POINT('Ctrl Pts',(-0.247016874618521,0.84115003623113,1.1584165677948));
#6922=CARTESIAN_POINT('Ctrl Pts',(-0.247486488448579,0.842749180786651,
1.1584165677948));
#6923=CARTESIAN_POINT('Ctrl Pts',(-0.247956102278659,0.844348325342249,
1.1584165677948));
#6924=CARTESIAN_POINT('Ctrl Pts',(-0.24414625964533,0.840248536982479,1.15894980778697));
#6925=CARTESIAN_POINT('Ctrl Pts',(-0.244611300139892,0.841849010386255,
1.15894980778697));
#6926=CARTESIAN_POINT('Ctrl Pts',(-0.245076340634455,0.843449483790031,
1.15894980778697));
#6927=CARTESIAN_POINT('Ctrl Pts',(-0.245541381129017,0.845049957193807,
1.15894980778697));
#6928=CARTESIAN_POINT('',(-0.25134020409572,0.838124753127553,1.15735008781047));
#6929=CARTESIAN_POINT('Ctrl Pts',(-0.24414625964533,0.840248536982479,1.15894980778697));
#6930=CARTESIAN_POINT('Ctrl Pts',(-0.24654726078844,0.839550891675532,1.1584165677948));
#6931=CARTESIAN_POINT('Ctrl Pts',(-0.248945271642098,0.838842955053272,
1.15788332780263));
#6932=CARTESIAN_POINT('Ctrl Pts',(-0.25134020409572,0.838124753127553,1.15735008781047));
#6933=CARTESIAN_POINT('',(-0.25277643383341,0.842914037431139,1.15735008781047));
#6934=CARTESIAN_POINT('Ctrl Pts',(-0.25277643383341,0.842914037431139,1.15735008781047));
#6935=CARTESIAN_POINT('Ctrl Pts',(-0.250367816051481,0.843636343367862,
1.15788332780263));
#6936=CARTESIAN_POINT('Ctrl Pts',(-0.247956102278659,0.844348325342249,
1.1584165677948));
#6937=CARTESIAN_POINT('Ctrl Pts',(-0.245541381129017,0.845049957193807,
1.15894980778697));
#6938=CARTESIAN_POINT('',(-0.25134020409572,0.838124753127553,1.15735008781047));
#6939=CARTESIAN_POINT('Ctrl Pts',(-0.24414625964533,0.840248536982479,1.17388052756747));
#6940=CARTESIAN_POINT('Ctrl Pts',(-0.244611300139892,0.841849010386255,
1.17388052756747));
#6941=CARTESIAN_POINT('Ctrl Pts',(-0.245076340634455,0.843449483790031,
1.17388052756747));
#6942=CARTESIAN_POINT('Ctrl Pts',(-0.245541381129017,0.845049957193807,
1.17388052756747));
#6943=CARTESIAN_POINT('Ctrl Pts',(-0.244487394536175,0.840149415348856,
1.16763373033912));
#6944=CARTESIAN_POINT('Ctrl Pts',(-0.244953047367605,0.841749708341103,
1.16763373033912));
#6945=CARTESIAN_POINT('Ctrl Pts',(-0.245418812530667,0.843349976158603,
1.16763373033912));
#6946=CARTESIAN_POINT('Ctrl Pts',(-0.245884465362096,0.84495026915085,1.16763373033912));
#6947=CARTESIAN_POINT('Ctrl Pts',(-0.247104769646474,0.839394892155109,
1.1616308596627));
#6948=CARTESIAN_POINT('Ctrl Pts',(-0.247575410002911,0.840993748149414,
1.1616308596627));
#6949=CARTESIAN_POINT('Ctrl Pts',(-0.24804615654516,0.84259257840169,1.1616308596627));
#6950=CARTESIAN_POINT('Ctrl Pts',(-0.248516796901597,0.844191434395995,
1.1616308596627));
#6951=CARTESIAN_POINT('Ctrl Pts',(-0.25134020409572,0.838124753127553,1.15735008781047));
#6952=CARTESIAN_POINT('Ctrl Pts',(-0.251818947341617,0.839721181228749,
1.15735008781047));
#6953=CARTESIAN_POINT('Ctrl Pts',(-0.252297690587513,0.841317609329944,
1.15735008781047));
#6954=CARTESIAN_POINT('Ctrl Pts',(-0.25277643383341,0.842914037431139,1.15735008781047));
#6955=CARTESIAN_POINT('',(-0.24414625964533,0.840248536982479,1.17388052756747));
#6956=CARTESIAN_POINT('Ctrl Pts',(-0.25134020409572,0.838124753127553,1.15735008781047));
#6957=CARTESIAN_POINT('Ctrl Pts',(-0.247104769646474,0.839394892155109,
1.1616308596627));
#6958=CARTESIAN_POINT('Ctrl Pts',(-0.244487394536175,0.840149415348856,
1.16763373033912));
#6959=CARTESIAN_POINT('Ctrl Pts',(-0.24414625964533,0.840248536982479,1.17388052756747));
#6960=CARTESIAN_POINT('',(-0.245541381129017,0.845049957193807,1.17388052756747));
#6961=CARTESIAN_POINT('Ctrl Pts',(-0.245541381129017,0.845049957193807,
1.17388052756747));
#6962=CARTESIAN_POINT('Ctrl Pts',(-0.245884465362096,0.84495026915085,1.16763373033912));
#6963=CARTESIAN_POINT('Ctrl Pts',(-0.248516796901597,0.844191434395995,
1.1616308596627));
#6964=CARTESIAN_POINT('Ctrl Pts',(-0.25277643383341,0.842914037431139,1.15735008781047));
#6965=CARTESIAN_POINT('',(-0.24414625964533,0.840248536982479,1.17388052756747));
#6966=CARTESIAN_POINT('Ctrl Pts',(-0.248273925206256,0.839038174377471,
1.18664273804647));
#6967=CARTESIAN_POINT('Ctrl Pts',(-0.248746827920935,0.840636342328666,
1.18664273804647));
#6968=CARTESIAN_POINT('Ctrl Pts',(-0.249219730635613,0.842234510279861,
1.18664273804647));
#6969=CARTESIAN_POINT('Ctrl Pts',(-0.249692633350292,0.843832678231056,
1.18664273804647));
#6970=CARTESIAN_POINT('Ctrl Pts',(-0.245245223058989,0.839934376473329,
1.18329192188912));
#6971=CARTESIAN_POINT('Ctrl Pts',(-0.245712312194561,0.841534262752478,
1.18329192188912));
#6972=CARTESIAN_POINT('Ctrl Pts',(-0.246179535198041,0.843134115202599,
1.18329192188912));
#6973=CARTESIAN_POINT('Ctrl Pts',(-0.246646624333612,0.844734001481748,
1.18329192188912));
#6974=CARTESIAN_POINT('Ctrl Pts',(-0.243693158847468,0.840380191915717,
1.17850091855623));
#6975=CARTESIAN_POINT('Ctrl Pts',(-0.244157289410998,0.841980927454016,
1.17850091855623));
#6976=CARTESIAN_POINT('Ctrl Pts',(-0.244621560620209,0.843581628902652,
1.17850091855623));
#6977=CARTESIAN_POINT('Ctrl Pts',(-0.245085691183739,0.84518236444095,1.17850091855623));
#6978=CARTESIAN_POINT('Ctrl Pts',(-0.24414625964533,0.840248536982479,1.17388052756747));
#6979=CARTESIAN_POINT('Ctrl Pts',(-0.244611300139892,0.841849010386255,
1.17388052756747));
#6980=CARTESIAN_POINT('Ctrl Pts',(-0.245076340634455,0.843449483790031,
1.17388052756747));
#6981=CARTESIAN_POINT('Ctrl Pts',(-0.245541381129017,0.845049957193807,
1.17388052756747));
#6982=CARTESIAN_POINT('',(-0.248273925206256,0.839038174377471,1.18664273804647));
#6983=CARTESIAN_POINT('Ctrl Pts',(-0.24414625964533,0.840248536982479,1.17388052756747));
#6984=CARTESIAN_POINT('Ctrl Pts',(-0.243693158847468,0.840380191915717,
1.17850091855623));
#6985=CARTESIAN_POINT('Ctrl Pts',(-0.245245223058989,0.839934376473329,
1.18329192188912));
#6986=CARTESIAN_POINT('Ctrl Pts',(-0.248273925206256,0.839038174377471,
1.18664273804647));
#6987=CARTESIAN_POINT('',(-0.249692633350292,0.843832678231056,1.18664273804647));
#6988=CARTESIAN_POINT('Ctrl Pts',(-0.249692633350292,0.843832678231056,
1.18664273804647));
#6989=CARTESIAN_POINT('Ctrl Pts',(-0.246646624333612,0.844734001481748,
1.18329192188912));
#6990=CARTESIAN_POINT('Ctrl Pts',(-0.245085691183739,0.84518236444095,1.17850091855623));
#6991=CARTESIAN_POINT('Ctrl Pts',(-0.245541381129017,0.845049957193807,
1.17388052756747));
#6992=CARTESIAN_POINT('',(-0.248273925206256,0.839038174377471,1.18664273804647));
#6993=CARTESIAN_POINT('Ctrl Pts',(-0.260111438209776,0.835444216996229,
1.19199291263447));
#6994=CARTESIAN_POINT('Ctrl Pts',(-0.260606888568271,0.837035539314317,
1.19199291263447));
#6995=CARTESIAN_POINT('Ctrl Pts',(-0.261102338926766,0.838626861632405,
1.19199291263447));
#6996=CARTESIAN_POINT('Ctrl Pts',(-0.261597789285261,0.840218183950493,
1.19199291263447));
#6997=CARTESIAN_POINT('Ctrl Pts',(-0.255651100728764,0.836832921081414,
1.19206356472438));
#6998=CARTESIAN_POINT('Ctrl Pts',(-0.256138039436348,0.838426896275865,
1.19206356472438));
#6999=CARTESIAN_POINT('Ctrl Pts',(-0.256625025453915,0.840020848293143,
1.19206356472438));
#7000=CARTESIAN_POINT('Ctrl Pts',(-0.2571119641615,0.841614823487594,1.19206356472438));
#7001=CARTESIAN_POINT('Ctrl Pts',(-0.251215112591815,0.838167868163428,
1.19006018581029));
#7002=CARTESIAN_POINT('Ctrl Pts',(-0.251693595802174,0.839764387217767,
1.19006018581029));
#7003=CARTESIAN_POINT('Ctrl Pts',(-0.252172144310552,0.841360879784308,
1.19006018581029));
#7004=CARTESIAN_POINT('Ctrl Pts',(-0.252650627520911,0.842957398838647,
1.19006018581029));
#7005=CARTESIAN_POINT('Ctrl Pts',(-0.248273925206256,0.839038174377471,
1.18664273804647));
#7006=CARTESIAN_POINT('Ctrl Pts',(-0.248746827920935,0.840636342328666,
1.18664273804647));
#7007=CARTESIAN_POINT('Ctrl Pts',(-0.249219730635613,0.842234510279861,
1.18664273804647));
#7008=CARTESIAN_POINT('Ctrl Pts',(-0.249692633350292,0.843832678231056,
1.18664273804647));
#7009=CARTESIAN_POINT('',(-0.260111438209776,0.835444216996229,1.19199291263447));
#7010=CARTESIAN_POINT('Ctrl Pts',(-0.248273925206256,0.839038174377471,
1.18664273804647));
#7011=CARTESIAN_POINT('Ctrl Pts',(-0.251215112591815,0.838167868163428,
1.19006018581029));
#7012=CARTESIAN_POINT('Ctrl Pts',(-0.255651100728764,0.836832921081414,
1.19206356472438));
#7013=CARTESIAN_POINT('Ctrl Pts',(-0.260111438209776,0.835444216996229,
1.19199291263447));
#7014=CARTESIAN_POINT('',(-0.261597789285261,0.840218183950493,1.19199291263447));
#7015=CARTESIAN_POINT('Ctrl Pts',(-0.261597789285261,0.840218183950493,
1.19199291263447));
#7016=CARTESIAN_POINT('Ctrl Pts',(-0.2571119641615,0.841614823487594,1.19206356472438));
#7017=CARTESIAN_POINT('Ctrl Pts',(-0.252650627520911,0.842957398838647,
1.19006018581029));
#7018=CARTESIAN_POINT('Ctrl Pts',(-0.249692633350292,0.843832678231056,
1.18664273804647));
#7019=CARTESIAN_POINT('',(-0.260111438209776,0.835444216996229,1.19199291263447));
#7020=CARTESIAN_POINT('Ctrl Pts',(-0.271153479881856,0.83192595244286,1.19005547399597));
#7021=CARTESIAN_POINT('Ctrl Pts',(-0.271669962700678,0.833510573304656,
1.19005547399597));
#7022=CARTESIAN_POINT('Ctrl Pts',(-0.272186445519501,0.835095194166452,
1.19005547399597));
#7023=CARTESIAN_POINT('Ctrl Pts',(-0.272702928338323,0.836679815028248,
1.19005547399597));
#7024=CARTESIAN_POINT('Ctrl Pts',(-0.267632485605887,0.833073566419524,
1.19114366936693));
#7025=CARTESIAN_POINT('Ctrl Pts',(-0.268142262089476,0.834660373288781,
1.19114366936693));
#7026=CARTESIAN_POINT('Ctrl Pts',(-0.268652037611475,0.836247179929808,
1.19114366936693));
#7027=CARTESIAN_POINT('Ctrl Pts',(-0.269161814095064,0.837833986799065,
1.19114366936693));
#7028=CARTESIAN_POINT('Ctrl Pts',(-0.263919176515941,0.834258696446809,
1.19179528889517));
#7029=CARTESIAN_POINT('Ctrl Pts',(-0.264421880002758,0.835847760723856,
1.19179528889517));
#7030=CARTESIAN_POINT('Ctrl Pts',(-0.264924582609215,0.837436824720887,
1.19179528889517));
#7031=CARTESIAN_POINT('Ctrl Pts',(-0.265427286096032,0.839025888997934,
1.19179528889517));
#7032=CARTESIAN_POINT('Ctrl Pts',(-0.260111438209776,0.835444216996229,
1.19199291263447));
#7033=CARTESIAN_POINT('Ctrl Pts',(-0.260606888568271,0.837035539314317,
1.19199291263447));
#7034=CARTESIAN_POINT('Ctrl Pts',(-0.261102338926766,0.838626861632405,
1.19199291263447));
#7035=CARTESIAN_POINT('Ctrl Pts',(-0.261597789285261,0.840218183950493,
1.19199291263447));
#7036=CARTESIAN_POINT('',(-0.271153479881856,0.83192595244286,1.19005547399597));
#7037=CARTESIAN_POINT('Ctrl Pts',(-0.260111438209776,0.835444216996229,
1.19199291263447));
#7038=CARTESIAN_POINT('Ctrl Pts',(-0.263919176515941,0.834258696446809,
1.19179528889517));
#7039=CARTESIAN_POINT('Ctrl Pts',(-0.267632485605887,0.833073566419524,
1.19114366936693));
#7040=CARTESIAN_POINT('Ctrl Pts',(-0.271153479881856,0.83192595244286,1.19005547399597));
#7041=CARTESIAN_POINT('',(-0.272702928338323,0.836679815028248,1.19005547399597));
#7042=CARTESIAN_POINT('Ctrl Pts',(-0.272702928338323,0.836679815028248,
1.19005547399597));
#7043=CARTESIAN_POINT('Ctrl Pts',(-0.269161814095064,0.837833986799065,
1.19114366936693));
#7044=CARTESIAN_POINT('Ctrl Pts',(-0.265427286096032,0.839025888997934,
1.19179528889517));
#7045=CARTESIAN_POINT('Ctrl Pts',(-0.261597789285261,0.840218183950493,
1.19199291263447));
#7046=CARTESIAN_POINT('',(-0.271153479881856,0.83192595244286,1.19005547399597));
#7047=CARTESIAN_POINT('Ctrl Pts',(-0.301985503140899,0.821236723419465,
1.18123923945897));
#7048=CARTESIAN_POINT('Ctrl Pts',(-0.302560713623072,0.822800983845026,
1.18123923945897));
#7049=CARTESIAN_POINT('Ctrl Pts',(-0.303135924105245,0.824365244270587,
1.18123923945897));
#7050=CARTESIAN_POINT('Ctrl Pts',(-0.303711134587418,0.825929504696148,
1.18123923945897));
#7051=CARTESIAN_POINT('Ctrl Pts',(-0.291775798244116,0.824991040271416,
1.18417798430463));
#7052=CARTESIAN_POINT('Ctrl Pts',(-0.292331561672518,0.826562451785766,
1.18417798430463));
#7053=CARTESIAN_POINT('Ctrl Pts',(-0.292887325091395,0.828133863272903,
1.18417798430463));
#7054=CARTESIAN_POINT('Ctrl Pts',(-0.293443088519797,0.829705274787253,
1.18417798430463));
#7055=CARTESIAN_POINT('Ctrl Pts',(-0.281496074444663,0.828554942681141,
1.1871167291503));
#7056=CARTESIAN_POINT('Ctrl Pts',(-0.282032257446727,0.830133142581052,
1.1871167291503));
#7057=CARTESIAN_POINT('Ctrl Pts',(-0.282568440439426,0.831711342453694,
1.1871167291503));
#7058=CARTESIAN_POINT('Ctrl Pts',(-0.28310462344149,0.833289542353605,1.1871167291503));
#7059=CARTESIAN_POINT('Ctrl Pts',(-0.271153479881856,0.831925952442861,
1.19005547399597));
#7060=CARTESIAN_POINT('Ctrl Pts',(-0.271669962700678,0.833510573304656,
1.19005547399597));
#7061=CARTESIAN_POINT('Ctrl Pts',(-0.272186445519501,0.835095194166453,
1.19005547399597));
#7062=CARTESIAN_POINT('Ctrl Pts',(-0.272702928338323,0.836679815028248,
1.19005547399597));
#7063=CARTESIAN_POINT('',(-0.301985503140899,0.821236723419465,1.18123923945897));
#7064=CARTESIAN_POINT('Ctrl Pts',(-0.271153479881856,0.831925952442861,
1.19005547399597));
#7065=CARTESIAN_POINT('Ctrl Pts',(-0.281496074444663,0.828554942681141,
1.1871167291503));
#7066=CARTESIAN_POINT('Ctrl Pts',(-0.291775798244116,0.824991040271416,
1.18417798430463));
#7067=CARTESIAN_POINT('Ctrl Pts',(-0.301985503140899,0.821236723419465,
1.18123923945897));
#7068=CARTESIAN_POINT('',(-0.303711134587418,0.825929504696148,1.18123923945897));
#7069=CARTESIAN_POINT('Ctrl Pts',(-0.303711134587418,0.825929504696148,
1.18123923945897));
#7070=CARTESIAN_POINT('Ctrl Pts',(-0.293443088519797,0.829705274787253,
1.18417798430463));
#7071=CARTESIAN_POINT('Ctrl Pts',(-0.28310462344149,0.833289542353605,1.1871167291503));
#7072=CARTESIAN_POINT('Ctrl Pts',(-0.272702928338323,0.836679815028248,
1.19005547399597));
#7073=CARTESIAN_POINT('',(-0.301985503140899,0.821236723419465,1.18123923945897));
#7074=CARTESIAN_POINT('Origin',(-0.301985503140899,0.821236723419465,1.17255631491997));
#7075=CARTESIAN_POINT('',(-0.301985503140899,0.821236723419465,1.16387339038097));
#7076=CARTESIAN_POINT('',(-0.301985503140899,0.821236723419465,0.));
#7077=CARTESIAN_POINT('',(-0.303711134587418,0.825929504696148,1.16387339038097));
#7078=CARTESIAN_POINT('',(-0.303711134587418,0.825929504696148,1.16387339038097));
#7079=CARTESIAN_POINT('',(-0.301985503140899,0.821236723419465,1.16387339038097));
#7080=CARTESIAN_POINT('Ctrl Pts',(-0.270426690963655,0.832162487026691,
1.17283182224947));
#7081=CARTESIAN_POINT('Ctrl Pts',(-0.270941789422633,0.833747558430552,
1.17283182224947));
#7082=CARTESIAN_POINT('Ctrl Pts',(-0.271456887881612,0.835332629834412,
1.17283182224947));
#7083=CARTESIAN_POINT('Ctrl Pts',(-0.27197198634059,0.836917701238272,1.17283182224947));
#7084=CARTESIAN_POINT('Ctrl Pts',(-0.281014523543057,0.828721773736244,
1.1698456782933));
#7085=CARTESIAN_POINT('Ctrl Pts',(-0.281549789305605,0.830300291410476,
1.1698456782933));
#7086=CARTESIAN_POINT('Ctrl Pts',(-0.282085055057897,0.831878809054789,
1.1698456782933));
#7087=CARTESIAN_POINT('Ctrl Pts',(-0.282620320820445,0.833457326729022,
1.1698456782933));
#7088=CARTESIAN_POINT('Ctrl Pts',(-0.29153668206187,0.825078968171552,1.16685953433713));
#7089=CARTESIAN_POINT('Ctrl Pts',(-0.292091990031181,0.826650547168498,
1.16685953433713));
#7090=CARTESIAN_POINT('Ctrl Pts',(-0.292647297990055,0.828222126135586,
1.16685953433713));
#7091=CARTESIAN_POINT('Ctrl Pts',(-0.293202605959366,0.829793705132532,
1.16685953433713));
#7092=CARTESIAN_POINT('Ctrl Pts',(-0.301985503140899,0.821236723419465,
1.16387339038097));
#7093=CARTESIAN_POINT('Ctrl Pts',(-0.302560713623072,0.822800983845026,
1.16387339038097));
#7094=CARTESIAN_POINT('Ctrl Pts',(-0.303135924105245,0.824365244270587,
1.16387339038097));
#7095=CARTESIAN_POINT('Ctrl Pts',(-0.303711134587418,0.825929504696147,
1.16387339038097));
#7096=CARTESIAN_POINT('',(-0.270426690963655,0.832162487026691,1.17283182224947));
#7097=CARTESIAN_POINT('Ctrl Pts',(-0.301985503140899,0.821236723419465,
1.16387339038097));
#7098=CARTESIAN_POINT('Ctrl Pts',(-0.29153668206187,0.825078968171552,1.16685953433713));
#7099=CARTESIAN_POINT('Ctrl Pts',(-0.281014523543057,0.828721773736244,
1.1698456782933));
#7100=CARTESIAN_POINT('Ctrl Pts',(-0.270426690963655,0.832162487026691,
1.17283182224947));
#7101=CARTESIAN_POINT('',(-0.27197198634059,0.836917701238272,1.17283182224947));
#7102=CARTESIAN_POINT('Ctrl Pts',(-0.27197198634059,0.836917701238272,1.17283182224947));
#7103=CARTESIAN_POINT('Ctrl Pts',(-0.282620320820445,0.833457326729022,
1.1698456782933));
#7104=CARTESIAN_POINT('Ctrl Pts',(-0.293202605959366,0.829793705132532,
1.16685953433713));
#7105=CARTESIAN_POINT('Ctrl Pts',(-0.303711134587418,0.825929504696147,
1.16387339038097));
#7106=CARTESIAN_POINT('',(-0.270426690963655,0.832162487026691,1.17283182224947));
#7107=CARTESIAN_POINT('Ctrl Pts',(-0.265197916783225,0.833843549434687,
1.17359684389147));
#7108=CARTESIAN_POINT('Ctrl Pts',(-0.265703055672336,0.835431822862182,
1.17359684389147));
#7109=CARTESIAN_POINT('Ctrl Pts',(-0.266208194561447,0.837020096289677,
1.17359684389147));
#7110=CARTESIAN_POINT('Ctrl Pts',(-0.266713333450558,0.838608369717171,
1.17359684389147));
#7111=CARTESIAN_POINT('Ctrl Pts',(-0.266838932242292,0.833321636323471,
1.1735969364528));
#7112=CARTESIAN_POINT('Ctrl Pts',(-0.267347196558139,0.834908915809097,
1.1735969364528));
#7113=CARTESIAN_POINT('Ctrl Pts',(-0.267855461824972,0.836496194759692,
1.1735969364528));
#7114=CARTESIAN_POINT('Ctrl Pts',(-0.268363726140819,0.838083474245319,
1.1735969364528));
#7115=CARTESIAN_POINT('Ctrl Pts',(-0.268612218094018,0.832752133762309,
1.17333751488716));
#7116=CARTESIAN_POINT('Ctrl Pts',(-0.269123860149366,0.834338328469524,
1.17333751488716));
#7117=CARTESIAN_POINT('Ctrl Pts',(-0.269635502999207,0.835924522676594,
1.17333751488716));
#7118=CARTESIAN_POINT('Ctrl Pts',(-0.270147145054555,0.837510717383809,
1.17333751488716));
#7119=CARTESIAN_POINT('Ctrl Pts',(-0.270426690963655,0.832162487026691,
1.17283182224947));
#7120=CARTESIAN_POINT('Ctrl Pts',(-0.270941789422633,0.833747558430552,
1.17283182224947));
#7121=CARTESIAN_POINT('Ctrl Pts',(-0.271456887881612,0.835332629834412,
1.17283182224947));
#7122=CARTESIAN_POINT('Ctrl Pts',(-0.27197198634059,0.836917701238272,1.17283182224947));
#7123=CARTESIAN_POINT('',(-0.265197916783225,0.833843549434687,1.17359684389147));
#7124=CARTESIAN_POINT('Ctrl Pts',(-0.270426690963655,0.832162487026691,
1.17283182224947));
#7125=CARTESIAN_POINT('Ctrl Pts',(-0.268612218094018,0.832752133762309,
1.17333751488716));
#7126=CARTESIAN_POINT('Ctrl Pts',(-0.266838932242292,0.833321636323471,
1.1735969364528));
#7127=CARTESIAN_POINT('Ctrl Pts',(-0.265197916783225,0.833843549434687,
1.17359684389147));
#7128=CARTESIAN_POINT('',(-0.266713333450558,0.838608369717171,1.17359684389147));
#7129=CARTESIAN_POINT('Ctrl Pts',(-0.266713333450558,0.838608369717171,
1.17359684389147));
#7130=CARTESIAN_POINT('Ctrl Pts',(-0.268363726140819,0.838083474245319,
1.1735969364528));
#7131=CARTESIAN_POINT('Ctrl Pts',(-0.270147145054555,0.837510717383809,
1.17333751488716));
#7132=CARTESIAN_POINT('Ctrl Pts',(-0.27197198634059,0.836917701238272,1.17283182224947));
#7133=CARTESIAN_POINT('',(-0.265197916783225,0.833843549434687,1.17359684389147));
#7134=CARTESIAN_POINT('Ctrl Pts',(-0.259704100096621,0.835570930797024,
1.17123281325947));
#7135=CARTESIAN_POINT('Ctrl Pts',(-0.260198774572996,0.837162494474732,
1.17123281325947));
#7136=CARTESIAN_POINT('Ctrl Pts',(-0.260693449049371,0.838754058152441,
1.17123281325947));
#7137=CARTESIAN_POINT('Ctrl Pts',(-0.261188123525745,0.840345621830149,
1.17123281325947));
#7138=CARTESIAN_POINT('Ctrl Pts',(-0.261113091491499,0.835133001677228,
1.1728510160883));
#7139=CARTESIAN_POINT('Ctrl Pts',(-0.261610440801359,0.836723734528861,
1.1728510160883));
#7140=CARTESIAN_POINT('Ctrl Pts',(-0.262107816990161,0.838314457406608,
1.1728510160883));
#7141=CARTESIAN_POINT('Ctrl Pts',(-0.262605166300022,0.839905190258241,
1.1728510160883));
#7142=CARTESIAN_POINT('Ctrl Pts',(-0.263167472645663,0.834489317523667,
1.17373474811738));
#7143=CARTESIAN_POINT('Ctrl Pts',(-0.263668737706434,0.836078823613507,
1.17373474811738));
#7144=CARTESIAN_POINT('Ctrl Pts',(-0.264170021714296,0.837668321819676,
1.17373474811738));
#7145=CARTESIAN_POINT('Ctrl Pts',(-0.264671286775067,0.839257827909516,
1.17373474811738));
#7146=CARTESIAN_POINT('Ctrl Pts',(-0.265197916783225,0.833843549434687,
1.17359684389147));
#7147=CARTESIAN_POINT('Ctrl Pts',(-0.265703055672336,0.835431822862182,
1.17359684389147));
#7148=CARTESIAN_POINT('Ctrl Pts',(-0.266208194561447,0.837020096289677,
1.17359684389147));
#7149=CARTESIAN_POINT('Ctrl Pts',(-0.266713333450558,0.838608369717171,
1.17359684389147));
#7150=CARTESIAN_POINT('',(-0.259704100096621,0.835570930797024,1.17123281325947));
#7151=CARTESIAN_POINT('Ctrl Pts',(-0.265197916783225,0.833843549434687,
1.17359684389147));
#7152=CARTESIAN_POINT('Ctrl Pts',(-0.263167472645663,0.834489317523667,
1.17373474811738));
#7153=CARTESIAN_POINT('Ctrl Pts',(-0.261113091491499,0.835133001677228,
1.1728510160883));
#7154=CARTESIAN_POINT('Ctrl Pts',(-0.259704100096621,0.835570930797024,
1.17123281325947));
#7155=CARTESIAN_POINT('',(-0.261188123525745,0.840345621830149,1.17123281325947));
#7156=CARTESIAN_POINT('Ctrl Pts',(-0.261188123525745,0.840345621830149,
1.17123281325947));
#7157=CARTESIAN_POINT('Ctrl Pts',(-0.262605166300022,0.839905190258241,
1.1728510160883));
#7158=CARTESIAN_POINT('Ctrl Pts',(-0.264671286775067,0.839257827909516,
1.17373474811738));
#7159=CARTESIAN_POINT('Ctrl Pts',(-0.266713333450558,0.838608369717171,
1.17359684389147));
#7160=CARTESIAN_POINT('',(-0.259704100096621,0.835570930797024,1.17123281325947));
#7161=CARTESIAN_POINT('Ctrl Pts',(-0.258040163184488,0.836086283934693,
1.16518942668197));
#7162=CARTESIAN_POINT('Ctrl Pts',(-0.25853166825722,0.837678829237425,1.16518942668197));
#7163=CARTESIAN_POINT('Ctrl Pts',(-0.259023173329953,0.839271374540158,
1.16518942668197));
#7164=CARTESIAN_POINT('Ctrl Pts',(-0.259514678402685,0.840863919842891,
1.16518942668197));
#7165=CARTESIAN_POINT('Ctrl Pts',(-0.257719200682319,0.836185342151562,
1.1673419608259));
#7166=CARTESIAN_POINT('Ctrl Pts',(-0.25821007091833,0.837778082832133,1.1673419608259));
#7167=CARTESIAN_POINT('Ctrl Pts',(-0.258701011593064,0.839370803426144,
1.1673419608259));
#7168=CARTESIAN_POINT('Ctrl Pts',(-0.259191881829075,0.840963544106714,
1.1673419608259));
#7169=CARTESIAN_POINT('Ctrl Pts',(-0.258347862797443,0.835992463397451,
1.16962336987074));
#7170=CARTESIAN_POINT('Ctrl Pts',(-0.258839931456293,0.837584836508127,
1.16962336987074));
#7171=CARTESIAN_POINT('Ctrl Pts',(-0.259332067640293,0.839177190077618,
1.16962336987074));
#7172=CARTESIAN_POINT('Ctrl Pts',(-0.259824136299143,0.840769563188294,
1.16962336987074));
#7173=CARTESIAN_POINT('Ctrl Pts',(-0.259704100096621,0.835570930797024,
1.17123281325947));
#7174=CARTESIAN_POINT('Ctrl Pts',(-0.260198774572996,0.837162494474732,
1.17123281325947));
#7175=CARTESIAN_POINT('Ctrl Pts',(-0.26069344904937,0.838754058152441,1.17123281325947));
#7176=CARTESIAN_POINT('Ctrl Pts',(-0.261188123525745,0.84034562183015,1.17123281325947));
#7177=CARTESIAN_POINT('',(-0.258040163184488,0.836086283934693,1.16518942668197));
#7178=CARTESIAN_POINT('Ctrl Pts',(-0.259704100096621,0.835570930797024,
1.17123281325947));
#7179=CARTESIAN_POINT('Ctrl Pts',(-0.258347862797443,0.835992463397451,
1.16962336987074));
#7180=CARTESIAN_POINT('Ctrl Pts',(-0.257719200682319,0.836185342151562,
1.1673419608259));
#7181=CARTESIAN_POINT('Ctrl Pts',(-0.258040163184488,0.836086283934693,
1.16518942668197));
#7182=CARTESIAN_POINT('',(-0.259514678402685,0.840863919842891,1.16518942668197));
#7183=CARTESIAN_POINT('Ctrl Pts',(-0.259514678402685,0.840863919842891,
1.16518942668197));
#7184=CARTESIAN_POINT('Ctrl Pts',(-0.259191881829075,0.840963544106714,
1.1673419608259));
#7185=CARTESIAN_POINT('Ctrl Pts',(-0.259824136299143,0.840769563188294,
1.16962336987074));
#7186=CARTESIAN_POINT('Ctrl Pts',(-0.261188123525745,0.84034562183015,1.17123281325947));
#7187=CARTESIAN_POINT('',(-0.258040163184488,0.836086283934693,1.16518942668197));
#7188=CARTESIAN_POINT('Ctrl Pts',(-0.269632057774928,0.832420298539181,
1.15185842687797));
#7189=CARTESIAN_POINT('Ctrl Pts',(-0.27014564264688,0.834005861012588,1.15185842687797));
#7190=CARTESIAN_POINT('Ctrl Pts',(-0.270659227518832,0.835591423485996,
1.15185842687797));
#7191=CARTESIAN_POINT('Ctrl Pts',(-0.271172812390784,0.837176985959404,
1.15185842687797));
#7192=CARTESIAN_POINT('Ctrl Pts',(-0.268037428453648,0.832936820284313,
1.15201435218289));
#7193=CARTESIAN_POINT('Ctrl Pts',(-0.268547975953884,0.834523366666248,
1.15201435218289));
#7194=CARTESIAN_POINT('Ctrl Pts',(-0.269058523401719,0.836109912875431,
1.15201435218289));
#7195=CARTESIAN_POINT('Ctrl Pts',(-0.269569070901955,0.837696459257366,
1.15201435218289));
#7196=CARTESIAN_POINT('Ctrl Pts',(-0.266494071230548,0.833431560662955,
1.15248213571149));
#7197=CARTESIAN_POINT('Ctrl Pts',(-0.267001678988479,0.835019049359519,
1.15248213571149));
#7198=CARTESIAN_POINT('Ctrl Pts',(-0.267509286736791,0.836606538027322,
1.15248213571149));
#7199=CARTESIAN_POINT('Ctrl Pts',(-0.268016894494722,0.838194026723886,
1.15248213571149));
#7200=CARTESIAN_POINT('Ctrl Pts',(-0.263682827675292,0.834325157450062,
1.15398059023447));
#7201=CARTESIAN_POINT('Ctrl Pts',(-0.264185080679401,0.835914348224051,
1.15398059023447));
#7202=CARTESIAN_POINT('Ctrl Pts',(-0.264687333686471,0.837503539004359,
1.15398059023447));
#7203=CARTESIAN_POINT('Ctrl Pts',(-0.265189586690579,0.839092729778348,
1.15398059023447));
#7204=CARTESIAN_POINT('Ctrl Pts',(-0.262437082856989,0.834717313337151,
1.15497843927794));
#7205=CARTESIAN_POINT('Ctrl Pts',(-0.262936963020684,0.836307251096154,
1.15497843927794));
#7206=CARTESIAN_POINT('Ctrl Pts',(-0.263436843166762,0.837897188797217,
1.15497843927794));
#7207=CARTESIAN_POINT('Ctrl Pts',(-0.263936723330457,0.83948712655622,1.15497843927794));
#7208=CARTESIAN_POINT('Ctrl Pts',(-0.260342846439864,0.835372849203496,
1.15738489543889));
#7209=CARTESIAN_POINT('Ctrl Pts',(-0.260838737568058,0.83696403555753,1.15738489543889));
#7210=CARTESIAN_POINT('Ctrl Pts',(-0.261334628719898,0.838555221987768,
1.15738489543889));
#7211=CARTESIAN_POINT('Ctrl Pts',(-0.261830519848092,0.840146408341802,
1.15738489543889));
#7212=CARTESIAN_POINT('Ctrl Pts',(-0.259507440413675,0.835632251445958,
1.15877988644567));
#7213=CARTESIAN_POINT('Ctrl Pts',(-0.260001740298431,0.837223931920265,
1.15877988644567));
#7214=CARTESIAN_POINT('Ctrl Pts',(-0.260496040188426,0.838815612408486,
1.15877988644567));
#7215=CARTESIAN_POINT('Ctrl Pts',(-0.260990340073182,0.840407292882793,
1.15877988644567));
#7216=CARTESIAN_POINT('Ctrl Pts',(-0.258342676297511,0.83599308015087,1.16185478719105));
#7217=CARTESIAN_POINT('Ctrl Pts',(-0.258834757581746,0.83758544790912,1.16185478719105));
#7218=CARTESIAN_POINT('Ctrl Pts',(-0.259326838877833,0.839177815707768,
1.16185478719105));
#7219=CARTESIAN_POINT('Ctrl Pts',(-0.259818920162068,0.840770183466018,
1.16185478719105));
#7220=CARTESIAN_POINT('Ctrl Pts',(-0.258040163018595,0.836086283985892,
1.16350935451026));
#7221=CARTESIAN_POINT('Ctrl Pts',(-0.25853166806419,0.837678829202985,1.16350935451026));
#7222=CARTESIAN_POINT('Ctrl Pts',(-0.25902317319025,0.83927137467729,1.16350935451026));
#7223=CARTESIAN_POINT('Ctrl Pts',(-0.259514678235844,0.840863919894383,
1.16350935451026));
#7224=CARTESIAN_POINT('Ctrl Pts',(-0.258040163184488,0.836086283934693,
1.16518942668197));
#7225=CARTESIAN_POINT('Ctrl Pts',(-0.258531668257221,0.837678829237425,
1.16518942668197));
#7226=CARTESIAN_POINT('Ctrl Pts',(-0.259023173329953,0.839271374540158,
1.16518942668197));
#7227=CARTESIAN_POINT('Ctrl Pts',(-0.259514678402685,0.840863919842891,
1.16518942668197));
#7228=CARTESIAN_POINT('',(-0.269632057774928,0.832420298539181,1.15185842687797));
#7229=CARTESIAN_POINT('Ctrl Pts',(-0.258040163184488,0.836086283934693,
1.16518942668197));
#7230=CARTESIAN_POINT('Ctrl Pts',(-0.258040163018595,0.836086283985892,
1.16350935451026));
#7231=CARTESIAN_POINT('Ctrl Pts',(-0.258342676297511,0.83599308015087,1.16185478719105));
#7232=CARTESIAN_POINT('Ctrl Pts',(-0.259507440413675,0.835632251445958,
1.15877988644567));
#7233=CARTESIAN_POINT('Ctrl Pts',(-0.260342846439864,0.835372849203496,
1.15738489543889));
#7234=CARTESIAN_POINT('Ctrl Pts',(-0.262437082856989,0.834717313337151,
1.15497843927794));
#7235=CARTESIAN_POINT('Ctrl Pts',(-0.263682827675292,0.834325157450062,
1.15398059023447));
#7236=CARTESIAN_POINT('Ctrl Pts',(-0.266494071230548,0.833431560662955,
1.15248213571149));
#7237=CARTESIAN_POINT('Ctrl Pts',(-0.268037428453648,0.832936820284313,
1.15201435218289));
#7238=CARTESIAN_POINT('Ctrl Pts',(-0.269632057774928,0.832420298539181,
1.15185842687797));
#7239=CARTESIAN_POINT('',(-0.271172812390784,0.837176985959404,1.15185842687797));
#7240=CARTESIAN_POINT('Ctrl Pts',(-0.271172812390784,0.837176985959404,
1.15185842687797));
#7241=CARTESIAN_POINT('Ctrl Pts',(-0.269569070901955,0.837696459257366,
1.15201435218289));
#7242=CARTESIAN_POINT('Ctrl Pts',(-0.268016894494722,0.838194026723886,
1.15248213571149));
#7243=CARTESIAN_POINT('Ctrl Pts',(-0.265189586690579,0.839092729778348,
1.15398059023447));
#7244=CARTESIAN_POINT('Ctrl Pts',(-0.263936723330457,0.83948712655622,1.15497843927794));
#7245=CARTESIAN_POINT('Ctrl Pts',(-0.261830519848092,0.840146408341802,
1.15738489543889));
#7246=CARTESIAN_POINT('Ctrl Pts',(-0.260990340073182,0.840407292882793,
1.15877988644567));
#7247=CARTESIAN_POINT('Ctrl Pts',(-0.259818920162068,0.840770183466018,
1.16185478719105));
#7248=CARTESIAN_POINT('Ctrl Pts',(-0.259514678235844,0.840863919894383,
1.16350935451026));
#7249=CARTESIAN_POINT('Ctrl Pts',(-0.259514678402685,0.840863919842891,
1.16518942668197));
#7250=CARTESIAN_POINT('',(-0.269632057774928,0.832420298539181,1.15185842687797));
#7251=CARTESIAN_POINT('Ctrl Pts',(-0.302769444027692,0.820948027443372,
1.14270447367897));
#7252=CARTESIAN_POINT('Ctrl Pts',(-0.303346147730602,0.822511737971835,
1.14270447367897));
#7253=CARTESIAN_POINT('Ctrl Pts',(-0.303922851433512,0.824075448500299,
1.14270447367897));
#7254=CARTESIAN_POINT('Ctrl Pts',(-0.304499555136421,0.825639159028762,
1.14270447367897));
#7255=CARTESIAN_POINT('Ctrl Pts',(-0.291801760766771,0.82499295995088,1.14575579141197));
#7256=CARTESIAN_POINT('Ctrl Pts',(-0.292357573648654,0.826564375124789,
1.14575579141197));
#7257=CARTESIAN_POINT('Ctrl Pts',(-0.292913386517842,0.828135790262404,
1.14575579141197));
#7258=CARTESIAN_POINT('Ctrl Pts',(-0.293469199399724,0.829707205436314,
1.14575579141197));
#7259=CARTESIAN_POINT('Ctrl Pts',(-0.280753008028954,0.828818074150049,
1.14880710914497));
#7260=CARTESIAN_POINT('Ctrl Pts',(-0.281287775667449,0.830396775255793,
1.14880710914497));
#7261=CARTESIAN_POINT('Ctrl Pts',(-0.281822543293481,0.831975476325163,
1.14880710914497));
#7262=CARTESIAN_POINT('Ctrl Pts',(-0.282357310931976,0.833554177430907,
1.14880710914497));
#7263=CARTESIAN_POINT('Ctrl Pts',(-0.269632057774928,0.83242029853918,1.15185842687797));
#7264=CARTESIAN_POINT('Ctrl Pts',(-0.27014564264688,0.834005861012588,1.15185842687797));
#7265=CARTESIAN_POINT('Ctrl Pts',(-0.270659227518832,0.835591423485996,
1.15185842687797));
#7266=CARTESIAN_POINT('Ctrl Pts',(-0.271172812390785,0.837176985959404,
1.15185842687797));
#7267=CARTESIAN_POINT('',(-0.302769444027692,0.820948027443372,1.14270447367897));
#7268=CARTESIAN_POINT('Ctrl Pts',(-0.269632057774928,0.83242029853918,1.15185842687797));
#7269=CARTESIAN_POINT('Ctrl Pts',(-0.280753008028954,0.828818074150049,
1.14880710914497));
#7270=CARTESIAN_POINT('Ctrl Pts',(-0.291801760766771,0.82499295995088,1.14575579141197));
#7271=CARTESIAN_POINT('Ctrl Pts',(-0.302769444027692,0.820948027443372,
1.14270447367897));
#7272=CARTESIAN_POINT('',(-0.304499555136421,0.825639159028762,1.14270447367897));
#7273=CARTESIAN_POINT('Ctrl Pts',(-0.304499555136421,0.825639159028762,
1.14270447367897));
#7274=CARTESIAN_POINT('Ctrl Pts',(-0.293469199399724,0.829707205436314,
1.14575579141197));
#7275=CARTESIAN_POINT('Ctrl Pts',(-0.282357310931976,0.833554177430907,
1.14880710914497));
#7276=CARTESIAN_POINT('Ctrl Pts',(-0.271172812390785,0.837176985959404,
1.15185842687797));
#7277=CARTESIAN_POINT('',(-0.302769444027692,0.820948027443372,1.14270447367897));
#7278=CARTESIAN_POINT('Origin',(-0.30363448727232,0.823293597775955,1.13402123773297));
#7279=CARTESIAN_POINT('',(-0.30276941947836,0.820948036497279,1.12533800178697));
#7280=CARTESIAN_POINT('',(-0.302769431753026,0.820948031970325,1.13402123773297));
#7281=CARTESIAN_POINT('',(-0.304499530446808,0.825639168134406,1.12533800178697));
#7282=CARTESIAN_POINT('Ctrl Pts',(-0.304499530446808,0.825639168134406,
1.12533800178697));
#7283=CARTESIAN_POINT('Ctrl Pts',(-0.304499538676679,0.825639165099191,
1.13112682575097));
#7284=CARTESIAN_POINT('Ctrl Pts',(-0.30449954690655,0.825639162063977,1.13691564971497));
#7285=CARTESIAN_POINT('Ctrl Pts',(-0.304499555136421,0.825639159028762,
1.14270447367897));
#7286=CARTESIAN_POINT('',(-0.30276941947836,0.820948036497279,1.12533800178697));
#7287=CARTESIAN_POINT('Ctrl Pts',(-0.244146259645329,0.840248536982479,
1.14165505737447));
#7288=CARTESIAN_POINT('Ctrl Pts',(-0.244611300139892,0.841849010386255,
1.14165505737447));
#7289=CARTESIAN_POINT('Ctrl Pts',(-0.245076340634455,0.843449483790031,
1.14165505737447));
#7290=CARTESIAN_POINT('Ctrl Pts',(-0.245541381129017,0.845049957193807,
1.14165505737447));
#7291=CARTESIAN_POINT('Ctrl Pts',(-0.263906149303122,0.834507017731187,
1.1362160388453));
#7292=CARTESIAN_POINT('Ctrl Pts',(-0.264408827720574,0.836096555024903,
1.1362160388453));
#7293=CARTESIAN_POINT('Ctrl Pts',(-0.264911506024546,0.837686091967363,
1.1362160388453));
#7294=CARTESIAN_POINT('Ctrl Pts',(-0.265414184441997,0.839275629261079,
1.1362160388453));
#7295=CARTESIAN_POINT('Ctrl Pts',(-0.283463414288248,0.828068180189682,
1.13077702031614));
#7296=CARTESIAN_POINT('Ctrl Pts',(-0.284003344640306,0.829645453030509,
1.13077702031614));
#7297=CARTESIAN_POINT('Ctrl Pts',(-0.28454327487498,0.831222725521366,1.13077702031614));
#7298=CARTESIAN_POINT('Ctrl Pts',(-0.285083205227038,0.832799998362194,
1.13077702031614));
#7299=CARTESIAN_POINT('Ctrl Pts',(-0.30276941947836,0.820948036497279,1.12533800178697));
#7300=CARTESIAN_POINT('Ctrl Pts',(-0.303346123134509,0.822511747042988,
1.12533800178697));
#7301=CARTESIAN_POINT('Ctrl Pts',(-0.303922826790659,0.824075457588697,
1.12533800178697));
#7302=CARTESIAN_POINT('Ctrl Pts',(-0.304499530446808,0.825639168134406,
1.12533800178697));
#7303=CARTESIAN_POINT('Ctrl Pts',(-0.30276941947836,0.820948036497279,1.12533800178697));
#7304=CARTESIAN_POINT('Ctrl Pts',(-0.283463414288248,0.828068180189682,
1.13077702031614));
#7305=CARTESIAN_POINT('Ctrl Pts',(-0.263906149303122,0.834507017731187,
1.1362160388453));
#7306=CARTESIAN_POINT('Ctrl Pts',(-0.244146259645329,0.840248536982479,
1.14165505737447));
#7307=CARTESIAN_POINT('Ctrl Pts',(-0.245541381129017,0.845049957193807,
1.14165505737447));
#7308=CARTESIAN_POINT('Ctrl Pts',(-0.265414184441997,0.839275629261079,
1.1362160388453));
#7309=CARTESIAN_POINT('Ctrl Pts',(-0.285083205227038,0.832799998362194,
1.13077702031614));
#7310=CARTESIAN_POINT('Ctrl Pts',(-0.304499530446808,0.825639168134406,
1.12533800178697));
#7311=CARTESIAN_POINT('Origin',(0.,0.,0.));
#7312=CARTESIAN_POINT('Origin',(0.,0.,-3.93136521581856E-234));
#7313=CARTESIAN_POINT('Origin',(0.,0.,-3.93136521581856E-234));
#7314=CARTESIAN_POINT('',(-0.302885510553675,0.82090521224843,1.49597596848447));
#7315=CARTESIAN_POINT('',(-0.244674659160499,0.840094822722229,1.48931046858247));
#7316=CARTESIAN_POINT('Ctrl Pts',(-0.302885510553675,0.82090521224843,1.49597596848447));
#7317=CARTESIAN_POINT('Ctrl Pts',(-0.283713910587121,0.827978866742712,
1.4937541351838));
#7318=CARTESIAN_POINT('Ctrl Pts',(-0.264294417489344,0.834380637189737,
1.49153230188313));
#7319=CARTESIAN_POINT('Ctrl Pts',(-0.244674659160499,0.840094822722229,
1.48931046858247));
#7320=CARTESIAN_POINT('',(-0.244674659160499,0.840094822722229,1.50610752833547));
#7321=CARTESIAN_POINT('',(-0.244674659160481,0.840094822722235,0.));
#7322=CARTESIAN_POINT('',(-0.282803378722508,0.828038192949537,1.50888037629497));
#7323=CARTESIAN_POINT('Ctrl Pts',(-0.244674659160499,0.840094822722229,
1.50610752833547));
#7324=CARTESIAN_POINT('Ctrl Pts',(-0.257473863637129,0.836367099484158,
1.50703181098863));
#7325=CARTESIAN_POINT('Ctrl Pts',(-0.270187862164891,0.832346823562474,
1.5079560936418));
#7326=CARTESIAN_POINT('Ctrl Pts',(-0.282803378722508,0.828038192949537,
1.50888037629497));
#7327=CARTESIAN_POINT('',(-0.244674659160499,0.840094822722229,1.53305392260597));
#7328=CARTESIAN_POINT('Ctrl Pts',(-0.282803378722508,0.828038192949537,
1.50888037629497));
#7329=CARTESIAN_POINT('Ctrl Pts',(-0.270187862164891,0.832346823562474,
1.5169382250653));
#7330=CARTESIAN_POINT('Ctrl Pts',(-0.257473863637129,0.836367099484158,
1.52499607383563));
#7331=CARTESIAN_POINT('Ctrl Pts',(-0.244674659160499,0.840094822722229,
1.53305392260597));
#7332=CARTESIAN_POINT('',(-0.244674659160499,0.840094822722229,1.55159289966697));
#7333=CARTESIAN_POINT('',(-0.244674659160482,0.840094822722234,0.));
#7334=CARTESIAN_POINT('',(-0.302885510553675,0.82090521224843,1.51159990025497));
#7335=CARTESIAN_POINT('Ctrl Pts',(-0.244674659160499,0.840094822722229,
1.55159289966697));
#7336=CARTESIAN_POINT('Ctrl Pts',(-0.264294417489344,0.834380637189737,
1.53826189986297));
#7337=CARTESIAN_POINT('Ctrl Pts',(-0.283713910587122,0.827978866742712,
1.52493090005897));
#7338=CARTESIAN_POINT('Ctrl Pts',(-0.302885510553675,0.82090521224843,1.51159990025497));
#7339=CARTESIAN_POINT('',(-0.302885510553663,0.820905212248434,0.));
#7340=CARTESIAN_POINT('Origin',(0.,0.,0.));
#7341=CARTESIAN_POINT('',(-0.246072800069987,0.844895364566356,1.48931046858247));
#7342=CARTESIAN_POINT('',(-0.304616284899696,0.825596099175564,1.49597596848447));
#7343=CARTESIAN_POINT('Ctrl Pts',(-0.246072800069987,0.844895364566356,
1.48931046858247));
#7344=CARTESIAN_POINT('Ctrl Pts',(-0.265804671303569,0.839148526545107,
1.49153230188313));
#7345=CARTESIAN_POINT('Ctrl Pts',(-0.285335132933334,0.83271017455267,1.4937541351838));
#7346=CARTESIAN_POINT('Ctrl Pts',(-0.304616284899696,0.825596099175564,
1.49597596848447));
#7347=CARTESIAN_POINT('',(-0.304616284899696,0.825596099175564,1.51159990025497));
#7348=CARTESIAN_POINT('',(-0.304616284899696,0.825596099175564,1.49597596848447));
#7349=CARTESIAN_POINT('',(-0.246072800069987,0.844895364566356,1.55159289966697));
#7350=CARTESIAN_POINT('Ctrl Pts',(-0.304616284899696,0.825596099175564,
1.51159990025497));
#7351=CARTESIAN_POINT('Ctrl Pts',(-0.285335132933334,0.83271017455267,1.52493090005897));
#7352=CARTESIAN_POINT('Ctrl Pts',(-0.265804671303569,0.839148526545107,
1.53826189986297));
#7353=CARTESIAN_POINT('Ctrl Pts',(-0.246072800069987,0.844895364566356,
1.55159289966697));
#7354=CARTESIAN_POINT('',(-0.246072800069987,0.844895364566356,1.53305392260597));
#7355=CARTESIAN_POINT('',(-0.246072800069987,0.844895364566356,1.55159289966697));
#7356=CARTESIAN_POINT('',(-0.284419398029494,0.832769839766391,1.50888037629497));
#7357=CARTESIAN_POINT('Ctrl Pts',(-0.246072800069987,0.844895364566356,
1.53305392260597));
#7358=CARTESIAN_POINT('Ctrl Pts',(-0.258945142857912,0.841146340052639,
1.52499607383563));
#7359=CARTESIAN_POINT('Ctrl Pts',(-0.271731792805833,0.837103091125688,
1.5169382250653));
#7360=CARTESIAN_POINT('Ctrl Pts',(-0.284419398029494,0.832769839766391,
1.50888037629497));
#7361=CARTESIAN_POINT('',(-0.246072800069987,0.844895364566356,1.50610752833547));
#7362=CARTESIAN_POINT('Ctrl Pts',(-0.284419398029494,0.832769839766391,
1.50888037629497));
#7363=CARTESIAN_POINT('Ctrl Pts',(-0.271731792805833,0.837103091125688,
1.5079560936418));
#7364=CARTESIAN_POINT('Ctrl Pts',(-0.258945142857913,0.841146340052639,
1.50703181098863));
#7365=CARTESIAN_POINT('Ctrl Pts',(-0.246072800069987,0.844895364566356,
1.50610752833547));
#7366=CARTESIAN_POINT('',(-0.246072800069987,0.844895364566356,1.50610752833547));
#7367=CARTESIAN_POINT('Ctrl Pts',(-0.244674659160499,0.840094822722229,
1.48931046858247));
#7368=CARTESIAN_POINT('Ctrl Pts',(-0.245140706130328,0.841695003336938,
1.48931046858247));
#7369=CARTESIAN_POINT('Ctrl Pts',(-0.245606753100158,0.843295183951648,
1.48931046858247));
#7370=CARTESIAN_POINT('Ctrl Pts',(-0.246072800069987,0.844895364566356,
1.48931046858247));
#7371=CARTESIAN_POINT('Ctrl Pts',(-0.264294417489344,0.834380637189737,
1.49153230188313));
#7372=CARTESIAN_POINT('Ctrl Pts',(-0.264797835464259,0.835969933755394,
1.49153230188313));
#7373=CARTESIAN_POINT('Ctrl Pts',(-0.265301253328653,0.83755922997945,1.49153230188313));
#7374=CARTESIAN_POINT('Ctrl Pts',(-0.265804671303569,0.839148526545107,
1.49153230188313));
#7375=CARTESIAN_POINT('Ctrl Pts',(-0.283713910587121,0.827978866742712,
1.4937541351838));
#7376=CARTESIAN_POINT('Ctrl Pts',(-0.284254318073956,0.829555969459484,
1.4937541351838));
#7377=CARTESIAN_POINT('Ctrl Pts',(-0.284794725446499,0.831133071835898,
1.4937541351838));
#7378=CARTESIAN_POINT('Ctrl Pts',(-0.285335132933334,0.83271017455267,1.4937541351838));
#7379=CARTESIAN_POINT('Ctrl Pts',(-0.302885510553675,0.82090521224843,1.49597596848447));
#7380=CARTESIAN_POINT('Ctrl Pts',(-0.303462435335682,0.822468841224141,
1.49597596848447));
#7381=CARTESIAN_POINT('Ctrl Pts',(-0.304039360117689,0.824032470199853,
1.49597596848447));
#7382=CARTESIAN_POINT('Ctrl Pts',(-0.304616284899696,0.825596099175564,
1.49597596848447));
#7383=CARTESIAN_POINT('',(-0.302885510553675,0.82090521224843,1.49597596848447));
#7384=CARTESIAN_POINT('',(-0.244674659160499,0.840094822722229,1.48931046858247));
#7385=CARTESIAN_POINT('Origin',(-0.302885510553675,0.82090521224843,1.50378793436972));
#7386=CARTESIAN_POINT('',(-0.302885510553675,0.82090521224843,1.51159990025497));
#7387=CARTESIAN_POINT('Ctrl Pts',(-0.302885510553675,0.82090521224843,1.51159990025497));
#7388=CARTESIAN_POINT('Ctrl Pts',(-0.303462435335682,0.822468841224141,
1.51159990025497));
#7389=CARTESIAN_POINT('Ctrl Pts',(-0.304039360117689,0.824032470199852,
1.51159990025497));
#7390=CARTESIAN_POINT('Ctrl Pts',(-0.304616284899696,0.825596099175564,
1.51159990025497));
#7391=CARTESIAN_POINT('Ctrl Pts',(-0.283713910587122,0.827978866742712,
1.52493090005897));
#7392=CARTESIAN_POINT('Ctrl Pts',(-0.284254318073956,0.829555969459484,
1.52493090005897));
#7393=CARTESIAN_POINT('Ctrl Pts',(-0.284794725446499,0.831133071835898,
1.52493090005897));
#7394=CARTESIAN_POINT('Ctrl Pts',(-0.285335132933334,0.83271017455267,1.52493090005897));
#7395=CARTESIAN_POINT('Ctrl Pts',(-0.264294417489344,0.834380637189737,
1.53826189986297));
#7396=CARTESIAN_POINT('Ctrl Pts',(-0.264797835464259,0.835969933755394,
1.53826189986297));
#7397=CARTESIAN_POINT('Ctrl Pts',(-0.265301253328653,0.83755922997945,1.53826189986297));
#7398=CARTESIAN_POINT('Ctrl Pts',(-0.265804671303569,0.839148526545107,
1.53826189986297));
#7399=CARTESIAN_POINT('Ctrl Pts',(-0.244674659160499,0.840094822722229,
1.55159289966697));
#7400=CARTESIAN_POINT('Ctrl Pts',(-0.245140706130328,0.841695003336938,
1.55159289966697));
#7401=CARTESIAN_POINT('Ctrl Pts',(-0.245606753100158,0.843295183951648,
1.55159289966697));
#7402=CARTESIAN_POINT('Ctrl Pts',(-0.246072800069987,0.844895364566356,
1.55159289966697));
#7403=CARTESIAN_POINT('',(-0.244674659160499,0.840094822722229,1.55159289966697));
#7404=CARTESIAN_POINT('Origin',(-0.244674659160499,0.840094822722229,1.54232341113647));
#7405=CARTESIAN_POINT('',(-0.244674659160499,0.840094822722229,1.53305392260597));
#7406=CARTESIAN_POINT('Ctrl Pts',(-0.244674659160499,0.840094822722229,
1.53305392260597));
#7407=CARTESIAN_POINT('Ctrl Pts',(-0.245140706130328,0.841695003336938,
1.53305392260597));
#7408=CARTESIAN_POINT('Ctrl Pts',(-0.245606753100158,0.843295183951648,
1.53305392260597));
#7409=CARTESIAN_POINT('Ctrl Pts',(-0.246072800069987,0.844895364566356,
1.53305392260597));
#7410=CARTESIAN_POINT('Ctrl Pts',(-0.257473863637129,0.836367099484158,
1.52499607383563));
#7411=CARTESIAN_POINT('Ctrl Pts',(-0.257964290050518,0.837960179694343,
1.52499607383563));
#7412=CARTESIAN_POINT('Ctrl Pts',(-0.258454716444524,0.839553259842454,
1.52499607383563));
#7413=CARTESIAN_POINT('Ctrl Pts',(-0.258945142857912,0.841146340052639,
1.52499607383563));
#7414=CARTESIAN_POINT('Ctrl Pts',(-0.270187862164891,0.832346823562474,
1.5169382250653));
#7415=CARTESIAN_POINT('Ctrl Pts',(-0.270702505718482,0.83393224610419,1.5169382250653));
#7416=CARTESIAN_POINT('Ctrl Pts',(-0.271217149252243,0.835517668583973,
1.5169382250653));
#7417=CARTESIAN_POINT('Ctrl Pts',(-0.271731792805833,0.837103091125688,
1.5169382250653));
#7418=CARTESIAN_POINT('Ctrl Pts',(-0.282803378722508,0.828038192949537,
1.50888037629497));
#7419=CARTESIAN_POINT('Ctrl Pts',(-0.283342051824837,0.829615408555155,
1.50888037629497));
#7420=CARTESIAN_POINT('Ctrl Pts',(-0.283880724927165,0.831192624160773,
1.50888037629497));
#7421=CARTESIAN_POINT('Ctrl Pts',(-0.284419398029494,0.832769839766391,
1.50888037629497));
#7422=CARTESIAN_POINT('',(-0.282803378722508,0.828038192949537,1.50888037629497));
#7423=CARTESIAN_POINT('Ctrl Pts',(-0.282803378722508,0.828038192949537,
1.50888037629497));
#7424=CARTESIAN_POINT('Ctrl Pts',(-0.283342051824837,0.829615408555155,
1.50888037629497));
#7425=CARTESIAN_POINT('Ctrl Pts',(-0.283880724927165,0.831192624160773,
1.50888037629497));
#7426=CARTESIAN_POINT('Ctrl Pts',(-0.284419398029494,0.832769839766391,
1.50888037629497));
#7427=CARTESIAN_POINT('Ctrl Pts',(-0.270187862164891,0.832346823562474,
1.5079560936418));
#7428=CARTESIAN_POINT('Ctrl Pts',(-0.270702505718482,0.83393224610419,1.5079560936418));
#7429=CARTESIAN_POINT('Ctrl Pts',(-0.271217149252243,0.835517668583973,
1.5079560936418));
#7430=CARTESIAN_POINT('Ctrl Pts',(-0.271731792805833,0.837103091125688,
1.5079560936418));
#7431=CARTESIAN_POINT('Ctrl Pts',(-0.257473863637129,0.836367099484158,
1.50703181098863));
#7432=CARTESIAN_POINT('Ctrl Pts',(-0.257964290050518,0.837960179694343,
1.50703181098863));
#7433=CARTESIAN_POINT('Ctrl Pts',(-0.258454716444524,0.839553259842454,
1.50703181098863));
#7434=CARTESIAN_POINT('Ctrl Pts',(-0.258945142857913,0.841146340052639,
1.50703181098863));
#7435=CARTESIAN_POINT('Ctrl Pts',(-0.244674659160499,0.840094822722229,
1.50610752833547));
#7436=CARTESIAN_POINT('Ctrl Pts',(-0.245140706130328,0.841695003336938,
1.50610752833547));
#7437=CARTESIAN_POINT('Ctrl Pts',(-0.245606753100158,0.843295183951647,
1.50610752833547));
#7438=CARTESIAN_POINT('Ctrl Pts',(-0.246072800069987,0.844895364566356,
1.50610752833547));
#7439=CARTESIAN_POINT('',(-0.244674659160499,0.840094822722229,1.50610752833547));
#7440=CARTESIAN_POINT('Origin',(-0.244674659160499,0.840094822722229,1.49770899845897));
#7441=CARTESIAN_POINT('Ctrl Pts',(-0.301068443586473,0.82157336390393,1.40939556842447));
#7442=CARTESIAN_POINT('Ctrl Pts',(-0.301641907288542,0.823138265549461,
1.40939556842447));
#7443=CARTESIAN_POINT('Ctrl Pts',(-0.302215370990612,0.824703167194992,
1.40939556842447));
#7444=CARTESIAN_POINT('Ctrl Pts',(-0.302788834692681,0.826268068840524,
1.40939556842447));
#7445=CARTESIAN_POINT('Ctrl Pts',(-0.302971010665268,0.820876161518363,
1.41196462526718));
#7446=CARTESIAN_POINT('Ctrl Pts',(-0.303548110985358,0.822439729948268,
1.41196462526718));
#7447=CARTESIAN_POINT('Ctrl Pts',(-0.304125173263266,0.824003314011421,
1.41196462526718));
#7448=CARTESIAN_POINT('Ctrl Pts',(-0.304702273583356,0.825566882441325,
1.41196462526718));
#7449=CARTESIAN_POINT('Ctrl Pts',(-0.304059578120881,0.820471070700312,
1.41557831778648));
#7450=CARTESIAN_POINT('Ctrl Pts',(-0.304638752334525,0.822033867237908,
1.41557831778648));
#7451=CARTESIAN_POINT('Ctrl Pts',(-0.305217887210785,0.823596680281004,
1.41557831778648));
#7452=CARTESIAN_POINT('Ctrl Pts',(-0.305797061424429,0.8251594768186,1.41557831778648));
#7453=CARTESIAN_POINT('Ctrl Pts',(-0.30412523504941,0.820446732826783,1.41953142365047));
#7454=CARTESIAN_POINT('Ctrl Pts',(-0.304704521211408,0.822009488508357,
1.41953142365047));
#7455=CARTESIAN_POINT('Ctrl Pts',(-0.305283807373407,0.823572244189932,
1.41953142365047));
#7456=CARTESIAN_POINT('Ctrl Pts',(-0.305863093535406,0.825134999871507,
1.41953142365047));
#7457=CARTESIAN_POINT('',(-0.304130362287897,0.820444832212826,1.41972165585653));
#7458=CARTESIAN_POINT('',(-0.301068443586473,0.82157336390393,1.40939556842447));
#7459=CARTESIAN_POINT('Ctrl Pts',(-0.30412523504941,0.820446732826783,1.41953142365047));
#7460=CARTESIAN_POINT('Ctrl Pts',(-0.304059578120881,0.820471070700312,
1.41557831778648));
#7461=CARTESIAN_POINT('Ctrl Pts',(-0.302971010665268,0.820876161518363,
1.41196462526718));
#7462=CARTESIAN_POINT('Ctrl Pts',(-0.301068443586473,0.82157336390393,1.40939556842447));
#7463=CARTESIAN_POINT('',(-0.305868255567995,0.8251330863597,1.41972165565047));
#7464=CARTESIAN_POINT('',(-0.30412523504941,0.820446732826782,1.41953142365047));
#7465=CARTESIAN_POINT('',(-0.302788834692681,0.826268068840524,1.40939556842447));
#7466=CARTESIAN_POINT('Ctrl Pts',(-0.302788834692681,0.826268068840524,
1.40939556842447));
#7467=CARTESIAN_POINT('Ctrl Pts',(-0.304702273583356,0.825566882441325,
1.41196462526718));
#7468=CARTESIAN_POINT('Ctrl Pts',(-0.305797061424429,0.8251594768186,1.41557831778648));
#7469=CARTESIAN_POINT('Ctrl Pts',(-0.305863093535406,0.825134999871507,
1.41953142365047));
#7470=CARTESIAN_POINT('',(-0.301068443586473,0.82157336390393,1.40939556842447));
#7471=CARTESIAN_POINT('Ctrl Pts',(-0.292256065389071,0.824749290538221,
1.40425868983347));
#7472=CARTESIAN_POINT('Ctrl Pts',(-0.29281274360886,0.826320241567818,1.40425868983347));
#7473=CARTESIAN_POINT('Ctrl Pts',(-0.293369421828649,0.827891192597414,
1.40425868983347));
#7474=CARTESIAN_POINT('Ctrl Pts',(-0.293926100048437,0.829462143627011,
1.40425868983347));
#7475=CARTESIAN_POINT('Ctrl Pts',(-0.295730037437146,0.823518262620174,
1.40459819842311));
#7476=CARTESIAN_POINT('Ctrl Pts',(-0.296293346551705,0.825086865208672,
1.40459819842311));
#7477=CARTESIAN_POINT('Ctrl Pts',(-0.296856614250799,0.826655478675221,
1.40459819842311));
#7478=CARTESIAN_POINT('Ctrl Pts',(-0.297419923365358,0.828224081263718,
1.40459819842311));
#7479=CARTESIAN_POINT('Ctrl Pts',(-0.29897691967859,0.822339810182906,1.40649237042844));
#7480=CARTESIAN_POINT('Ctrl Pts',(-0.299546416391584,0.82390616656571,1.40649237042844));
#7481=CARTESIAN_POINT('Ctrl Pts',(-0.300115862506616,0.825472538429719,
1.40649237042844));
#7482=CARTESIAN_POINT('Ctrl Pts',(-0.30068535921961,0.827038894812523,1.40649237042844));
#7483=CARTESIAN_POINT('Ctrl Pts',(-0.301068443586473,0.82157336390393,1.40939556842447));
#7484=CARTESIAN_POINT('Ctrl Pts',(-0.301641907288542,0.823138265549461,
1.40939556842447));
#7485=CARTESIAN_POINT('Ctrl Pts',(-0.302215370990612,0.824703167194992,
1.40939556842447));
#7486=CARTESIAN_POINT('Ctrl Pts',(-0.302788834692681,0.826268068840524,
1.40939556842447));
#7487=CARTESIAN_POINT('',(-0.292256065389071,0.824749290538221,1.40425868983347));
#7488=CARTESIAN_POINT('Ctrl Pts',(-0.301068443586473,0.82157336390393,1.40939556842447));
#7489=CARTESIAN_POINT('Ctrl Pts',(-0.29897691967859,0.822339810182906,1.40649237042844));
#7490=CARTESIAN_POINT('Ctrl Pts',(-0.295730037437146,0.823518262620174,
1.40459819842311));
#7491=CARTESIAN_POINT('Ctrl Pts',(-0.292256065389071,0.824749290538221,
1.40425868983347));
#7492=CARTESIAN_POINT('',(-0.293926100048437,0.829462143627011,1.40425868983347));
#7493=CARTESIAN_POINT('Ctrl Pts',(-0.293926100048437,0.829462143627011,
1.40425868983347));
#7494=CARTESIAN_POINT('Ctrl Pts',(-0.297419923365358,0.828224081263718,
1.40459819842311));
#7495=CARTESIAN_POINT('Ctrl Pts',(-0.30068535921961,0.827038894812523,1.40649237042844));
#7496=CARTESIAN_POINT('Ctrl Pts',(-0.302788834692681,0.826268068840524,
1.40939556842447));
#7497=CARTESIAN_POINT('',(-0.292256065389071,0.824749290538221,1.40425868983347));
#7498=CARTESIAN_POINT('Ctrl Pts',(-0.285040839857818,0.827270644718613,
1.40528962048497));
#7499=CARTESIAN_POINT('Ctrl Pts',(-0.28558377479088,0.828846398327601,1.40528962048497));
#7500=CARTESIAN_POINT('Ctrl Pts',(-0.286126709723943,0.830422151936589,
1.40528962048497));
#7501=CARTESIAN_POINT('Ctrl Pts',(-0.286669644657005,0.831997905545577,
1.40528962048497));
#7502=CARTESIAN_POINT('Ctrl Pts',(-0.287410358512861,0.826454213491658,
1.40466821814747));
#7503=CARTESIAN_POINT('Ctrl Pts',(-0.287957806827796,0.828028412032658,
1.40466821814747));
#7504=CARTESIAN_POINT('Ctrl Pts',(-0.288505255103713,0.829602610456324,
1.40466821814747));
#7505=CARTESIAN_POINT('Ctrl Pts',(-0.289052703418648,0.831176808997324,
1.40466821814747));
#7506=CARTESIAN_POINT('Ctrl Pts',(-0.289826753036204,0.825610135498011,
1.40425868983347));
#7507=CARTESIAN_POINT('Ctrl Pts',(-0.290378804007661,0.827182726271799,
1.40425868983347));
#7508=CARTESIAN_POINT('Ctrl Pts',(-0.29093085493924,0.828755316927069,1.40425868983347));
#7509=CARTESIAN_POINT('Ctrl Pts',(-0.291482905910697,0.830327907700857,
1.40425868983347));
#7510=CARTESIAN_POINT('Ctrl Pts',(-0.292256065389071,0.824749290538221,
1.40425868983347));
#7511=CARTESIAN_POINT('Ctrl Pts',(-0.29281274360886,0.826320241567818,1.40425868983347));
#7512=CARTESIAN_POINT('Ctrl Pts',(-0.293369421828649,0.827891192597414,
1.40425868983347));
#7513=CARTESIAN_POINT('Ctrl Pts',(-0.293926100048437,0.829462143627011,
1.40425868983347));
#7514=CARTESIAN_POINT('',(-0.285040839857818,0.827270644718613,1.40528962048497));
#7515=CARTESIAN_POINT('Ctrl Pts',(-0.292256065389071,0.824749290538221,
1.40425868983347));
#7516=CARTESIAN_POINT('Ctrl Pts',(-0.289826753036204,0.825610135498011,
1.40425868983347));
#7517=CARTESIAN_POINT('Ctrl Pts',(-0.287410358512861,0.826454213491658,
1.40466821814747));
#7518=CARTESIAN_POINT('Ctrl Pts',(-0.285040839857818,0.827270644718613,
1.40528962048497));
#7519=CARTESIAN_POINT('',(-0.286669644657005,0.831997905545577,1.40528962048497));
#7520=CARTESIAN_POINT('Ctrl Pts',(-0.286669644657005,0.831997905545577,
1.40528962048497));
#7521=CARTESIAN_POINT('Ctrl Pts',(-0.289052703418648,0.831176808997324,
1.40466821814747));
#7522=CARTESIAN_POINT('Ctrl Pts',(-0.291482905910697,0.830327907700857,
1.40425868983347));
#7523=CARTESIAN_POINT('Ctrl Pts',(-0.293926100048437,0.829462143627011,
1.40425868983347));
#7524=CARTESIAN_POINT('',(-0.285040839857818,0.827270644718613,1.40528962048497));
#7525=CARTESIAN_POINT('Ctrl Pts',(-0.258312575679062,0.836002161029533,
1.41264833237647));
#7526=CARTESIAN_POINT('Ctrl Pts',(-0.258804599632737,0.837594546098161,
1.41264833237647));
#7527=CARTESIAN_POINT('Ctrl Pts',(-0.259296623586411,0.839186931166788,
1.41264833237647));
#7528=CARTESIAN_POINT('Ctrl Pts',(-0.259788647540086,0.840779316235416,
1.41264833237647));
#7529=CARTESIAN_POINT('Ctrl Pts',(-0.267267997153587,0.833235065326662,
1.41019542841263));
#7530=CARTESIAN_POINT('Ctrl Pts',(-0.267777079054559,0.834822179741848,
1.41019542841263));
#7531=CARTESIAN_POINT('Ctrl Pts',(-0.268286160950635,0.836409294141913,
1.41019542841263));
#7532=CARTESIAN_POINT('Ctrl Pts',(-0.268795242851607,0.8379964085571,1.41019542841263));
#7533=CARTESIAN_POINT('Ctrl Pts',(-0.276178952123182,0.83032405890505,1.4077425244488));
#7534=CARTESIAN_POINT('Ctrl Pts',(-0.276705007271741,0.831905628546091,
1.4077425244488));
#7535=CARTESIAN_POINT('Ctrl Pts',(-0.277231062415327,0.833487198172038,
1.4077425244488));
#7536=CARTESIAN_POINT('Ctrl Pts',(-0.277757117563886,0.835068767813079,
1.4077425244488));
#7537=CARTESIAN_POINT('Ctrl Pts',(-0.285040839857818,0.827270644718613,
1.40528962048497));
#7538=CARTESIAN_POINT('Ctrl Pts',(-0.28558377479088,0.828846398327601,1.40528962048497));
#7539=CARTESIAN_POINT('Ctrl Pts',(-0.286126709723943,0.830422151936589,
1.40528962048497));
#7540=CARTESIAN_POINT('Ctrl Pts',(-0.286669644657005,0.831997905545577,
1.40528962048497));
#7541=CARTESIAN_POINT('',(-0.258312575679062,0.836002161029533,1.41264833237647));
#7542=CARTESIAN_POINT('Ctrl Pts',(-0.285040839857818,0.827270644718613,
1.40528962048497));
#7543=CARTESIAN_POINT('Ctrl Pts',(-0.276178952123182,0.83032405890505,1.4077425244488));
#7544=CARTESIAN_POINT('Ctrl Pts',(-0.267267997153587,0.833235065326662,
1.41019542841263));
#7545=CARTESIAN_POINT('Ctrl Pts',(-0.258312575679062,0.836002161029533,
1.41264833237647));
#7546=CARTESIAN_POINT('',(-0.259788647540086,0.840779316235416,1.41264833237647));
#7547=CARTESIAN_POINT('Ctrl Pts',(-0.259788647540086,0.840779316235416,
1.41264833237647));
#7548=CARTESIAN_POINT('Ctrl Pts',(-0.268795242851607,0.8379964085571,1.41019542841263));
#7549=CARTESIAN_POINT('Ctrl Pts',(-0.277757117563886,0.835068767813079,
1.4077425244488));
#7550=CARTESIAN_POINT('Ctrl Pts',(-0.286669644657005,0.831997905545577,
1.40528962048497));
#7551=CARTESIAN_POINT('',(-0.258312575679062,0.836002161029533,1.41264833237647));
#7552=CARTESIAN_POINT('Origin',(-0.258312575679062,0.836002161029533,1.40896897643072));
#7553=CARTESIAN_POINT('',(-0.258312575679062,0.836002161029533,1.40528962048497));
#7554=CARTESIAN_POINT('',(-0.258312575679056,0.836002161029535,0.));
#7555=CARTESIAN_POINT('',(-0.259788647540086,0.840779316235416,1.40528962048497));
#7556=CARTESIAN_POINT('',(-0.259788647540086,0.840779316235416,1.40528962048497));
#7557=CARTESIAN_POINT('',(-0.258312575679062,0.836002161029533,1.40528962048497));
#7558=CARTESIAN_POINT('Ctrl Pts',(-0.244146942394239,0.840248338599693,
1.40932446975897));
#7559=CARTESIAN_POINT('Ctrl Pts',(-0.244611984189276,0.841848811625597,
1.40932446975897));
#7560=CARTESIAN_POINT('Ctrl Pts',(-0.245077025984312,0.843449284651501,
1.40932446975897));
#7561=CARTESIAN_POINT('Ctrl Pts',(-0.245542067779349,0.845049757677405,
1.40932446975897));
#7562=CARTESIAN_POINT('Ctrl Pts',(-0.24888066864892,0.838872882394522,1.40797952000097));
#7563=CARTESIAN_POINT('Ctrl Pts',(-0.24935472706551,0.840470735504233,1.40797952000097));
#7564=CARTESIAN_POINT('Ctrl Pts',(-0.249828785481752,0.842068588612779,
1.40797952000097));
#7565=CARTESIAN_POINT('Ctrl Pts',(-0.250302843898342,0.843666441722491,
1.40797952000097));
#7566=CARTESIAN_POINT('Ctrl Pts',(-0.253602771211933,0.837457422486454,
1.40663457024297));
#7567=CARTESIAN_POINT('Ctrl Pts',(-0.254085824109596,0.839052579482054,
1.40663457024297));
#7568=CARTESIAN_POINT('Ctrl Pts',(-0.254568877006909,0.84064773647649,1.40663457024297));
#7569=CARTESIAN_POINT('Ctrl Pts',(-0.255051929904572,0.842242893472091,
1.40663457024297));
#7570=CARTESIAN_POINT('Ctrl Pts',(-0.258312575679062,0.836002161029533,
1.40528962048497));
#7571=CARTESIAN_POINT('Ctrl Pts',(-0.258804599632737,0.83759454609816,1.40528962048497));
#7572=CARTESIAN_POINT('Ctrl Pts',(-0.259296623586411,0.839186931166788,
1.40528962048497));
#7573=CARTESIAN_POINT('Ctrl Pts',(-0.259788647540086,0.840779316235416,
1.40528962048497));
#7574=CARTESIAN_POINT('',(-0.244146942394239,0.840248338599693,1.40932446975897));
#7575=CARTESIAN_POINT('Ctrl Pts',(-0.258312575679062,0.836002161029533,
1.40528962048497));
#7576=CARTESIAN_POINT('Ctrl Pts',(-0.253602771211933,0.837457422486454,
1.40663457024297));
#7577=CARTESIAN_POINT('Ctrl Pts',(-0.24888066864892,0.838872882394522,1.40797952000097));
#7578=CARTESIAN_POINT('Ctrl Pts',(-0.244146942394239,0.840248338599693,
1.40932446975897));
#7579=CARTESIAN_POINT('',(-0.245542067779349,0.845049757677405,1.40932446975897));
#7580=CARTESIAN_POINT('Ctrl Pts',(-0.245542067779349,0.845049757677405,
1.40932446975897));
#7581=CARTESIAN_POINT('Ctrl Pts',(-0.250302843898342,0.843666441722491,
1.40797952000097));
#7582=CARTESIAN_POINT('Ctrl Pts',(-0.255051929904572,0.842242893472091,
1.40663457024297));
#7583=CARTESIAN_POINT('Ctrl Pts',(-0.259788647540086,0.840779316235416,
1.40528962048497));
#7584=CARTESIAN_POINT('',(-0.244146942394239,0.840248338599693,1.40932446975897));
#7585=CARTESIAN_POINT('Origin',(-0.244146942394239,0.840248338599693,1.41300382570472));
#7586=CARTESIAN_POINT('',(-0.244146942394239,0.840248338599693,1.41668318165047));
#7587=CARTESIAN_POINT('',(-0.244146942394195,0.840248338599706,0.));
#7588=CARTESIAN_POINT('',(-0.245542067779349,0.845049757677405,1.41668318165047));
#7589=CARTESIAN_POINT('',(-0.245542067779349,0.845049757677405,1.41668318165047));
#7590=CARTESIAN_POINT('',(-0.244146942394239,0.840248338599693,1.41668318165047));
#7591=CARTESIAN_POINT('Ctrl Pts',(-0.229637156493771,0.844329187199789,
1.42077135492397));
#7592=CARTESIAN_POINT('Ctrl Pts',(-0.230074560601378,0.845937433270645,
1.42077135492397));
#7593=CARTESIAN_POINT('Ctrl Pts',(-0.230511964708985,0.847545679341502,
1.42077135492397));
#7594=CARTESIAN_POINT('Ctrl Pts',(-0.230949368816592,0.849153925412359,
1.42077135492397));
#7595=CARTESIAN_POINT('Ctrl Pts',(-0.234485348437955,0.84301059602815,1.41940863049947));
#7596=CARTESIAN_POINT('Ctrl Pts',(-0.234931987197002,0.844616330497196,
1.41940863049947));
#7597=CARTESIAN_POINT('Ctrl Pts',(-0.235378625955696,0.846222064964979,
1.41940863049947));
#7598=CARTESIAN_POINT('Ctrl Pts',(-0.235825264714743,0.847827799434025,
1.41940863049947));
#7599=CARTESIAN_POINT('Ctrl Pts',(-0.23932218294251,0.841650245885687,1.41804590607497));
#7600=CARTESIAN_POINT('Ctrl Pts',(-0.239778034719663,0.843253389211605,
1.41804590607497));
#7601=CARTESIAN_POINT('Ctrl Pts',(-0.240233886496458,0.844856532536259,
1.41804590607497));
#7602=CARTESIAN_POINT('Ctrl Pts',(-0.24068973827361,0.846459675862177,1.41804590607497));
#7603=CARTESIAN_POINT('Ctrl Pts',(-0.244146942394239,0.840248338599693,
1.41668318165047));
#7604=CARTESIAN_POINT('Ctrl Pts',(-0.244611984189276,0.841848811625597,
1.41668318165047));
#7605=CARTESIAN_POINT('Ctrl Pts',(-0.245077025984313,0.843449284651501,
1.41668318165047));
#7606=CARTESIAN_POINT('Ctrl Pts',(-0.245542067779349,0.845049757677405,
1.41668318165047));
#7607=CARTESIAN_POINT('',(-0.229637156493771,0.844329187199789,1.42077135492397));
#7608=CARTESIAN_POINT('Ctrl Pts',(-0.244146942394239,0.840248338599693,
1.41668318165047));
#7609=CARTESIAN_POINT('Ctrl Pts',(-0.23932218294251,0.841650245885687,1.41804590607497));
#7610=CARTESIAN_POINT('Ctrl Pts',(-0.234485348437955,0.84301059602815,1.41940863049947));
#7611=CARTESIAN_POINT('Ctrl Pts',(-0.229637156493771,0.844329187199789,
1.42077135492397));
#7612=CARTESIAN_POINT('',(-0.230949368816592,0.849153925412359,1.42077135492397));
#7613=CARTESIAN_POINT('Ctrl Pts',(-0.230949368816592,0.849153925412359,
1.42077135492397));
#7614=CARTESIAN_POINT('Ctrl Pts',(-0.235825264714743,0.847827799434025,
1.41940863049947));
#7615=CARTESIAN_POINT('Ctrl Pts',(-0.24068973827361,0.846459675862177,1.41804590607497));
#7616=CARTESIAN_POINT('Ctrl Pts',(-0.245542067779349,0.845049757677405,
1.41668318165047));
#7617=CARTESIAN_POINT('',(-0.229637156493771,0.844329187199789,1.42077135492397));
#7618=CARTESIAN_POINT('Origin',(-0.229637156493771,0.844329187199789,1.42938318079722));
#7619=CARTESIAN_POINT('',(-0.229637156493771,0.844329187199789,1.43799500667047));
#7620=CARTESIAN_POINT('',(-0.229637156493793,0.844329187199783,0.));
#7621=CARTESIAN_POINT('',(-0.230949368816592,0.849153925412359,1.43799500667047));
#7622=CARTESIAN_POINT('',(-0.230949368816592,0.849153925412359,1.43799500667047));
#7623=CARTESIAN_POINT('',(-0.229637156493771,0.844329187199789,1.43799500667047));
#7624=CARTESIAN_POINT('Ctrl Pts',(-0.244676024408833,0.840094425097256,
1.43383573473147));
#7625=CARTESIAN_POINT('Ctrl Pts',(-0.245142073979136,0.841694604954584,
1.43383573473147));
#7626=CARTESIAN_POINT('Ctrl Pts',(-0.245608123549438,0.843294784811912,
1.43383573473147));
#7627=CARTESIAN_POINT('Ctrl Pts',(-0.246074173119741,0.84489496466924,1.43383573473147));
#7628=CARTESIAN_POINT('Ctrl Pts',(-0.239675804226549,0.841550730434871,
1.43522215871113));
#7629=CARTESIAN_POINT('Ctrl Pts',(-0.24013232956807,0.843153684207614,1.43522215871113));
#7630=CARTESIAN_POINT('Ctrl Pts',(-0.240588854909179,0.844756637978899,
1.43522215871113));
#7631=CARTESIAN_POINT('Ctrl Pts',(-0.2410453802507,0.846359591751642,1.43522215871113));
#7632=CARTESIAN_POINT('Ctrl Pts',(-0.234662581870019,0.84296239281311,1.4366085826908));
#7633=CARTESIAN_POINT('Ctrl Pts',(-0.235109558216574,0.844568035466574,
1.4366085826908));
#7634=CARTESIAN_POINT('Ctrl Pts',(-0.235556534562721,0.846173678118579,
1.4366085826908));
#7635=CARTESIAN_POINT('Ctrl Pts',(-0.236003510909276,0.847779320772043,
1.4366085826908));
#7636=CARTESIAN_POINT('Ctrl Pts',(-0.229637156493771,0.844329187199789,
1.43799500667047));
#7637=CARTESIAN_POINT('Ctrl Pts',(-0.230074560601378,0.845937433270646,
1.43799500667047));
#7638=CARTESIAN_POINT('Ctrl Pts',(-0.230511964708985,0.847545679341502,
1.43799500667047));
#7639=CARTESIAN_POINT('Ctrl Pts',(-0.230949368816592,0.849153925412359,
1.43799500667047));
#7640=CARTESIAN_POINT('',(-0.244676024408833,0.840094425097256,1.43383573473147));
#7641=CARTESIAN_POINT('Ctrl Pts',(-0.229637156493771,0.844329187199789,
1.43799500667047));
#7642=CARTESIAN_POINT('Ctrl Pts',(-0.234662581870019,0.84296239281311,1.4366085826908));
#7643=CARTESIAN_POINT('Ctrl Pts',(-0.239675804226549,0.841550730434871,
1.43522215871113));
#7644=CARTESIAN_POINT('Ctrl Pts',(-0.244676024408833,0.840094425097256,
1.43383573473147));
#7645=CARTESIAN_POINT('',(-0.246074173119741,0.84489496466924,1.43383573473147));
#7646=CARTESIAN_POINT('Ctrl Pts',(-0.246074173119741,0.84489496466924,1.43383573473147));
#7647=CARTESIAN_POINT('Ctrl Pts',(-0.2410453802507,0.846359591751642,1.43522215871113));
#7648=CARTESIAN_POINT('Ctrl Pts',(-0.236003510909276,0.847779320772043,
1.4366085826908));
#7649=CARTESIAN_POINT('Ctrl Pts',(-0.230949368816592,0.849153925412359,
1.43799500667047));
#7650=CARTESIAN_POINT('',(-0.244676024408833,0.840094425097256,1.43383573473147));
#7651=CARTESIAN_POINT('Origin',(-0.244676024408833,0.840094425097256,1.44077674196297));
#7652=CARTESIAN_POINT('',(-0.244676024408833,0.840094425097256,1.44771774919447));
#7653=CARTESIAN_POINT('',(-0.244676024408816,0.840094425097261,0.));
#7654=CARTESIAN_POINT('',(-0.246074173119741,0.84489496466924,1.44771774919447));
#7655=CARTESIAN_POINT('',(-0.246074173119741,0.84489496466924,1.44771774919447));
#7656=CARTESIAN_POINT('',(-0.244676024408833,0.840094425097256,1.44771774919447));
#7657=CARTESIAN_POINT('Ctrl Pts',(-0.258838980934773,0.835839327830803,
1.44368289992047));
#7658=CARTESIAN_POINT('Ctrl Pts',(-0.259332007565125,0.837431402740957,
1.44368289992047));
#7659=CARTESIAN_POINT('Ctrl Pts',(-0.259825034195477,0.839023477651111,
1.44368289992047));
#7660=CARTESIAN_POINT('Ctrl Pts',(-0.260318060825829,0.840615552561265,
1.44368289992047));
#7661=CARTESIAN_POINT('Ctrl Pts',(-0.254130093824913,0.837297554908986,
1.44502784967847));
#7662=CARTESIAN_POINT('Ctrl Pts',(-0.254614151146601,0.838892407394915,
1.44502784967847));
#7663=CARTESIAN_POINT('Ctrl Pts',(-0.255098208467938,0.84048725987968,1.44502784967847));
#7664=CARTESIAN_POINT('Ctrl Pts',(-0.255582265789626,0.842082112365609,
1.44502784967847));
#7665=CARTESIAN_POINT('Ctrl Pts',(-0.24940888355734,0.838715988190702,1.44637279943647));
#7666=CARTESIAN_POINT('Ctrl Pts',(-0.249883948097565,0.840313542454311,
1.44637279943647));
#7667=CARTESIAN_POINT('Ctrl Pts',(-0.250359012637442,0.841911096716755,
1.44637279943647));
#7668=CARTESIAN_POINT('Ctrl Pts',(-0.250834077177668,0.843508650980364,
1.44637279943647));
#7669=CARTESIAN_POINT('Ctrl Pts',(-0.244676024408833,0.840094425097256,
1.44771774919447));
#7670=CARTESIAN_POINT('Ctrl Pts',(-0.245142073979136,0.841694604954584,
1.44771774919447));
#7671=CARTESIAN_POINT('Ctrl Pts',(-0.245608123549438,0.843294784811912,
1.44771774919447));
#7672=CARTESIAN_POINT('Ctrl Pts',(-0.246074173119741,0.84489496466924,1.44771774919447));
#7673=CARTESIAN_POINT('',(-0.258838980934773,0.835839327830803,1.44368289992047));
#7674=CARTESIAN_POINT('Ctrl Pts',(-0.244676024408833,0.840094425097256,
1.44771774919447));
#7675=CARTESIAN_POINT('Ctrl Pts',(-0.24940888355734,0.838715988190702,1.44637279943647));
#7676=CARTESIAN_POINT('Ctrl Pts',(-0.254130093824913,0.837297554908986,
1.44502784967847));
#7677=CARTESIAN_POINT('Ctrl Pts',(-0.258838980934773,0.835839327830803,
1.44368289992047));
#7678=CARTESIAN_POINT('',(-0.260318060825829,0.840615552561265,1.44368289992047));
#7679=CARTESIAN_POINT('Ctrl Pts',(-0.260318060825829,0.840615552561265,
1.44368289992047));
#7680=CARTESIAN_POINT('Ctrl Pts',(-0.255582265789626,0.842082112365609,
1.44502784967847));
#7681=CARTESIAN_POINT('Ctrl Pts',(-0.250834077177668,0.843508650980364,
1.44637279943647));
#7682=CARTESIAN_POINT('Ctrl Pts',(-0.246074173119741,0.84489496466924,1.44771774919447));
#7683=CARTESIAN_POINT('',(-0.258838980934773,0.835839327830803,1.44368289992047));
#7684=CARTESIAN_POINT('Origin',(-0.258838980934773,0.835839327830803,1.43657303335822));
#7685=CARTESIAN_POINT('',(-0.258838980934773,0.835839327830803,1.42946316679597));
#7686=CARTESIAN_POINT('',(-0.258838980934763,0.835839327830806,0.));
#7687=CARTESIAN_POINT('',(-0.260318060825829,0.840615552561265,1.42946316679597));
#7688=CARTESIAN_POINT('',(-0.260318060825829,0.840615552561265,1.42946316679597));
#7689=CARTESIAN_POINT('',(-0.258838980934773,0.835839327830803,1.42946316679597));
#7690=CARTESIAN_POINT('Ctrl Pts',(-0.282773993970124,0.828048228265833,
1.42294358065047));
#7691=CARTESIAN_POINT('Ctrl Pts',(-0.283312611101496,0.829625462986339,
1.42294358065047));
#7692=CARTESIAN_POINT('Ctrl Pts',(-0.283851228232868,0.831202697706845,
1.42294358065047));
#7693=CARTESIAN_POINT('Ctrl Pts',(-0.284389845364239,0.832779932427352,
1.42294358065047));
#7694=CARTESIAN_POINT('Ctrl Pts',(-0.274833562268484,0.830759842770246,
1.4251167760323));
#7695=CARTESIAN_POINT('Ctrl Pts',(-0.275357054769104,0.832342242473994,
1.4251167760323));
#7696=CARTESIAN_POINT('Ctrl Pts',(-0.275880547266542,0.833924642168043,
1.4251167760323));
#7697=CARTESIAN_POINT('Ctrl Pts',(-0.276404039767161,0.83550704187179,1.4251167760323));
#7698=CARTESIAN_POINT('Ctrl Pts',(-0.266854124098698,0.833357234180124,
1.42728997141413));
#7699=CARTESIAN_POINT('Ctrl Pts',(-0.267362417669455,0.834944581296085,
1.42728997141413));
#7700=CARTESIAN_POINT('Ctrl Pts',(-0.267870711237076,0.836531928402335,
1.42728997141413));
#7701=CARTESIAN_POINT('Ctrl Pts',(-0.268379004807833,0.838119275518296,
1.42728997141413));
#7702=CARTESIAN_POINT('Ctrl Pts',(-0.258838980934773,0.835839327830803,
1.42946316679597));
#7703=CARTESIAN_POINT('Ctrl Pts',(-0.259332007565125,0.837431402740957,
1.42946316679597));
#7704=CARTESIAN_POINT('Ctrl Pts',(-0.259825034195477,0.839023477651111,
1.42946316679597));
#7705=CARTESIAN_POINT('Ctrl Pts',(-0.260318060825829,0.840615552561265,
1.42946316679597));
#7706=CARTESIAN_POINT('',(-0.282773993970124,0.828048228265833,1.42294358065047));
#7707=CARTESIAN_POINT('Ctrl Pts',(-0.258838980934773,0.835839327830803,
1.42946316679597));
#7708=CARTESIAN_POINT('Ctrl Pts',(-0.266854124098698,0.833357234180124,
1.42728997141413));
#7709=CARTESIAN_POINT('Ctrl Pts',(-0.274833562268484,0.830759842770246,
1.4251167760323));
#7710=CARTESIAN_POINT('Ctrl Pts',(-0.282773993970124,0.828048228265833,
1.42294358065047));
#7711=CARTESIAN_POINT('',(-0.284389845364239,0.832779932427352,1.42294358065047));
#7712=CARTESIAN_POINT('Ctrl Pts',(-0.284389845364239,0.832779932427352,
1.42294358065047));
#7713=CARTESIAN_POINT('Ctrl Pts',(-0.276404039767161,0.83550704187179,1.4251167760323));
#7714=CARTESIAN_POINT('Ctrl Pts',(-0.268379004807833,0.838119275518296,
1.42728997141413));
#7715=CARTESIAN_POINT('Ctrl Pts',(-0.260318060825829,0.840615552561265,
1.42946316679597));
#7716=CARTESIAN_POINT('',(-0.282773993970124,0.828048228265833,1.42294358065047));
#7717=CARTESIAN_POINT('Ctrl Pts',(-0.284961641132508,0.827297928852157,
1.42247770965047));
#7718=CARTESIAN_POINT('Ctrl Pts',(-0.285504425210856,0.828873734430923,
1.42247770965047));
#7719=CARTESIAN_POINT('Ctrl Pts',(-0.286047209289203,0.830449540009689,
1.42247770965047));
#7720=CARTESIAN_POINT('Ctrl Pts',(-0.286589993367551,0.832025345588455,
1.42247770965047));
#7721=CARTESIAN_POINT('Ctrl Pts',(-0.284839845575435,0.827339881165363,
1.42258437089505));
#7722=CARTESIAN_POINT('Ctrl Pts',(-0.285382397614661,0.828915766512705,
1.42258437089505));
#7723=CARTESIAN_POINT('Ctrl Pts',(-0.285924949796639,0.830491652281823,
1.42258437089505));
#7724=CARTESIAN_POINT('Ctrl Pts',(-0.286467501835866,0.832067537629165,
1.42258437089505));
#7725=CARTESIAN_POINT('Ctrl Pts',(-0.283999007944967,0.827629892615189,
1.4225843708818));
#7726=CARTESIAN_POINT('Ctrl Pts',(-0.284539958413846,0.829206330437426,
1.4225843708818));
#7727=CARTESIAN_POINT('Ctrl Pts',(-0.285080908950059,0.83078276846504,1.4225843708818));
#7728=CARTESIAN_POINT('Ctrl Pts',(-0.285621859418938,0.832359206287276,
1.4225843708818));
#7729=CARTESIAN_POINT('Ctrl Pts',(-0.282773993970124,0.828048228265833,
1.42294358065047));
#7730=CARTESIAN_POINT('Ctrl Pts',(-0.283312611101496,0.829625462986339,
1.42294358065047));
#7731=CARTESIAN_POINT('Ctrl Pts',(-0.283851228232868,0.831202697706845,
1.42294358065047));
#7732=CARTESIAN_POINT('Ctrl Pts',(-0.284389845364239,0.832779932427352,
1.42294358065047));
#7733=CARTESIAN_POINT('',(-0.284961641132508,0.827297928852157,1.42247770965047));
#7734=CARTESIAN_POINT('Ctrl Pts',(-0.282773993970124,0.828048228265833,
1.42294358065047));
#7735=CARTESIAN_POINT('Ctrl Pts',(-0.283999007944967,0.827629892615189,
1.4225843708818));
#7736=CARTESIAN_POINT('Ctrl Pts',(-0.284839845575435,0.827339881165363,
1.42258437089505));
#7737=CARTESIAN_POINT('Ctrl Pts',(-0.284961641132508,0.827297928852157,
1.42247770965047));
#7738=CARTESIAN_POINT('',(-0.286589993367551,0.832025345588455,1.42247770965047));
#7739=CARTESIAN_POINT('Ctrl Pts',(-0.286589993367551,0.832025345588455,
1.42247770965047));
#7740=CARTESIAN_POINT('Ctrl Pts',(-0.286467501835866,0.832067537629165,
1.42258437089505));
#7741=CARTESIAN_POINT('Ctrl Pts',(-0.285621859418938,0.832359206287276,
1.4225843708818));
#7742=CARTESIAN_POINT('Ctrl Pts',(-0.284389845364239,0.832779932427352,
1.42294358065047));
#7743=CARTESIAN_POINT('',(-0.284961641132508,0.827297928852157,1.42247770965047));
#7744=CARTESIAN_POINT('Ctrl Pts',(-0.289304484351744,0.825789268115039,
1.42373561654547));
#7745=CARTESIAN_POINT('Ctrl Pts',(-0.289855540512414,0.827362200054306,
1.42373561654547));
#7746=CARTESIAN_POINT('Ctrl Pts',(-0.290406596673084,0.828935131993572,
1.42373561654547));
#7747=CARTESIAN_POINT('Ctrl Pts',(-0.290957652833754,0.830508063932839,
1.42373561654547));
#7748=CARTESIAN_POINT('Ctrl Pts',(-0.288449630132669,0.826088755125339,
1.42263358722847));
#7749=CARTESIAN_POINT('Ctrl Pts',(-0.288999057857604,0.82766225709849,1.42263358722847));
#7750=CARTESIAN_POINT('Ctrl Pts',(-0.289548486008492,0.829235760324332,
1.42263358722847));
#7751=CARTESIAN_POINT('Ctrl Pts',(-0.290097913733427,0.830809262297484,
1.42263358722847));
#7752=CARTESIAN_POINT('Ctrl Pts',(-0.287073286175586,0.826570575602524,
1.42220699523446));
#7753=CARTESIAN_POINT('Ctrl Pts',(-0.287620092276615,0.828144995276969,
1.42220699523446));
#7754=CARTESIAN_POINT('Ctrl Pts',(-0.288166898852703,0.829719416360093,
1.42220699523446));
#7755=CARTESIAN_POINT('Ctrl Pts',(-0.288713704953732,0.831293836034539,
1.42220699523446));
#7756=CARTESIAN_POINT('Ctrl Pts',(-0.284961641132508,0.827297928852157,
1.42247770965047));
#7757=CARTESIAN_POINT('Ctrl Pts',(-0.285504425210856,0.828873734430923,
1.42247770965047));
#7758=CARTESIAN_POINT('Ctrl Pts',(-0.286047209289203,0.830449540009689,
1.42247770965047));
#7759=CARTESIAN_POINT('Ctrl Pts',(-0.286589993367551,0.832025345588455,
1.42247770965047));
#7760=CARTESIAN_POINT('',(-0.289304484351744,0.825789268115039,1.42373561654547));
#7761=CARTESIAN_POINT('Ctrl Pts',(-0.284961641132508,0.827297928852157,
1.42247770965047));
#7762=CARTESIAN_POINT('Ctrl Pts',(-0.287073286175586,0.826570575602524,
1.42220699523446));
#7763=CARTESIAN_POINT('Ctrl Pts',(-0.288449630132669,0.826088755125339,
1.42263358722847));
#7764=CARTESIAN_POINT('Ctrl Pts',(-0.289304484351744,0.825789268115039,
1.42373561654547));
#7765=CARTESIAN_POINT('',(-0.290957652833754,0.830508063932839,1.42373561654547));
#7766=CARTESIAN_POINT('Ctrl Pts',(-0.290957652833754,0.830508063932839,
1.42373561654547));
#7767=CARTESIAN_POINT('Ctrl Pts',(-0.290097913733427,0.830809262297484,
1.42263358722847));
#7768=CARTESIAN_POINT('Ctrl Pts',(-0.288713704953732,0.831293836034539,
1.42220699523446));
#7769=CARTESIAN_POINT('Ctrl Pts',(-0.286589993367551,0.832025345588455,
1.42247770965047));
#7770=CARTESIAN_POINT('',(-0.289304484351744,0.825789268115039,1.42373561654547));
#7771=CARTESIAN_POINT('Ctrl Pts',(-0.290188526004999,0.825479024188408,
1.42784358065047));
#7772=CARTESIAN_POINT('Ctrl Pts',(-0.290741266054532,0.827051365186863,
1.42784358065047));
#7773=CARTESIAN_POINT('Ctrl Pts',(-0.291294006104065,0.828623706185316,
1.42784358065047));
#7774=CARTESIAN_POINT('Ctrl Pts',(-0.291846746153599,0.830196047183771,
1.42784358065047));
#7775=CARTESIAN_POINT('Ctrl Pts',(-0.290368089145948,0.825415900642358,
1.42618488706903));
#7776=CARTESIAN_POINT('Ctrl Pts',(-0.290921176788171,0.826988119268859,
1.42618488706903));
#7777=CARTESIAN_POINT('Ctrl Pts',(-0.291474247727417,0.828560344305242,
1.42618488706903));
#7778=CARTESIAN_POINT('Ctrl Pts',(-0.29202733536964,0.830132562931743,1.42618488706903));
#7779=CARTESIAN_POINT('Ctrl Pts',(-0.290056361204266,0.825525857880112,
1.42473553705193));
#7780=CARTESIAN_POINT('Ctrl Pts',(-0.290608854986891,0.827098285997221,
1.42473553705193));
#7781=CARTESIAN_POINT('Ctrl Pts',(-0.291161332342808,0.828670720379459,
1.42473553705193));
#7782=CARTESIAN_POINT('Ctrl Pts',(-0.291713826125433,0.830243148496569,
1.42473553705193));
#7783=CARTESIAN_POINT('Ctrl Pts',(-0.289304484351744,0.825789268115039,
1.42373561654547));
#7784=CARTESIAN_POINT('Ctrl Pts',(-0.289855540512414,0.827362200054306,
1.42373561654547));
#7785=CARTESIAN_POINT('Ctrl Pts',(-0.290406596673084,0.828935131993572,
1.42373561654547));
#7786=CARTESIAN_POINT('Ctrl Pts',(-0.290957652833754,0.830508063932839,
1.42373561654547));
#7787=CARTESIAN_POINT('',(-0.290188526004999,0.825479024188408,1.42784358065047));
#7788=CARTESIAN_POINT('Ctrl Pts',(-0.289304484351744,0.825789268115039,
1.42373561654547));
#7789=CARTESIAN_POINT('Ctrl Pts',(-0.290056361204266,0.825525857880112,
1.42473553705193));
#7790=CARTESIAN_POINT('Ctrl Pts',(-0.290368089145948,0.825415900642358,
1.42618488706903));
#7791=CARTESIAN_POINT('Ctrl Pts',(-0.290188526004999,0.825479024188408,
1.42784358065047));
#7792=CARTESIAN_POINT('',(-0.291846746153599,0.830196047183771,1.42784358065047));
#7793=CARTESIAN_POINT('Ctrl Pts',(-0.291846746153599,0.830196047183771,
1.42784358065047));
#7794=CARTESIAN_POINT('Ctrl Pts',(-0.29202733536964,0.830132562931743,1.42618488706903));
#7795=CARTESIAN_POINT('Ctrl Pts',(-0.291713826125433,0.830243148496569,
1.42473553705193));
#7796=CARTESIAN_POINT('Ctrl Pts',(-0.290957652833754,0.830508063932839,
1.42373561654547));
#7797=CARTESIAN_POINT('',(-0.290188526004999,0.825479024188408,1.42784358065047));
#7798=CARTESIAN_POINT('Ctrl Pts',(-0.287928899358585,0.826269900767391,
1.43653748402547));
#7799=CARTESIAN_POINT('Ctrl Pts',(-0.288477335357363,0.827843748197424,
1.43653748402547));
#7800=CARTESIAN_POINT('Ctrl Pts',(-0.289025771356141,0.829417595627457,
1.43653748402547));
#7801=CARTESIAN_POINT('Ctrl Pts',(-0.289574207354919,0.830991443057491,
1.43653748402547));
#7802=CARTESIAN_POINT('Ctrl Pts',(-0.289103833106444,0.82586047355659,1.43376463606597));
#7803=CARTESIAN_POINT('Ctrl Pts',(-0.289654506992774,0.827433540890095,
1.43376463606597));
#7804=CARTESIAN_POINT('Ctrl Pts',(-0.290205181123579,0.829006608929122,
1.43376463606597));
#7805=CARTESIAN_POINT('Ctrl Pts',(-0.290755855009909,0.830579676262627,
1.43376463606597));
#7806=CARTESIAN_POINT('Ctrl Pts',(-0.289757771224986,0.825630451530617,
1.43077849210997));
#7807=CARTESIAN_POINT('Ctrl Pts',(-0.290309690722471,0.827203080770119,
1.43077849210997));
#7808=CARTESIAN_POINT('Ctrl Pts',(-0.290861610420214,0.828775710585575,
1.43077849210997));
#7809=CARTESIAN_POINT('Ctrl Pts',(-0.2914135299177,0.830348339825077,1.43077849210997));
#7810=CARTESIAN_POINT('Ctrl Pts',(-0.290188526004999,0.825479024188408,
1.42784358065047));
#7811=CARTESIAN_POINT('Ctrl Pts',(-0.290741266054532,0.827051365186863,
1.42784358065047));
#7812=CARTESIAN_POINT('Ctrl Pts',(-0.291294006104065,0.828623706185316,
1.42784358065047));
#7813=CARTESIAN_POINT('Ctrl Pts',(-0.291846746153599,0.830196047183771,
1.42784358065047));
#7814=CARTESIAN_POINT('',(-0.287928899358585,0.826269900767391,1.43653748402547));
#7815=CARTESIAN_POINT('Ctrl Pts',(-0.290188526004999,0.825479024188408,
1.42784358065047));
#7816=CARTESIAN_POINT('Ctrl Pts',(-0.289757771224986,0.825630451530617,
1.43077849210997));
#7817=CARTESIAN_POINT('Ctrl Pts',(-0.289103833106444,0.82586047355659,1.43376463606597));
#7818=CARTESIAN_POINT('Ctrl Pts',(-0.287928899358585,0.826269900767391,
1.43653748402547));
#7819=CARTESIAN_POINT('',(-0.289574207354919,0.830991443057491,1.43653748402547));
#7820=CARTESIAN_POINT('Ctrl Pts',(-0.289574207354919,0.830991443057491,
1.43653748402547));
#7821=CARTESIAN_POINT('Ctrl Pts',(-0.290755855009909,0.830579676262627,
1.43376463606597));
#7822=CARTESIAN_POINT('Ctrl Pts',(-0.2914135299177,0.830348339825077,1.43077849210997));
#7823=CARTESIAN_POINT('Ctrl Pts',(-0.291846746153599,0.830196047183771,
1.42784358065047));
#7824=CARTESIAN_POINT('',(-0.287928899358585,0.826269900767391,1.43653748402547));
#7825=CARTESIAN_POINT('Ctrl Pts',(-0.301785303878794,0.821310313074653,
1.43250263475147));
#7826=CARTESIAN_POINT('Ctrl Pts',(-0.30236013302904,0.822874713670985,1.43250263475147));
#7827=CARTESIAN_POINT('Ctrl Pts',(-0.302934962179285,0.824439114267318,
1.43250263475147));
#7828=CARTESIAN_POINT('Ctrl Pts',(-0.30350979132953,0.826003514863651,1.43250263475147));
#7829=CARTESIAN_POINT('Ctrl Pts',(-0.29718051456996,0.823002313916164,1.43384758450947));
#7830=CARTESIAN_POINT('Ctrl Pts',(-0.297746572693085,0.824569937371617,
1.43384758450947));
#7831=CARTESIAN_POINT('Ctrl Pts',(-0.298312630815807,0.826137560825947,
1.43384758450947));
#7832=CARTESIAN_POINT('Ctrl Pts',(-0.298878688938932,0.827705184281399,
1.43384758450947));
#7833=CARTESIAN_POINT('Ctrl Pts',(-0.292561495278416,0.824655587764907,
1.43519253426747));
#7834=CARTESIAN_POINT('Ctrl Pts',(-0.293118755269556,0.826226360313405,
1.43519253426747));
#7835=CARTESIAN_POINT('Ctrl Pts',(-0.293676015260296,0.82779713286078,1.43519253426747));
#7836=CARTESIAN_POINT('Ctrl Pts',(-0.294233275251435,0.829367905409278,
1.43519253426747));
#7837=CARTESIAN_POINT('Ctrl Pts',(-0.287928899358585,0.826269900767391,
1.43653748402547));
#7838=CARTESIAN_POINT('Ctrl Pts',(-0.288477335357363,0.827843748197424,
1.43653748402547));
#7839=CARTESIAN_POINT('Ctrl Pts',(-0.289025771356141,0.829417595627457,
1.43653748402547));
#7840=CARTESIAN_POINT('Ctrl Pts',(-0.289574207354919,0.830991443057491,
1.43653748402547));
#7841=CARTESIAN_POINT('',(-0.301785303878794,0.821310313074653,1.43250263475147));
#7842=CARTESIAN_POINT('Ctrl Pts',(-0.287928899358585,0.826269900767391,
1.43653748402547));
#7843=CARTESIAN_POINT('Ctrl Pts',(-0.292561495278416,0.824655587764907,
1.43519253426747));
#7844=CARTESIAN_POINT('Ctrl Pts',(-0.29718051456996,0.823002313916164,1.43384758450947));
#7845=CARTESIAN_POINT('Ctrl Pts',(-0.301785303878794,0.821310313074653,
1.43250263475147));
#7846=CARTESIAN_POINT('',(-0.30350979132953,0.826003514863651,1.43250263475147));
#7847=CARTESIAN_POINT('Ctrl Pts',(-0.30350979132953,0.826003514863651,1.43250263475147));
#7848=CARTESIAN_POINT('Ctrl Pts',(-0.298878688938932,0.827705184281399,
1.43384758450947));
#7849=CARTESIAN_POINT('Ctrl Pts',(-0.294233275251435,0.829367905409278,
1.43519253426747));
#7850=CARTESIAN_POINT('Ctrl Pts',(-0.289574207354919,0.830991443057491,
1.43653748402547));
#7851=CARTESIAN_POINT('',(-0.301785303878794,0.821310313074653,1.43250263475147));
#7852=CARTESIAN_POINT('Ctrl Pts',(-0.304143160097042,0.820440088102834,
1.42014358065047));
#7853=CARTESIAN_POINT('Ctrl Pts',(-0.304722480401989,0.822002831127791,
1.42014358065047));
#7854=CARTESIAN_POINT('Ctrl Pts',(-0.305301800706936,0.823565574152749,
1.42014358065047));
#7855=CARTESIAN_POINT('Ctrl Pts',(-0.305881121011882,0.825128317177707,
1.42014358065047));
#7856=CARTESIAN_POINT('Ctrl Pts',(-0.30420171829123,0.820418380150616,1.42419990181038));
#7857=CARTESIAN_POINT('Ctrl Pts',(-0.304781156025086,0.821981079077159,
1.42419990181038));
#7858=CARTESIAN_POINT('Ctrl Pts',(-0.305360576090467,0.823543786253505,
1.42419990181038));
#7859=CARTESIAN_POINT('Ctrl Pts',(-0.305940013824323,0.825106485180048,
1.42419990181038));
#7860=CARTESIAN_POINT('Ctrl Pts',(-0.303388777251219,0.82072112687882,1.42846566312137));
#7861=CARTESIAN_POINT('Ctrl Pts',(-0.303966666446762,0.822284402541703,
1.42846566312137));
#7862=CARTESIAN_POINT('Ctrl Pts',(-0.304544538211398,0.823847686226672,
1.42846566312137));
#7863=CARTESIAN_POINT('Ctrl Pts',(-0.305122427406941,0.825410961889556,
1.42846566312137));
#7864=CARTESIAN_POINT('Ctrl Pts',(-0.301785303878794,0.821310313074653,
1.43250263475147));
#7865=CARTESIAN_POINT('Ctrl Pts',(-0.30236013302904,0.822874713670985,1.43250263475147));
#7866=CARTESIAN_POINT('Ctrl Pts',(-0.302934962179285,0.824439114267318,
1.43250263475147));
#7867=CARTESIAN_POINT('Ctrl Pts',(-0.30350979132953,0.826003514863651,1.43250263475147));
#7868=CARTESIAN_POINT('',(-0.304143160097042,0.820440088102834,1.42014358065047));
#7869=CARTESIAN_POINT('Ctrl Pts',(-0.301785303878794,0.821310313074653,
1.43250263475147));
#7870=CARTESIAN_POINT('Ctrl Pts',(-0.303388777251219,0.82072112687882,1.42846566312137));
#7871=CARTESIAN_POINT('Ctrl Pts',(-0.30420171829123,0.820418380150616,1.42419990181038));
#7872=CARTESIAN_POINT('Ctrl Pts',(-0.304143160097042,0.820440088102834,
1.42014358065047));
#7873=CARTESIAN_POINT('',(-0.305881121011882,0.825128317177707,1.42014358065047));
#7874=CARTESIAN_POINT('Ctrl Pts',(-0.305881121011882,0.825128317177707,
1.42014358065047));
#7875=CARTESIAN_POINT('Ctrl Pts',(-0.305940013824323,0.825106485180048,
1.42419990181038));
#7876=CARTESIAN_POINT('Ctrl Pts',(-0.305122427406941,0.825410961889556,
1.42846566312137));
#7877=CARTESIAN_POINT('Ctrl Pts',(-0.30350979132953,0.826003514863651,1.43250263475147));
#7878=CARTESIAN_POINT('',(-0.304143160097042,0.820440088102834,1.42014358065047));
#7879=CARTESIAN_POINT('Origin',(-0.30500829979293,0.822785626423794,1.42002773415047));
#7880=CARTESIAN_POINT('Origin',(0.,0.,1.42002773415049));
#7881=CARTESIAN_POINT('Ctrl Pts',(-0.305873417600583,0.825131172847893,
1.41991188765047));
#7882=CARTESIAN_POINT('Ctrl Pts',(-0.305875985408793,0.825130220969818,
1.41998911865047));
#7883=CARTESIAN_POINT('Ctrl Pts',(-0.305878553212559,0.825129269079755,
1.42006634965047));
#7884=CARTESIAN_POINT('Ctrl Pts',(-0.305881121011882,0.825128317177707,
1.42014358065047));
#7885=CARTESIAN_POINT('Origin',(0.,0.,0.));
#7886=CARTESIAN_POINT('Origin',(0.,0.,-3.93136521581856E-234));
#7887=CARTESIAN_POINT('Origin',(0.,0.,-3.93136521581856E-234));
#7888=CARTESIAN_POINT('',(-0.303152307191518,0.820806724292912,1.44570921189047));
#7889=CARTESIAN_POINT('',(-0.244145576896259,0.840248735364709,1.46167086232247));
#7890=CARTESIAN_POINT('Ctrl Pts',(-0.303152307191518,0.820806724292912,
1.44570921189047));
#7891=CARTESIAN_POINT('Ctrl Pts',(-0.283721784633958,0.82798308819068,1.45102976203447));
#7892=CARTESIAN_POINT('Ctrl Pts',(-0.264036339877678,0.834469206519721,
1.45635031217847));
#7893=CARTESIAN_POINT('Ctrl Pts',(-0.244145576896259,0.840248735364709,
1.46167086232247));
#7894=CARTESIAN_POINT('',(-0.244145576896259,0.840248735364709,1.47903671140047));
#7895=CARTESIAN_POINT('',(-0.244145576896248,0.840248735364713,0.));
#7896=CARTESIAN_POINT('',(-0.303152307191518,0.820806724292912,1.46264846897447));
#7897=CARTESIAN_POINT('Ctrl Pts',(-0.244145576896259,0.840248735364709,
1.47903671140047));
#7898=CARTESIAN_POINT('Ctrl Pts',(-0.264036339877678,0.834469206519721,
1.47357396392513));
#7899=CARTESIAN_POINT('Ctrl Pts',(-0.283721784633958,0.82798308819068,1.4681112164498));
#7900=CARTESIAN_POINT('Ctrl Pts',(-0.303152307191518,0.820806724292912,
1.46264846897447));
#7901=CARTESIAN_POINT('',(-0.303152307191529,0.820806724292907,0.));
#7902=CARTESIAN_POINT('Origin',(0.,0.,0.));
#7903=CARTESIAN_POINT('',(-0.245540694478523,0.84505015670965,1.46167086232247));
#7904=CARTESIAN_POINT('',(-0.304884606089756,0.825497048431728,1.44570921189047));
#7905=CARTESIAN_POINT('Ctrl Pts',(-0.245540694478523,0.84505015670965,1.46167086232247));
#7906=CARTESIAN_POINT('Ctrl Pts',(-0.265545118962694,0.839237601985548,
1.45635031217847));
#7907=CARTESIAN_POINT('Ctrl Pts',(-0.285343051974723,0.832714420123198,
1.45102976203447));
#7908=CARTESIAN_POINT('Ctrl Pts',(-0.304884606089756,0.825497048431728,
1.44570921189047));
#7909=CARTESIAN_POINT('',(-0.304884606089755,0.825497048431728,1.46264846897447));
#7910=CARTESIAN_POINT('',(-0.304884606089755,0.825497048431728,1.44570921189047));
#7911=CARTESIAN_POINT('',(-0.245540694478523,0.84505015670965,1.47903671140047));
#7912=CARTESIAN_POINT('Ctrl Pts',(-0.304884606089755,0.825497048431728,
1.46264846897447));
#7913=CARTESIAN_POINT('Ctrl Pts',(-0.285343051974723,0.832714420123198,
1.4681112164498));
#7914=CARTESIAN_POINT('Ctrl Pts',(-0.265545118962694,0.839237601985548,
1.47357396392513));
#7915=CARTESIAN_POINT('Ctrl Pts',(-0.245540694478523,0.845050156709651,
1.47903671140047));
#7916=CARTESIAN_POINT('',(-0.245540694478523,0.84505015670965,1.47903671140047));
#7917=CARTESIAN_POINT('Ctrl Pts',(-0.244145576896259,0.840248735364709,
1.46167086232247));
#7918=CARTESIAN_POINT('Ctrl Pts',(-0.244610616090347,0.841849209146356,
1.46167086232247));
#7919=CARTESIAN_POINT('Ctrl Pts',(-0.245075655284435,0.843449682928003,
1.46167086232247));
#7920=CARTESIAN_POINT('Ctrl Pts',(-0.245540694478523,0.84505015670965,1.46167086232247));
#7921=CARTESIAN_POINT('Ctrl Pts',(-0.264036339877678,0.834469206519721,
1.45635031217847));
#7922=CARTESIAN_POINT('Ctrl Pts',(-0.264539266278212,0.836058671795207,
1.45635031217847));
#7923=CARTESIAN_POINT('Ctrl Pts',(-0.265042192562159,0.837648136710062,
1.45635031217847));
#7924=CARTESIAN_POINT('Ctrl Pts',(-0.265545118962694,0.839237601985548,
1.45635031217847));
#7925=CARTESIAN_POINT('Ctrl Pts',(-0.283721784633958,0.82798308819068,1.45102976203447));
#7926=CARTESIAN_POINT('Ctrl Pts',(-0.284262207121087,0.82956019895462,1.45102976203447));
#7927=CARTESIAN_POINT('Ctrl Pts',(-0.284802629487594,0.831137309359258,
1.45102976203447));
#7928=CARTESIAN_POINT('Ctrl Pts',(-0.285343051974723,0.832714420123198,
1.45102976203447));
#7929=CARTESIAN_POINT('Ctrl Pts',(-0.303152307191518,0.820806724292912,
1.44570921189047));
#7930=CARTESIAN_POINT('Ctrl Pts',(-0.303729740157597,0.822370165672517,
1.44570921189047));
#7931=CARTESIAN_POINT('Ctrl Pts',(-0.304307173123676,0.823933607052123,
1.44570921189047));
#7932=CARTESIAN_POINT('Ctrl Pts',(-0.304884606089756,0.825497048431728,
1.44570921189047));
#7933=CARTESIAN_POINT('',(-0.303152307191518,0.820806724292912,1.44570921189047));
#7934=CARTESIAN_POINT('',(-0.244145576896259,0.840248735364709,1.46167086232247));
#7935=CARTESIAN_POINT('Origin',(-0.303152307191518,0.820806724292912,1.45417884043247));
#7936=CARTESIAN_POINT('',(-0.303152307191518,0.820806724292912,1.46264846897447));
#7937=CARTESIAN_POINT('Ctrl Pts',(-0.303152307191518,0.820806724292912,
1.46264846897447));
#7938=CARTESIAN_POINT('Ctrl Pts',(-0.303729740157597,0.822370165672517,
1.46264846897447));
#7939=CARTESIAN_POINT('Ctrl Pts',(-0.304307173123676,0.823933607052123,
1.46264846897447));
#7940=CARTESIAN_POINT('Ctrl Pts',(-0.304884606089755,0.825497048431728,
1.46264846897447));
#7941=CARTESIAN_POINT('Ctrl Pts',(-0.283721784633958,0.82798308819068,1.4681112164498));
#7942=CARTESIAN_POINT('Ctrl Pts',(-0.284262207121087,0.82956019895462,1.4681112164498));
#7943=CARTESIAN_POINT('Ctrl Pts',(-0.284802629487594,0.831137309359258,
1.4681112164498));
#7944=CARTESIAN_POINT('Ctrl Pts',(-0.285343051974723,0.832714420123198,
1.4681112164498));
#7945=CARTESIAN_POINT('Ctrl Pts',(-0.264036339877678,0.834469206519721,
1.47357396392513));
#7946=CARTESIAN_POINT('Ctrl Pts',(-0.264539266278212,0.836058671795207,
1.47357396392513));
#7947=CARTESIAN_POINT('Ctrl Pts',(-0.265042192562159,0.837648136710062,
1.47357396392513));
#7948=CARTESIAN_POINT('Ctrl Pts',(-0.265545118962694,0.839237601985548,
1.47357396392513));
#7949=CARTESIAN_POINT('Ctrl Pts',(-0.244145576896259,0.840248735364709,
1.47903671140047));
#7950=CARTESIAN_POINT('Ctrl Pts',(-0.244610616090347,0.841849209146357,
1.47903671140047));
#7951=CARTESIAN_POINT('Ctrl Pts',(-0.245075655284435,0.843449682928004,
1.47903671140047));
#7952=CARTESIAN_POINT('Ctrl Pts',(-0.245540694478523,0.845050156709651,
1.47903671140047));
#7953=CARTESIAN_POINT('',(-0.244145576896259,0.840248735364709,1.47903671140047));
#7954=CARTESIAN_POINT('Origin',(-0.244145576896259,0.840248735364709,1.47035378686147));
#7955=CARTESIAN_POINT('Origin',(-0.22347229738983,0.845981756481374,1.47594391944572));
#7956=CARTESIAN_POINT('',(-0.22347229738983,0.845981756481374,1.46687883957897));
#7957=CARTESIAN_POINT('',(-0.22347229738983,0.845981756481374,1.48500899931247));
#7958=CARTESIAN_POINT('',(-0.223472297389827,0.845981756481375,0.));
#7959=CARTESIAN_POINT('',(-0.224749281946344,0.850815937946982,1.46687883957897));
#7960=CARTESIAN_POINT('',(-0.22347229738983,0.845981756481374,1.46687883957897));
#7961=CARTESIAN_POINT('',(-0.224749281946344,0.850815937946982,1.48500899931247));
#7962=CARTESIAN_POINT('',(-0.224749281946344,0.850815937946982,1.48500899931247));
#7963=CARTESIAN_POINT('',(-0.22347229738983,0.845981756481374,1.48500899931247));
#7964=CARTESIAN_POINT('Ctrl Pts',(-0.238268019668158,0.841934291262338,
1.48076085404197));
#7965=CARTESIAN_POINT('Ctrl Pts',(-0.238721863515145,0.843537975626647,
1.48076085404197));
#7966=CARTESIAN_POINT('Ctrl Pts',(-0.239175707362132,0.845141659990956,
1.48076085404197));
#7967=CARTESIAN_POINT('Ctrl Pts',(-0.239629551209118,0.846745344355265,
1.48076085404197));
#7968=CARTESIAN_POINT('Ctrl Pts',(-0.23334806450499,0.843326642168756,1.48217690246547));
#7969=CARTESIAN_POINT('Ctrl Pts',(-0.233792537008933,0.844932978630483,
1.48217690246547));
#7970=CARTESIAN_POINT('Ctrl Pts',(-0.234237009512503,0.846539315090852,
1.48217690246547));
#7971=CARTESIAN_POINT('Ctrl Pts',(-0.234681482016447,0.848145651552578,
1.48217690246547));
#7972=CARTESIAN_POINT('Ctrl Pts',(-0.228415904455063,0.844675866348643,
1.48359295088897));
#7973=CARTESIAN_POINT('Ctrl Pts',(-0.228850982368434,0.846284772761188,
1.48359295088897));
#7974=CARTESIAN_POINT('Ctrl Pts',(-0.229286060281436,0.847893679172375,
1.48359295088897));
#7975=CARTESIAN_POINT('Ctrl Pts',(-0.229721138194806,0.849502585584921,
1.48359295088897));
#7976=CARTESIAN_POINT('Ctrl Pts',(-0.22347229738983,0.845981756481374,1.48500899931247));
#7977=CARTESIAN_POINT('Ctrl Pts',(-0.223897958908668,0.847593150303244,
1.48500899931247));
#7978=CARTESIAN_POINT('Ctrl Pts',(-0.224323620427506,0.849204544125113,
1.48500899931247));
#7979=CARTESIAN_POINT('Ctrl Pts',(-0.224749281946343,0.850815937946982,
1.48500899931247));
#7980=CARTESIAN_POINT('',(-0.238268019668158,0.841934291262338,1.48076085404197));
#7981=CARTESIAN_POINT('Ctrl Pts',(-0.22347229738983,0.845981756481374,1.48500899931247));
#7982=CARTESIAN_POINT('Ctrl Pts',(-0.228415904455063,0.844675866348643,
1.48359295088897));
#7983=CARTESIAN_POINT('Ctrl Pts',(-0.23334806450499,0.843326642168756,1.48217690246547));
#7984=CARTESIAN_POINT('Ctrl Pts',(-0.238268019668158,0.841934291262338,
1.48076085404197));
#7985=CARTESIAN_POINT('',(-0.239629551209118,0.846745344355265,1.48076085404197));
#7986=CARTESIAN_POINT('Ctrl Pts',(-0.239629551209118,0.846745344355265,
1.48076085404197));
#7987=CARTESIAN_POINT('Ctrl Pts',(-0.234681482016447,0.848145651552578,
1.48217690246547));
#7988=CARTESIAN_POINT('Ctrl Pts',(-0.229721138194806,0.849502585584921,
1.48359295088897));
#7989=CARTESIAN_POINT('Ctrl Pts',(-0.224749281946343,0.850815937946982,
1.48500899931247));
#7990=CARTESIAN_POINT('',(-0.238268019668158,0.841934291262338,1.48076085404197));
#7991=CARTESIAN_POINT('Origin',(-0.238268019668158,0.841934291262338,1.47170466150822));
#7992=CARTESIAN_POINT('',(-0.238268019668158,0.841934291262338,1.46264846897447));
#7993=CARTESIAN_POINT('',(-0.238268019668163,0.841934291262336,0.));
#7994=CARTESIAN_POINT('',(-0.239629551209119,0.846745344355265,1.46264846897447));
#7995=CARTESIAN_POINT('',(-0.239629551209119,0.846745344355265,1.46264846897447));
#7996=CARTESIAN_POINT('',(-0.238268019668158,0.841934291262338,1.46264846897447));
#7997=CARTESIAN_POINT('Ctrl Pts',(-0.22347229738983,0.845981756481374,1.46687883957897));
#7998=CARTESIAN_POINT('Ctrl Pts',(-0.223897958908668,0.847593150303244,
1.46687883957897));
#7999=CARTESIAN_POINT('Ctrl Pts',(-0.224323620427506,0.849204544125113,
1.46687883957897));
#8000=CARTESIAN_POINT('Ctrl Pts',(-0.224749281946344,0.850815937946982,
1.46687883957897));
#8001=CARTESIAN_POINT('Ctrl Pts',(-0.228415904455063,0.844675866348643,
1.46546871604413));
#8002=CARTESIAN_POINT('Ctrl Pts',(-0.228850982368434,0.846284772761188,
1.46546871604413));
#8003=CARTESIAN_POINT('Ctrl Pts',(-0.229286060281436,0.847893679172375,
1.46546871604413));
#8004=CARTESIAN_POINT('Ctrl Pts',(-0.229721138194807,0.849502585584921,
1.46546871604413));
#8005=CARTESIAN_POINT('Ctrl Pts',(-0.23334806450499,0.843326642168756,1.4640585925093));
#8006=CARTESIAN_POINT('Ctrl Pts',(-0.233792537008933,0.844932978630483,
1.4640585925093));
#8007=CARTESIAN_POINT('Ctrl Pts',(-0.234237009512503,0.846539315090852,
1.4640585925093));
#8008=CARTESIAN_POINT('Ctrl Pts',(-0.234681482016447,0.848145651552578,
1.4640585925093));
#8009=CARTESIAN_POINT('Ctrl Pts',(-0.238268019668158,0.841934291262338,
1.46264846897447));
#8010=CARTESIAN_POINT('Ctrl Pts',(-0.238721863515145,0.843537975626647,
1.46264846897447));
#8011=CARTESIAN_POINT('Ctrl Pts',(-0.239175707362132,0.845141659990956,
1.46264846897447));
#8012=CARTESIAN_POINT('Ctrl Pts',(-0.239629551209119,0.846745344355265,
1.46264846897447));
#8013=CARTESIAN_POINT('Ctrl Pts',(-0.238268019668158,0.841934291262338,
1.46264846897447));
#8014=CARTESIAN_POINT('Ctrl Pts',(-0.23334806450499,0.843326642168756,1.4640585925093));
#8015=CARTESIAN_POINT('Ctrl Pts',(-0.228415904455063,0.844675866348643,
1.46546871604413));
#8016=CARTESIAN_POINT('Ctrl Pts',(-0.22347229738983,0.845981756481374,1.46687883957897));
#8017=CARTESIAN_POINT('Ctrl Pts',(-0.224749281946344,0.850815937946982,
1.46687883957897));
#8018=CARTESIAN_POINT('Ctrl Pts',(-0.229721138194807,0.849502585584921,
1.46546871604413));
#8019=CARTESIAN_POINT('Ctrl Pts',(-0.234681482016447,0.848145651552578,
1.4640585925093));
#8020=CARTESIAN_POINT('Ctrl Pts',(-0.239629551209119,0.846745344355265,
1.46264846897447));
#8021=CARTESIAN_POINT('Origin',(0.,0.,0.));
#8022=CARTESIAN_POINT('Origin',(0.,0.,-3.93136521581856E-234));
#8023=CARTESIAN_POINT('Origin',(0.,0.,-3.93136521581856E-234));
#8024=CARTESIAN_POINT('',(-0.302885510553675,0.82090521224843,1.54652711974147));
#8025=CARTESIAN_POINT('',(-0.244145576896259,0.840248735364709,1.56332417949447));
#8026=CARTESIAN_POINT('Ctrl Pts',(-0.302885510553675,0.82090521224843,1.54652711974147));
#8027=CARTESIAN_POINT('Ctrl Pts',(-0.283541594089907,0.828042445545059,
1.55212613965913));
#8028=CARTESIAN_POINT('Ctrl Pts',(-0.263945306637484,0.834495657452651,
1.5577251595768));
#8029=CARTESIAN_POINT('Ctrl Pts',(-0.244145576896259,0.840248735364709,
1.56332417949447));
#8030=CARTESIAN_POINT('',(-0.244145576896259,0.840248735364709,1.58047673257547));
#8031=CARTESIAN_POINT('',(-0.244145576896241,0.840248735364715,0.));
#8032=CARTESIAN_POINT('',(-0.302885510553675,0.82090521224843,1.56380409548747));
#8033=CARTESIAN_POINT('Ctrl Pts',(-0.244145576896259,0.840248735364709,
1.58047673257547));
#8034=CARTESIAN_POINT('Ctrl Pts',(-0.263945306637484,0.834495657452651,
1.57491918687947));
#8035=CARTESIAN_POINT('Ctrl Pts',(-0.283541594089907,0.828042445545059,
1.56936164118347));
#8036=CARTESIAN_POINT('Ctrl Pts',(-0.302885510553675,0.82090521224843,1.56380409548747));
#8037=CARTESIAN_POINT('',(-0.302885510553687,0.820905212248426,0.));
#8038=CARTESIAN_POINT('Origin',(0.,0.,0.));
#8039=CARTESIAN_POINT('',(-0.245540694478523,0.84505015670965,1.56332417949447));
#8040=CARTESIAN_POINT('',(-0.304616284899696,0.825596099175564,1.54652711974147));
#8041=CARTESIAN_POINT('Ctrl Pts',(-0.245540694478523,0.84505015670965,1.56332417949447));
#8042=CARTESIAN_POINT('Ctrl Pts',(-0.265453565532555,0.839264204066666,
1.5577251595768));
#8043=CARTESIAN_POINT('Ctrl Pts',(-0.285161831770421,0.83277411666246,1.55212613965913));
#8044=CARTESIAN_POINT('Ctrl Pts',(-0.304616284899696,0.825596099175564,
1.54652711974147));
#8045=CARTESIAN_POINT('',(-0.304616284899696,0.825596099175564,1.56380409548747));
#8046=CARTESIAN_POINT('',(-0.304616284899696,0.825596099175564,1.54652711974147));
#8047=CARTESIAN_POINT('',(-0.245540694478523,0.84505015670965,1.58047673257547));
#8048=CARTESIAN_POINT('Ctrl Pts',(-0.304616284899696,0.825596099175564,
1.56380409548747));
#8049=CARTESIAN_POINT('Ctrl Pts',(-0.285161831770421,0.83277411666246,1.56936164118347));
#8050=CARTESIAN_POINT('Ctrl Pts',(-0.265453565532555,0.839264204066666,
1.57491918687947));
#8051=CARTESIAN_POINT('Ctrl Pts',(-0.245540694478523,0.84505015670965,1.58047673257547));
#8052=CARTESIAN_POINT('',(-0.245540694478523,0.84505015670965,1.58047673257547));
#8053=CARTESIAN_POINT('Ctrl Pts',(-0.244145576896259,0.840248735364709,
1.56332417949447));
#8054=CARTESIAN_POINT('Ctrl Pts',(-0.244610616090347,0.841849209146356,
1.56332417949447));
#8055=CARTESIAN_POINT('Ctrl Pts',(-0.245075655284435,0.843449682928003,
1.56332417949447));
#8056=CARTESIAN_POINT('Ctrl Pts',(-0.245540694478523,0.84505015670965,1.56332417949447));
#8057=CARTESIAN_POINT('Ctrl Pts',(-0.263945306637484,0.834495657452651,
1.5577251595768));
#8058=CARTESIAN_POINT('Ctrl Pts',(-0.264448059640647,0.836085173108686,
1.5577251595768));
#8059=CARTESIAN_POINT('Ctrl Pts',(-0.264950812529392,0.837674688410631,
1.5577251595768));
#8060=CARTESIAN_POINT('Ctrl Pts',(-0.265453565532555,0.839264204066666,
1.5577251595768));
#8061=CARTESIAN_POINT('Ctrl Pts',(-0.283541594089907,0.828042445545059,
1.55212613965913));
#8062=CARTESIAN_POINT('Ctrl Pts',(-0.284081673356199,0.829619669368457,
1.55212613965913));
#8063=CARTESIAN_POINT('Ctrl Pts',(-0.284621752504129,0.831196892839063,
1.55212613965913));
#8064=CARTESIAN_POINT('Ctrl Pts',(-0.285161831770421,0.83277411666246,1.55212613965913));
#8065=CARTESIAN_POINT('Ctrl Pts',(-0.302885510553675,0.82090521224843,1.54652711974147));
#8066=CARTESIAN_POINT('Ctrl Pts',(-0.303462435335682,0.822468841224141,
1.54652711974147));
#8067=CARTESIAN_POINT('Ctrl Pts',(-0.304039360117689,0.824032470199853,
1.54652711974147));
#8068=CARTESIAN_POINT('Ctrl Pts',(-0.304616284899696,0.825596099175564,
1.54652711974147));
#8069=CARTESIAN_POINT('',(-0.302885510553675,0.82090521224843,1.54652711974147));
#8070=CARTESIAN_POINT('',(-0.244145576896259,0.840248735364709,1.56332417949447));
#8071=CARTESIAN_POINT('Origin',(-0.302885510553675,0.82090521224843,1.55516560761447));
#8072=CARTESIAN_POINT('',(-0.302885510553675,0.82090521224843,1.56380409548747));
#8073=CARTESIAN_POINT('Ctrl Pts',(-0.302885510553675,0.82090521224843,1.56380409548747));
#8074=CARTESIAN_POINT('Ctrl Pts',(-0.303462435335682,0.822468841224141,
1.56380409548747));
#8075=CARTESIAN_POINT('Ctrl Pts',(-0.304039360117689,0.824032470199853,
1.56380409548747));
#8076=CARTESIAN_POINT('Ctrl Pts',(-0.304616284899696,0.825596099175564,
1.56380409548747));
#8077=CARTESIAN_POINT('Ctrl Pts',(-0.283541594089907,0.828042445545059,
1.56936164118347));
#8078=CARTESIAN_POINT('Ctrl Pts',(-0.284081673356199,0.829619669368457,
1.56936164118347));
#8079=CARTESIAN_POINT('Ctrl Pts',(-0.284621752504129,0.831196892839062,
1.56936164118347));
#8080=CARTESIAN_POINT('Ctrl Pts',(-0.285161831770421,0.83277411666246,1.56936164118347));
#8081=CARTESIAN_POINT('Ctrl Pts',(-0.263945306637484,0.834495657452651,
1.57491918687947));
#8082=CARTESIAN_POINT('Ctrl Pts',(-0.264448059640647,0.836085173108687,
1.57491918687947));
#8083=CARTESIAN_POINT('Ctrl Pts',(-0.264950812529392,0.837674688410631,
1.57491918687947));
#8084=CARTESIAN_POINT('Ctrl Pts',(-0.265453565532555,0.839264204066666,
1.57491918687947));
#8085=CARTESIAN_POINT('Ctrl Pts',(-0.244145576896259,0.840248735364709,
1.58047673257547));
#8086=CARTESIAN_POINT('Ctrl Pts',(-0.244610616090347,0.841849209146356,
1.58047673257547));
#8087=CARTESIAN_POINT('Ctrl Pts',(-0.245075655284435,0.843449682928003,
1.58047673257547));
#8088=CARTESIAN_POINT('Ctrl Pts',(-0.245540694478523,0.84505015670965,1.58047673257547));
#8089=CARTESIAN_POINT('',(-0.244145576896259,0.840248735364709,1.58047673257547));
#8090=CARTESIAN_POINT('Origin',(-0.244145576896259,0.840248735364709,1.57190045603497));
#8091=CARTESIAN_POINT('Ctrl Pts',(-0.300799808337111,0.821671756423669,
1.592275907811));
#8092=CARTESIAN_POINT('Ctrl Pts',(-0.301372760352992,0.823236845483524,
1.592275907811));
#8093=CARTESIAN_POINT('Ctrl Pts',(-0.301945712368872,0.824801934543378,
1.592275907811));
#8094=CARTESIAN_POINT('Ctrl Pts',(-0.302518664384752,0.826367023603233,
1.592275907811));
#8095=CARTESIAN_POINT('Ctrl Pts',(-0.301829609954333,0.821294763875655,
1.5935953214961));
#8096=CARTESIAN_POINT('Ctrl Pts',(-0.302404523473748,0.82285913478927,1.5935953214961));
#8097=CARTESIAN_POINT('Ctrl Pts',(-0.302979437063228,0.824423505898473,
1.5935953214961));
#8098=CARTESIAN_POINT('Ctrl Pts',(-0.303554350582643,0.825987876812087,
1.5935953214961));
#8099=CARTESIAN_POINT('Ctrl Pts',(-0.302618673538359,0.821003813733902,
1.59514487639213));
#8100=CARTESIAN_POINT('Ctrl Pts',(-0.303195090056616,0.82256763051422,1.59514487639213));
#8101=CARTESIAN_POINT('Ctrl Pts',(-0.303771506583178,0.824131447317778,
1.59514487639213));
#8102=CARTESIAN_POINT('Ctrl Pts',(-0.304347923101435,0.825695264098096,
1.59514487639213));
#8103=CARTESIAN_POINT('Ctrl Pts',(-0.303701743361319,0.820603797473747,
1.5984891984361));
#8104=CARTESIAN_POINT('Ctrl Pts',(-0.304280222864878,0.822166852305322,
1.5984891984361));
#8105=CARTESIAN_POINT('Ctrl Pts',(-0.304858702391254,0.823729907199166,
1.5984891984361));
#8106=CARTESIAN_POINT('Ctrl Pts',(-0.305437181894813,0.82529296203074,1.5984891984361));
#8107=CARTESIAN_POINT('Ctrl Pts',(-0.3039373322869,0.82051636420173,1.60022982518347));
#8108=CARTESIAN_POINT('Ctrl Pts',(-0.304516260501033,0.82207925241174,1.60022982518347));
#8109=CARTESIAN_POINT('Ctrl Pts',(-0.305095188828692,0.823642140930015,
1.60022982518347));
#8110=CARTESIAN_POINT('Ctrl Pts',(-0.305674117042825,0.825205029140026,
1.60022982518347));
#8111=CARTESIAN_POINT('Ctrl Pts',(-0.303865420425647,0.820542994772087,
1.60172358065047));
#8112=CARTESIAN_POINT('Ctrl Pts',(-0.304444211702648,0.822105933809748,
1.60172358065047));
#8113=CARTESIAN_POINT('Ctrl Pts',(-0.30502300297965,0.823668872847409,1.60172358065047));
#8114=CARTESIAN_POINT('Ctrl Pts',(-0.305601794256651,0.82523181188507,1.60172358065047));
#8115=CARTESIAN_POINT('',(-0.303867619162693,0.82054218052389,1.60196012243104));
#8116=CARTESIAN_POINT('',(-0.300799808337111,0.821671756423669,1.592275907811));
#8117=CARTESIAN_POINT('Ctrl Pts',(-0.303865420425647,0.820542994772087,
1.60172358065047));
#8118=CARTESIAN_POINT('Ctrl Pts',(-0.3039373322869,0.82051636420173,1.60022982518347));
#8119=CARTESIAN_POINT('Ctrl Pts',(-0.303701743361319,0.820603797473747,
1.5984891984361));
#8120=CARTESIAN_POINT('Ctrl Pts',(-0.302618673538359,0.821003813733902,
1.59514487639213));
#8121=CARTESIAN_POINT('Ctrl Pts',(-0.301829609954333,0.821294763875655,
1.5935953214961));
#8122=CARTESIAN_POINT('Ctrl Pts',(-0.300799808337111,0.821671756423669,
1.592275907811));
#8123=CARTESIAN_POINT('',(-0.305604012209471,0.825230990520763,1.60196012229322));
#8124=CARTESIAN_POINT('',(-0.303865420425647,0.820542994772087,1.60172358065047));
#8125=CARTESIAN_POINT('',(-0.302518664384752,0.826367023603233,1.592275907811));
#8126=CARTESIAN_POINT('Ctrl Pts',(-0.302518664384752,0.826367023603233,
1.592275907811));
#8127=CARTESIAN_POINT('Ctrl Pts',(-0.303554350582643,0.825987876812087,
1.5935953214961));
#8128=CARTESIAN_POINT('Ctrl Pts',(-0.304347923101435,0.825695264098096,
1.59514487639213));
#8129=CARTESIAN_POINT('Ctrl Pts',(-0.305437181894813,0.82529296203074,1.5984891984361));
#8130=CARTESIAN_POINT('Ctrl Pts',(-0.305674117042825,0.825205029140026,
1.60022982518347));
#8131=CARTESIAN_POINT('Ctrl Pts',(-0.305601794256651,0.82523181188507,1.60172358065047));
#8132=CARTESIAN_POINT('',(-0.300799808337111,0.821671756423669,1.592275907811));
#8133=CARTESIAN_POINT('Ctrl Pts',(-0.291717766585092,0.824939843054393,
1.58740816421051));
#8134=CARTESIAN_POINT('Ctrl Pts',(-0.292273419473825,0.826511157041163,
1.58740816421051));
#8135=CARTESIAN_POINT('Ctrl Pts',(-0.292829072362559,0.828082471027933,
1.58740816421051));
#8136=CARTESIAN_POINT('Ctrl Pts',(-0.293384725251292,0.829653785014704,
1.58740816421051));
#8137=CARTESIAN_POINT('Ctrl Pts',(-0.295208196199199,0.823705546590205,
1.58760986449474));
#8138=CARTESIAN_POINT('Ctrl Pts',(-0.295770510999347,0.825274506331833,
1.58760986449474));
#8139=CARTESIAN_POINT('Ctrl Pts',(-0.296332785377332,0.826843475686235,
1.58760986449474));
#8140=CARTESIAN_POINT('Ctrl Pts',(-0.29689510017748,0.828412435427863,1.58760986449474));
#8141=CARTESIAN_POINT('Ctrl Pts',(-0.298580759079569,0.822484111949025,
1.58941878188619));
#8142=CARTESIAN_POINT('Ctrl Pts',(-0.299149501521114,0.82405074337111,1.58941878188619));
#8143=CARTESIAN_POINT('Ctrl Pts',(-0.299718192404192,0.825617389738077,
1.58941878188619));
#8144=CARTESIAN_POINT('Ctrl Pts',(-0.300286934845738,0.827184021160162,
1.58941878188619));
#8145=CARTESIAN_POINT('Ctrl Pts',(-0.300799808337111,0.821671756423669,
1.592275907811));
#8146=CARTESIAN_POINT('Ctrl Pts',(-0.301372760352992,0.823236845483524,
1.592275907811));
#8147=CARTESIAN_POINT('Ctrl Pts',(-0.301945712368872,0.824801934543378,
1.592275907811));
#8148=CARTESIAN_POINT('Ctrl Pts',(-0.302518664384752,0.826367023603233,
1.592275907811));
#8149=CARTESIAN_POINT('',(-0.291717766585092,0.824939843054393,1.58740816421051));
#8150=CARTESIAN_POINT('Ctrl Pts',(-0.300799808337111,0.821671756423669,
1.592275907811));
#8151=CARTESIAN_POINT('Ctrl Pts',(-0.298580759079569,0.822484111949025,
1.58941878188619));
#8152=CARTESIAN_POINT('Ctrl Pts',(-0.295208196199199,0.823705546590205,
1.58760986449474));
#8153=CARTESIAN_POINT('Ctrl Pts',(-0.291717766585092,0.824939843054393,
1.58740816421051));
#8154=CARTESIAN_POINT('',(-0.293384725251292,0.829653785014704,1.58740816421051));
#8155=CARTESIAN_POINT('Ctrl Pts',(-0.293384725251292,0.829653785014704,
1.58740816421051));
#8156=CARTESIAN_POINT('Ctrl Pts',(-0.29689510017748,0.828412435427863,1.58760986449474));
#8157=CARTESIAN_POINT('Ctrl Pts',(-0.300286934845738,0.827184021160162,
1.58941878188619));
#8158=CARTESIAN_POINT('Ctrl Pts',(-0.302518664384752,0.826367023603233,
1.592275907811));
#8159=CARTESIAN_POINT('',(-0.291717766585092,0.824939843054393,1.58740816421051));
#8160=CARTESIAN_POINT('Ctrl Pts',(-0.284585714730341,0.827427320658087,
1.58859975512297));
#8161=CARTESIAN_POINT('Ctrl Pts',(-0.285127782758399,0.829003372697436,
1.58859975512297));
#8162=CARTESIAN_POINT('Ctrl Pts',(-0.285669850786457,0.830579424736785,
1.58859975512297));
#8163=CARTESIAN_POINT('Ctrl Pts',(-0.286211918814515,0.832155476776134,
1.58859975512297));
#8164=CARTESIAN_POINT('Ctrl Pts',(-0.286937149926854,0.826618567007665,
1.58788606794894));
#8165=CARTESIAN_POINT('Ctrl Pts',(-0.287483696903523,0.828193078842109,
1.58788606794894));
#8166=CARTESIAN_POINT('Ctrl Pts',(-0.28803024380691,0.829767589841835,1.58788606794894));
#8167=CARTESIAN_POINT('Ctrl Pts',(-0.288576790783579,0.83134210167628,1.58788606794894));
#8168=CARTESIAN_POINT('Ctrl Pts',(-0.289386899507024,0.825764091445285,
1.58747677634528));
#8169=CARTESIAN_POINT('Ctrl Pts',(-0.289938112886997,0.827336975631755,
1.58747677634528));
#8170=CARTESIAN_POINT('Ctrl Pts',(-0.290489325552806,0.828909859209931,
1.58747677634528));
#8171=CARTESIAN_POINT('Ctrl Pts',(-0.291040538932779,0.830482743396401,
1.58747677634528));
#8172=CARTESIAN_POINT('Ctrl Pts',(-0.291717766585092,0.824939843054393,
1.58740816421051));
#8173=CARTESIAN_POINT('Ctrl Pts',(-0.292273419473825,0.826511157041163,
1.58740816421051));
#8174=CARTESIAN_POINT('Ctrl Pts',(-0.292829072362559,0.828082471027933,
1.58740816421051));
#8175=CARTESIAN_POINT('Ctrl Pts',(-0.293384725251292,0.829653785014704,
1.58740816421051));
#8176=CARTESIAN_POINT('',(-0.284585714730341,0.827427320658087,1.58859975512297));
#8177=CARTESIAN_POINT('Ctrl Pts',(-0.291717766585092,0.824939843054393,
1.58740816421051));
#8178=CARTESIAN_POINT('Ctrl Pts',(-0.289386899507024,0.825764091445285,
1.58747677634528));
#8179=CARTESIAN_POINT('Ctrl Pts',(-0.286937149926854,0.826618567007665,
1.58788606794894));
#8180=CARTESIAN_POINT('Ctrl Pts',(-0.284585714730341,0.827427320658087,
1.58859975512297));
#8181=CARTESIAN_POINT('',(-0.286211918814515,0.832155476776134,1.58859975512297));
#8182=CARTESIAN_POINT('Ctrl Pts',(-0.286211918814515,0.832155476776134,
1.58859975512297));
#8183=CARTESIAN_POINT('Ctrl Pts',(-0.288576790783579,0.83134210167628,1.58788606794894));
#8184=CARTESIAN_POINT('Ctrl Pts',(-0.291040538932779,0.830482743396401,
1.58747677634528));
#8185=CARTESIAN_POINT('Ctrl Pts',(-0.293384725251292,0.829653785014704,
1.58740816421051));
#8186=CARTESIAN_POINT('',(-0.284585714730341,0.827427320658087,1.58859975512297));
#8187=CARTESIAN_POINT('Ctrl Pts',(-0.2583112170811,0.836002580815443,1.59595846701447));
#8188=CARTESIAN_POINT('Ctrl Pts',(-0.258803238446968,0.837594966683663,
1.59595846701447));
#8189=CARTESIAN_POINT('Ctrl Pts',(-0.259295259812837,0.839187352551883,
1.59595846701447));
#8190=CARTESIAN_POINT('Ctrl Pts',(-0.259787281178706,0.840779738420103,
1.59595846701447));
#8191=CARTESIAN_POINT('Ctrl Pts',(-0.267113800763576,0.83328272545057,1.59350556305063));
#8192=CARTESIAN_POINT('Ctrl Pts',(-0.267622588957029,0.834869930646609,
1.59350556305063));
#8193=CARTESIAN_POINT('Ctrl Pts',(-0.268131377145915,0.836457135828534,
1.59350556305063));
#8194=CARTESIAN_POINT('Ctrl Pts',(-0.268640165339368,0.838044341024573,
1.59350556305063));
#8195=CARTESIAN_POINT('Ctrl Pts',(-0.27587342316761,0.830423830030472,1.5910526590868));
#8196=CARTESIAN_POINT('Ctrl Pts',(-0.276398896356142,0.832005589711418,
1.5910526590868));
#8197=CARTESIAN_POINT('Ctrl Pts',(-0.276924369540036,0.833587349378272,
1.5910526590868));
#8198=CARTESIAN_POINT('Ctrl Pts',(-0.277449842728568,0.835169109059217,
1.5910526590868));
#8199=CARTESIAN_POINT('Ctrl Pts',(-0.284585714730341,0.827427320658087,
1.58859975512297));
#8200=CARTESIAN_POINT('Ctrl Pts',(-0.285127782758399,0.829003372697436,
1.58859975512297));
#8201=CARTESIAN_POINT('Ctrl Pts',(-0.285669850786457,0.830579424736785,
1.58859975512297));
#8202=CARTESIAN_POINT('Ctrl Pts',(-0.286211918814515,0.832155476776134,
1.58859975512297));
#8203=CARTESIAN_POINT('',(-0.2583112170811,0.836002580815443,1.59595846701447));
#8204=CARTESIAN_POINT('Ctrl Pts',(-0.284585714730341,0.827427320658087,
1.58859975512297));
#8205=CARTESIAN_POINT('Ctrl Pts',(-0.27587342316761,0.830423830030472,1.5910526590868));
#8206=CARTESIAN_POINT('Ctrl Pts',(-0.267113800763576,0.83328272545057,1.59350556305063));
#8207=CARTESIAN_POINT('Ctrl Pts',(-0.2583112170811,0.836002580815443,1.59595846701447));
#8208=CARTESIAN_POINT('',(-0.259787281178706,0.840779738420103,1.59595846701447));
#8209=CARTESIAN_POINT('Ctrl Pts',(-0.259787281178706,0.840779738420103,
1.59595846701447));
#8210=CARTESIAN_POINT('Ctrl Pts',(-0.268640165339368,0.838044341024573,
1.59350556305063));
#8211=CARTESIAN_POINT('Ctrl Pts',(-0.277449842728568,0.835169109059217,
1.5910526590868));
#8212=CARTESIAN_POINT('Ctrl Pts',(-0.286211918814515,0.832155476776134,
1.58859975512297));
#8213=CARTESIAN_POINT('',(-0.2583112170811,0.836002580815443,1.59595846701447));
#8214=CARTESIAN_POINT('Origin',(-0.2583112170811,0.836002580815443,1.59213691373747));
#8215=CARTESIAN_POINT('',(-0.258311217081099,0.836002580815443,1.58831536046047));
#8216=CARTESIAN_POINT('',(-0.258311217081037,0.836002580815462,0.));
#8217=CARTESIAN_POINT('',(-0.259787281178706,0.840779738420103,1.58831536046047));
#8218=CARTESIAN_POINT('',(-0.259787281178706,0.840779738420103,1.58831536046047));
#8219=CARTESIAN_POINT('',(-0.258311217081099,0.836002580815443,1.58831536046047));
#8220=CARTESIAN_POINT('Ctrl Pts',(-0.244145576896259,0.840248735364709,
1.59235020973447));
#8221=CARTESIAN_POINT('Ctrl Pts',(-0.244610616090347,0.841849209146356,
1.59235020973447));
#8222=CARTESIAN_POINT('Ctrl Pts',(-0.245075655284435,0.843449682928003,
1.59235020973447));
#8223=CARTESIAN_POINT('Ctrl Pts',(-0.245540694478523,0.84505015670965,1.59235020973447));
#8224=CARTESIAN_POINT('Ctrl Pts',(-0.248879305386043,0.838873286852422,
1.59100525997647));
#8225=CARTESIAN_POINT('Ctrl Pts',(-0.249353361205942,0.840471140732529,
1.59100525997647));
#8226=CARTESIAN_POINT('Ctrl Pts',(-0.249827417025493,0.842068994611471,
1.59100525997647));
#8227=CARTESIAN_POINT('Ctrl Pts',(-0.250301472845392,0.843666848491579,
1.59100525997647));
#8228=CARTESIAN_POINT('Ctrl Pts',(-0.253601410249171,0.837457834618351,
1.58966031021847));
#8229=CARTESIAN_POINT('Ctrl Pts',(-0.254084460554525,0.839052992398964,
1.58966031021847));
#8230=CARTESIAN_POINT('Ctrl Pts',(-0.254567510859528,0.840648150178413,
1.58966031021847));
#8231=CARTESIAN_POINT('Ctrl Pts',(-0.255050561164881,0.842243307959027,
1.58966031021847));
#8232=CARTESIAN_POINT('Ctrl Pts',(-0.258311217081099,0.836002580815443,
1.58831536046047));
#8233=CARTESIAN_POINT('Ctrl Pts',(-0.258803238446968,0.837594966683663,
1.58831536046047));
#8234=CARTESIAN_POINT('Ctrl Pts',(-0.259295259812837,0.839187352551883,
1.58831536046047));
#8235=CARTESIAN_POINT('Ctrl Pts',(-0.259787281178706,0.840779738420103,
1.58831536046047));
#8236=CARTESIAN_POINT('',(-0.244145576896259,0.840248735364709,1.59235020973447));
#8237=CARTESIAN_POINT('Ctrl Pts',(-0.258311217081099,0.836002580815443,
1.58831536046047));
#8238=CARTESIAN_POINT('Ctrl Pts',(-0.253601410249171,0.837457834618351,
1.58966031021847));
#8239=CARTESIAN_POINT('Ctrl Pts',(-0.248879305386043,0.838873286852422,
1.59100525997647));
#8240=CARTESIAN_POINT('Ctrl Pts',(-0.244145576896259,0.840248735364709,
1.59235020973447));
#8241=CARTESIAN_POINT('',(-0.245540694478523,0.84505015670965,1.59235020973447));
#8242=CARTESIAN_POINT('Ctrl Pts',(-0.245540694478523,0.84505015670965,1.59235020973447));
#8243=CARTESIAN_POINT('Ctrl Pts',(-0.250301472845392,0.843666848491579,
1.59100525997647));
#8244=CARTESIAN_POINT('Ctrl Pts',(-0.255050561164881,0.842243307959027,
1.58966031021847));
#8245=CARTESIAN_POINT('Ctrl Pts',(-0.259787281178706,0.840779738420103,
1.58831536046047));
#8246=CARTESIAN_POINT('',(-0.244145576896259,0.840248735364709,1.59235020973447));
#8247=CARTESIAN_POINT('Origin',(-0.244145576896259,0.840248735364709,1.59602956568022));
#8248=CARTESIAN_POINT('',(-0.244145576896259,0.840248735364709,1.59970892162597));
#8249=CARTESIAN_POINT('',(-0.244145576896288,0.840248735364701,0.));
#8250=CARTESIAN_POINT('',(-0.245540694478523,0.84505015670965,1.59970892162597));
#8251=CARTESIAN_POINT('',(-0.245540694478523,0.84505015670965,1.59970892162597));
#8252=CARTESIAN_POINT('',(-0.244145576896259,0.840248735364709,1.59970892162597));
#8253=CARTESIAN_POINT('Ctrl Pts',(-0.230184587968404,0.844180108425812,
1.60289058691247));
#8254=CARTESIAN_POINT('Ctrl Pts',(-0.23062303480263,0.8457880705371,1.60289058691247));
#8255=CARTESIAN_POINT('Ctrl Pts',(-0.231061481636855,0.847396032648387,
1.60289058691247));
#8256=CARTESIAN_POINT('Ctrl Pts',(-0.231499928471081,0.849003994759674,
1.60289058691247));
#8257=CARTESIAN_POINT('Ctrl Pts',(-0.234849005556157,0.84290825064353,1.60183003181697));
#8258=CARTESIAN_POINT('Ctrl Pts',(-0.235296336995413,0.844513790168926,
1.60183003181697));
#8259=CARTESIAN_POINT('Ctrl Pts',(-0.235743668434365,0.846119329693239,
1.60183003181697));
#8260=CARTESIAN_POINT('Ctrl Pts',(-0.236190999873621,0.847724869218636,
1.60183003181697));
#8261=CARTESIAN_POINT('Ctrl Pts',(-0.239502881646508,0.841597732944113,
1.60076947672147));
#8262=CARTESIAN_POINT('Ctrl Pts',(-0.239959077611651,0.84320077624532,1.60076947672147));
#8263=CARTESIAN_POINT('Ctrl Pts',(-0.240415273576488,0.844803819545444,
1.60076947672147));
#8264=CARTESIAN_POINT('Ctrl Pts',(-0.240871469541631,0.846406862846651,
1.60076947672147));
#8265=CARTESIAN_POINT('Ctrl Pts',(-0.244145576896259,0.840248735364709,
1.59970892162597));
#8266=CARTESIAN_POINT('Ctrl Pts',(-0.244610616090347,0.841849209146356,
1.59970892162597));
#8267=CARTESIAN_POINT('Ctrl Pts',(-0.245075655284435,0.843449682928003,
1.59970892162597));
#8268=CARTESIAN_POINT('Ctrl Pts',(-0.245540694478523,0.84505015670965,1.59970892162597));
#8269=CARTESIAN_POINT('',(-0.230184587968404,0.844180108425812,1.60289058691247));
#8270=CARTESIAN_POINT('Ctrl Pts',(-0.244145576896259,0.840248735364709,
1.59970892162597));
#8271=CARTESIAN_POINT('Ctrl Pts',(-0.239502881646508,0.841597732944113,
1.60076947672147));
#8272=CARTESIAN_POINT('Ctrl Pts',(-0.234849005556157,0.84290825064353,1.60183003181697));
#8273=CARTESIAN_POINT('Ctrl Pts',(-0.230184587968404,0.844180108425812,
1.60289058691247));
#8274=CARTESIAN_POINT('',(-0.231499928471081,0.849003994759674,1.60289058691247));
#8275=CARTESIAN_POINT('Ctrl Pts',(-0.231499928471081,0.849003994759674,
1.60289058691247));
#8276=CARTESIAN_POINT('Ctrl Pts',(-0.236190999873621,0.847724869218636,
1.60183003181697));
#8277=CARTESIAN_POINT('Ctrl Pts',(-0.240871469541631,0.846406862846651,
1.60076947672147));
#8278=CARTESIAN_POINT('Ctrl Pts',(-0.245540694478523,0.84505015670965,1.59970892162597));
#8279=CARTESIAN_POINT('',(-0.230184587968404,0.844180108425812,1.60289058691247));
#8280=CARTESIAN_POINT('Origin',(-0.230184587968404,0.844180108425812,1.61146686345322));
#8281=CARTESIAN_POINT('',(-0.230184587968404,0.844180108425812,1.62004313999397));
#8282=CARTESIAN_POINT('',(-0.230184587968401,0.844180108425813,0.));
#8283=CARTESIAN_POINT('',(-0.231499928471081,0.849003994759674,1.62004313999397));
#8284=CARTESIAN_POINT('',(-0.231499928471081,0.849003994759674,1.62004313999397));
#8285=CARTESIAN_POINT('',(-0.230184587968404,0.844180108425812,1.62004313999397));
#8286=CARTESIAN_POINT('Ctrl Pts',(-0.245152456523276,0.839955518501191,
1.61595496672047));
#8287=CARTESIAN_POINT('Ctrl Pts',(-0.24561941358332,0.841555433774526,1.61595496672047));
#8288=CARTESIAN_POINT('Ctrl Pts',(-0.246086370643364,0.843155349047862,
1.61595496672047));
#8289=CARTESIAN_POINT('Ctrl Pts',(-0.246553327703409,0.844755264321197,
1.61595496672047));
#8290=CARTESIAN_POINT('Ctrl Pts',(-0.24017581347761,0.841408019545605,1.61731769114497));
#8291=CARTESIAN_POINT('Ctrl Pts',(-0.240633291217702,0.843010701488073,
1.61731769114497));
#8292=CARTESIAN_POINT('Ctrl Pts',(-0.241090768957389,0.844613383429111,
1.61731769114497));
#8293=CARTESIAN_POINT('Ctrl Pts',(-0.241548246697482,0.84621606537158,1.61731769114497));
#8294=CARTESIAN_POINT('Ctrl Pts',(-0.235186261239607,0.842816290338187,
1.61868041556947));
#8295=CARTESIAN_POINT('Ctrl Pts',(-0.235634235070674,0.844421654701214,
1.61868041556947));
#8296=CARTESIAN_POINT('Ctrl Pts',(-0.236082208901338,0.846027019062808,
1.61868041556947));
#8297=CARTESIAN_POINT('Ctrl Pts',(-0.236530182732405,0.847632383425834,
1.61868041556947));
#8298=CARTESIAN_POINT('Ctrl Pts',(-0.230184587968404,0.844180108425812,
1.62004313999397));
#8299=CARTESIAN_POINT('Ctrl Pts',(-0.23062303480263,0.8457880705371,1.62004313999397));
#8300=CARTESIAN_POINT('Ctrl Pts',(-0.231061481636855,0.847396032648387,
1.62004313999397));
#8301=CARTESIAN_POINT('Ctrl Pts',(-0.231499928471081,0.849003994759674,
1.62004313999397));
#8302=CARTESIAN_POINT('',(-0.245152456523276,0.839955518501191,1.61595496672047));
#8303=CARTESIAN_POINT('Ctrl Pts',(-0.230184587968404,0.844180108425812,
1.62004313999397));
#8304=CARTESIAN_POINT('Ctrl Pts',(-0.235186261239607,0.842816290338187,
1.61868041556947));
#8305=CARTESIAN_POINT('Ctrl Pts',(-0.24017581347761,0.841408019545605,1.61731769114497));
#8306=CARTESIAN_POINT('Ctrl Pts',(-0.245152456523276,0.839955518501191,
1.61595496672047));
#8307=CARTESIAN_POINT('',(-0.246553327703409,0.844755264321197,1.61595496672047));
#8308=CARTESIAN_POINT('Ctrl Pts',(-0.246553327703409,0.844755264321197,
1.61595496672047));
#8309=CARTESIAN_POINT('Ctrl Pts',(-0.241548246697482,0.84621606537158,1.61731769114497));
#8310=CARTESIAN_POINT('Ctrl Pts',(-0.236530182732405,0.847632383425834,
1.61868041556947));
#8311=CARTESIAN_POINT('Ctrl Pts',(-0.231499928471081,0.849003994759674,
1.62004313999397));
#8312=CARTESIAN_POINT('',(-0.245152456523276,0.839955518501191,1.61595496672047));
#8313=CARTESIAN_POINT('Origin',(-0.245152456523275,0.839955518501191,1.62307372061572));
#8314=CARTESIAN_POINT('',(-0.245152456523275,0.839955518501191,1.63019247451097));
#8315=CARTESIAN_POINT('',(-0.245152456523294,0.839955518501185,0.));
#8316=CARTESIAN_POINT('',(-0.246553327703408,0.844755264321197,1.63019247451097));
#8317=CARTESIAN_POINT('',(-0.246553327703408,0.844755264321197,1.63019247451097));
#8318=CARTESIAN_POINT('',(-0.245152456523275,0.839955518501191,1.63019247451097));
#8319=CARTESIAN_POINT('Ctrl Pts',(-0.259312997432518,0.835692389197463,
1.62622872390297));
#8320=CARTESIAN_POINT('Ctrl Pts',(-0.259806926951437,0.837284184224505,
1.62622872390297));
#8321=CARTESIAN_POINT('Ctrl Pts',(-0.260300856470356,0.838875979251548,
1.62622872390297));
#8322=CARTESIAN_POINT('Ctrl Pts',(-0.260794785989275,0.840467774278591,
1.62622872390297));
#8323=CARTESIAN_POINT('Ctrl Pts',(-0.254604938134192,0.837153286753214,
1.62754997410563));
#8324=CARTESIAN_POINT('Ctrl Pts',(-0.255089899921232,0.838747864442656,
1.62754997410563));
#8325=CARTESIAN_POINT('Ctrl Pts',(-0.255574861707919,0.840342442130934,
1.62754997410563));
#8326=CARTESIAN_POINT('Ctrl Pts',(-0.256059823494959,0.841937019820376,
1.62754997410563));
#8327=CARTESIAN_POINT('Ctrl Pts',(-0.24988453311052,0.838574397508154,1.6288712243083));
#8328=CARTESIAN_POINT('Ctrl Pts',(-0.250360503649894,0.840171682075224,
1.6288712243083));
#8329=CARTESIAN_POINT('Ctrl Pts',(-0.25083647418892,0.84176896664113,1.6288712243083));
#8330=CARTESIAN_POINT('Ctrl Pts',(-0.251312444728294,0.8433662512082,1.6288712243083));
#8331=CARTESIAN_POINT('Ctrl Pts',(-0.245152456523275,0.839955518501191,
1.63019247451097));
#8332=CARTESIAN_POINT('Ctrl Pts',(-0.24561941358332,0.841555433774526,1.63019247451097));
#8333=CARTESIAN_POINT('Ctrl Pts',(-0.246086370643364,0.843155349047862,
1.63019247451097));
#8334=CARTESIAN_POINT('Ctrl Pts',(-0.246553327703408,0.844755264321198,
1.63019247451097));
#8335=CARTESIAN_POINT('',(-0.259312997432518,0.835692389197463,1.62622872390297));
#8336=CARTESIAN_POINT('Ctrl Pts',(-0.245152456523275,0.839955518501191,
1.63019247451097));
#8337=CARTESIAN_POINT('Ctrl Pts',(-0.24988453311052,0.838574397508154,1.6288712243083));
#8338=CARTESIAN_POINT('Ctrl Pts',(-0.254604938134192,0.837153286753214,
1.62754997410563));
#8339=CARTESIAN_POINT('Ctrl Pts',(-0.259312997432518,0.835692389197463,
1.62622872390297));
#8340=CARTESIAN_POINT('',(-0.260794785989275,0.840467774278591,1.62622872390297));
#8341=CARTESIAN_POINT('Ctrl Pts',(-0.260794785989275,0.840467774278591,
1.62622872390297));
#8342=CARTESIAN_POINT('Ctrl Pts',(-0.256059823494959,0.841937019820376,
1.62754997410563));
#8343=CARTESIAN_POINT('Ctrl Pts',(-0.251312444728294,0.8433662512082,1.6288712243083));
#8344=CARTESIAN_POINT('Ctrl Pts',(-0.246553327703408,0.844755264321198,
1.63019247451097));
#8345=CARTESIAN_POINT('',(-0.259312997432518,0.835692389197463,1.62622872390297));
#8346=CARTESIAN_POINT('Origin',(-0.259312997432518,0.835692389197463,1.61907442067472));
#8347=CARTESIAN_POINT('',(-0.259312997432518,0.835692389197463,1.61192011744647));
#8348=CARTESIAN_POINT('',(-0.259312997432533,0.835692389197458,0.));
#8349=CARTESIAN_POINT('',(-0.260794785989275,0.840467774278591,1.61192011744647));
#8350=CARTESIAN_POINT('',(-0.260794785989275,0.840467774278591,1.61192011744647));
#8351=CARTESIAN_POINT('',(-0.259312997432518,0.835692389197463,1.61192011744647));
#8352=CARTESIAN_POINT('Ctrl Pts',(-0.283661081767908,0.827744761801765,
1.60511242025796));
#8353=CARTESIAN_POINT('Ctrl Pts',(-0.284201388590323,0.829321418490911,
1.60511242025796));
#8354=CARTESIAN_POINT('Ctrl Pts',(-0.284741695412738,0.830898075180058,
1.60511242025796));
#8355=CARTESIAN_POINT('Ctrl Pts',(-0.285282002235153,0.832474731869204,
1.60511242025796));
#8356=CARTESIAN_POINT('Ctrl Pts',(-0.275584407466018,0.830512569313557,
1.60738165265413));
#8357=CARTESIAN_POINT('Ctrl Pts',(-0.276109330148045,0.832094498020476,
1.60738165265413));
#8358=CARTESIAN_POINT('Ctrl Pts',(-0.276634252826653,0.833676426717001,
1.60738165265413));
#8359=CARTESIAN_POINT('Ctrl Pts',(-0.277159175508681,0.83525835542392,1.60738165265413));
#8360=CARTESIAN_POINT('Ctrl Pts',(-0.267467220274622,0.833162156788682,
1.6096508850503));
#8361=CARTESIAN_POINT('Ctrl Pts',(-0.267976681647698,0.834749132328892,
1.6096508850503));
#8362=CARTESIAN_POINT('Ctrl Pts',(-0.268486143017402,0.836336107858693,
1.6096508850503));
#8363=CARTESIAN_POINT('Ctrl Pts',(-0.268995604390477,0.837923083398903,
1.6096508850503));
#8364=CARTESIAN_POINT('Ctrl Pts',(-0.259312997432518,0.835692389197463,
1.61192011744647));
#8365=CARTESIAN_POINT('Ctrl Pts',(-0.259806926951437,0.837284184224505,
1.61192011744647));
#8366=CARTESIAN_POINT('Ctrl Pts',(-0.260300856470356,0.838875979251548,
1.61192011744647));
#8367=CARTESIAN_POINT('Ctrl Pts',(-0.260794785989275,0.840467774278591,
1.61192011744647));
#8368=CARTESIAN_POINT('',(-0.283661081767908,0.827744761801765,1.60511242025796));
#8369=CARTESIAN_POINT('Ctrl Pts',(-0.259312997432518,0.835692389197463,
1.61192011744647));
#8370=CARTESIAN_POINT('Ctrl Pts',(-0.267467220274622,0.833162156788682,
1.6096508850503));
#8371=CARTESIAN_POINT('Ctrl Pts',(-0.275584407466018,0.830512569313557,
1.60738165265413));
#8372=CARTESIAN_POINT('Ctrl Pts',(-0.283661081767908,0.827744761801765,
1.60511242025796));
#8373=CARTESIAN_POINT('',(-0.285282002235153,0.832474731869204,1.60511242025796));
#8374=CARTESIAN_POINT('Ctrl Pts',(-0.285282002235153,0.832474731869204,
1.60511242025796));
#8375=CARTESIAN_POINT('Ctrl Pts',(-0.277159175508681,0.83525835542392,1.60738165265413));
#8376=CARTESIAN_POINT('Ctrl Pts',(-0.268995604390477,0.837923083398903,
1.6096508850503));
#8377=CARTESIAN_POINT('Ctrl Pts',(-0.260794785989275,0.840467774278591,
1.61192011744647));
#8378=CARTESIAN_POINT('',(-0.283661081767908,0.827744761801765,1.60511242025796));
#8379=CARTESIAN_POINT('Ctrl Pts',(-0.2862155643148,0.826864953147708,1.60511242021347));
#8380=CARTESIAN_POINT('Ctrl Pts',(-0.286760736818257,0.828439934010846,
1.60511242021347));
#8381=CARTESIAN_POINT('Ctrl Pts',(-0.287305909321714,0.830014914873985,
1.60511242021347));
#8382=CARTESIAN_POINT('Ctrl Pts',(-0.287851081825171,0.831589895737123,
1.60511242021347));
#8383=CARTESIAN_POINT('Ctrl Pts',(-0.285376642835489,0.827155342024033,
1.60505560358205));
#8384=CARTESIAN_POINT('Ctrl Pts',(-0.285920217414706,0.828730876011873,
1.60505560358205));
#8385=CARTESIAN_POINT('Ctrl Pts',(-0.286463791929617,0.830306409990615,
1.60505560358205));
#8386=CARTESIAN_POINT('Ctrl Pts',(-0.287007366508834,0.831881943978456,
1.60505560358205));
#8387=CARTESIAN_POINT('Ctrl Pts',(-0.284517692198334,0.827451208701146,
1.60505560359701));
#8388=CARTESIAN_POINT('Ctrl Pts',(-0.285059630674798,0.829027306246855,
1.60505560359701));
#8389=CARTESIAN_POINT('Ctrl Pts',(-0.285601569105861,0.830603403776586,
1.60505560359701));
#8390=CARTESIAN_POINT('Ctrl Pts',(-0.286143507582325,0.832179501322295,
1.60505560359701));
#8391=CARTESIAN_POINT('Ctrl Pts',(-0.283661081767908,0.827744761801765,
1.60511242025796));
#8392=CARTESIAN_POINT('Ctrl Pts',(-0.284201388590323,0.829321418490911,
1.60511242025796));
#8393=CARTESIAN_POINT('Ctrl Pts',(-0.284741695412738,0.830898075180058,
1.60511242025796));
#8394=CARTESIAN_POINT('Ctrl Pts',(-0.285282002235153,0.832474731869204,
1.60511242025796));
#8395=CARTESIAN_POINT('',(-0.2862155643148,0.826864953147708,1.60511242021347));
#8396=CARTESIAN_POINT('Ctrl Pts',(-0.283661081767908,0.827744761801765,
1.60511242025796));
#8397=CARTESIAN_POINT('Ctrl Pts',(-0.284517692198334,0.827451208701146,
1.60505560359701));
#8398=CARTESIAN_POINT('Ctrl Pts',(-0.285376642835489,0.827155342024033,
1.60505560358205));
#8399=CARTESIAN_POINT('Ctrl Pts',(-0.2862155643148,0.826864953147708,1.60511242021347));
#8400=CARTESIAN_POINT('',(-0.287851081825171,0.831589895737123,1.60511242021347));
#8401=CARTESIAN_POINT('Ctrl Pts',(-0.287851081825171,0.831589895737123,
1.60511242021347));
#8402=CARTESIAN_POINT('Ctrl Pts',(-0.287007366508834,0.831881943978456,
1.60505560358205));
#8403=CARTESIAN_POINT('Ctrl Pts',(-0.286143507582325,0.832179501322295,
1.60505560359701));
#8404=CARTESIAN_POINT('Ctrl Pts',(-0.285282002235153,0.832474731869204,
1.60511242025796));
#8405=CARTESIAN_POINT('',(-0.2862155643148,0.826864953147708,1.60511242021347));
#8406=CARTESIAN_POINT('Ctrl Pts',(-0.288968655230206,0.825906844804211,
1.60656994285847));
#8407=CARTESIAN_POINT('Ctrl Pts',(-0.289519071716359,0.827480000699076,
1.60656994285847));
#8408=CARTESIAN_POINT('Ctrl Pts',(-0.290069488202511,0.829053156593941,
1.60656994285847));
#8409=CARTESIAN_POINT('Ctrl Pts',(-0.290619904688664,0.830626312488806,
1.60656994285847));
#8410=CARTESIAN_POINT('Ctrl Pts',(-0.288315007992532,0.826135543191267,
1.60568120955967));
#8411=CARTESIAN_POINT('Ctrl Pts',(-0.288864179479793,0.827709134825322,
1.60568120955967));
#8412=CARTESIAN_POINT('Ctrl Pts',(-0.289413350836658,0.829282726089734,
1.60568120955967));
#8413=CARTESIAN_POINT('Ctrl Pts',(-0.289962522323918,0.830856317723789,
1.60568120955967));
#8414=CARTESIAN_POINT('Ctrl Pts',(-0.287273766197908,0.82649866135123,1.605112420264));
#8415=CARTESIAN_POINT('Ctrl Pts',(-0.287820954377502,0.828072944668212,
1.605112420264));
#8416=CARTESIAN_POINT('Ctrl Pts',(-0.288368142396587,0.829647227527684,
1.605112420264));
#8417=CARTESIAN_POINT('Ctrl Pts',(-0.288915330576182,0.831221510844666,
1.605112420264));
#8418=CARTESIAN_POINT('Ctrl Pts',(-0.2862155643148,0.826864953147708,1.60511242021347));
#8419=CARTESIAN_POINT('Ctrl Pts',(-0.286760736818257,0.828439934010846,
1.60511242021347));
#8420=CARTESIAN_POINT('Ctrl Pts',(-0.287305909321714,0.830014914873985,
1.60511242021347));
#8421=CARTESIAN_POINT('Ctrl Pts',(-0.287851081825171,0.831589895737123,
1.60511242021347));
#8422=CARTESIAN_POINT('',(-0.288968655230206,0.825906844804211,1.60656994285847));
#8423=CARTESIAN_POINT('Ctrl Pts',(-0.2862155643148,0.826864953147708,1.60511242021347));
#8424=CARTESIAN_POINT('Ctrl Pts',(-0.287273766197908,0.82649866135123,1.605112420264));
#8425=CARTESIAN_POINT('Ctrl Pts',(-0.288315007992532,0.826135543191267,
1.60568120955967));
#8426=CARTESIAN_POINT('Ctrl Pts',(-0.288968655230206,0.825906844804211,
1.60656994285847));
#8427=CARTESIAN_POINT('',(-0.290619904688664,0.830626312488806,1.60656994285847));
#8428=CARTESIAN_POINT('Ctrl Pts',(-0.290619904688664,0.830626312488806,
1.60656994285847));
#8429=CARTESIAN_POINT('Ctrl Pts',(-0.289962522323918,0.830856317723789,
1.60568120955967));
#8430=CARTESIAN_POINT('Ctrl Pts',(-0.288915330576182,0.831221510844666,
1.605112420264));
#8431=CARTESIAN_POINT('Ctrl Pts',(-0.287851081825171,0.831589895737123,
1.60511242021347));
#8432=CARTESIAN_POINT('',(-0.288968655230206,0.825906844804211,1.60656994285847));
#8433=CARTESIAN_POINT('Ctrl Pts',(-0.289572564045139,0.825695301035633,
1.60984048147697));
#8434=CARTESIAN_POINT('Ctrl Pts',(-0.290124130833796,0.827268053989986,
1.60984048147697));
#8435=CARTESIAN_POINT('Ctrl Pts',(-0.290675697622454,0.82884080694434,1.60984048147697));
#8436=CARTESIAN_POINT('Ctrl Pts',(-0.291227264411111,0.830413559898694,
1.60984048147697));
#8437=CARTESIAN_POINT('Ctrl Pts',(-0.28989058195052,0.825583771685571,1.60873845216499));
#8438=CARTESIAN_POINT('Ctrl Pts',(-0.290442754424086,0.827156312021916,
1.60873845216499));
#8439=CARTESIAN_POINT('Ctrl Pts',(-0.290994927088099,0.828728852901715,
1.60873845216499));
#8440=CARTESIAN_POINT('Ctrl Pts',(-0.291547099561666,0.83030139323806,1.60873845216499));
#8441=CARTESIAN_POINT('Ctrl Pts',(-0.28963975097335,0.825672041526278,1.60747645084603));
#8442=CARTESIAN_POINT('Ctrl Pts',(-0.29019144568381,0.827244750024385,1.60747645084603));
#8443=CARTESIAN_POINT('Ctrl Pts',(-0.290743140554167,0.828817458979749,
1.60747645084603));
#8444=CARTESIAN_POINT('Ctrl Pts',(-0.291294835264627,0.830390167477857,
1.60747645084603));
#8445=CARTESIAN_POINT('Ctrl Pts',(-0.288968655230206,0.825906844804211,
1.60656994285847));
#8446=CARTESIAN_POINT('Ctrl Pts',(-0.289519071716359,0.827480000699076,
1.60656994285847));
#8447=CARTESIAN_POINT('Ctrl Pts',(-0.290069488202511,0.829053156593941,
1.60656994285847));
#8448=CARTESIAN_POINT('Ctrl Pts',(-0.290619904688664,0.830626312488806,
1.60656994285847));
#8449=CARTESIAN_POINT('',(-0.289572564045139,0.825695301035633,1.60984048147697));
#8450=CARTESIAN_POINT('Ctrl Pts',(-0.288968655230206,0.825906844804211,
1.60656994285847));
#8451=CARTESIAN_POINT('Ctrl Pts',(-0.28963975097335,0.825672041526278,1.60747645084603));
#8452=CARTESIAN_POINT('Ctrl Pts',(-0.28989058195052,0.825583771685571,1.60873845216499));
#8453=CARTESIAN_POINT('Ctrl Pts',(-0.289572564045139,0.825695301035633,
1.60984048147697));
#8454=CARTESIAN_POINT('',(-0.291227264411111,0.830413559898694,1.60984048147697));
#8455=CARTESIAN_POINT('Ctrl Pts',(-0.291227264411111,0.830413559898694,
1.60984048147697));
#8456=CARTESIAN_POINT('Ctrl Pts',(-0.291547099561666,0.83030139323806,1.60873845216499));
#8457=CARTESIAN_POINT('Ctrl Pts',(-0.291294835264627,0.830390167477857,
1.60747645084603));
#8458=CARTESIAN_POINT('Ctrl Pts',(-0.290619904688664,0.830626312488806,
1.60656994285847));
#8459=CARTESIAN_POINT('',(-0.289572564045139,0.825695301035633,1.60984048147697));
#8460=CARTESIAN_POINT('Ctrl Pts',(-0.287726802144183,0.826340297533578,
1.61872781467997));
#8461=CARTESIAN_POINT('Ctrl Pts',(-0.288274853195886,0.82791427905269,1.61872781467997));
#8462=CARTESIAN_POINT('Ctrl Pts',(-0.28882290424759,0.829488260571801,1.61872781467997));
#8463=CARTESIAN_POINT('Ctrl Pts',(-0.289370955299293,0.831062242090913,
1.61872781467997));
#8464=CARTESIAN_POINT('Ctrl Pts',(-0.288868099231572,0.825942904640806,
1.61607487000304));
#8465=CARTESIAN_POINT('Ctrl Pts',(-0.289418327579891,0.827516127823895,
1.61607487000304));
#8466=CARTESIAN_POINT('Ctrl Pts',(-0.289968545736006,0.829089355198522,
1.61607487000304));
#8467=CARTESIAN_POINT('Ctrl Pts',(-0.290518774084324,0.830662578381611,
1.61607487000304));
#8468=CARTESIAN_POINT('Ctrl Pts',(-0.289502545590894,0.825719856611159,
1.6130180037633));
#8469=CARTESIAN_POINT('Ctrl Pts',(-0.290053982462047,0.827292654901364,
1.6130180037633));
#8470=CARTESIAN_POINT('Ctrl Pts',(-0.290605408980261,0.828865457501589,
1.6130180037633));
#8471=CARTESIAN_POINT('Ctrl Pts',(-0.291156845851413,0.830438255791794,
1.6130180037633));
#8472=CARTESIAN_POINT('Ctrl Pts',(-0.289572564045139,0.825695301035633,
1.60984048147697));
#8473=CARTESIAN_POINT('Ctrl Pts',(-0.290124130833796,0.827268053989986,
1.60984048147697));
#8474=CARTESIAN_POINT('Ctrl Pts',(-0.290675697622454,0.82884080694434,1.60984048147697));
#8475=CARTESIAN_POINT('Ctrl Pts',(-0.291227264411111,0.830413559898694,
1.60984048147697));
#8476=CARTESIAN_POINT('',(-0.287726802144183,0.826340297533578,1.61872781467997));
#8477=CARTESIAN_POINT('Ctrl Pts',(-0.289572564045139,0.825695301035633,
1.60984048147697));
#8478=CARTESIAN_POINT('Ctrl Pts',(-0.289502545590894,0.825719856611159,
1.6130180037633));
#8479=CARTESIAN_POINT('Ctrl Pts',(-0.288868099231572,0.825942904640806,
1.61607487000304));
#8480=CARTESIAN_POINT('Ctrl Pts',(-0.287726802144183,0.826340297533578,
1.61872781467997));
#8481=CARTESIAN_POINT('',(-0.289370955299293,0.831062242090913,1.61872781467997));
#8482=CARTESIAN_POINT('Ctrl Pts',(-0.289370955299293,0.831062242090913,
1.61872781467997));
#8483=CARTESIAN_POINT('Ctrl Pts',(-0.290518774084324,0.830662578381611,
1.61607487000304));
#8484=CARTESIAN_POINT('Ctrl Pts',(-0.291156845851413,0.830438255791794,
1.6130180037633));
#8485=CARTESIAN_POINT('Ctrl Pts',(-0.291227264411111,0.830413559898694,
1.60984048147697));
#8486=CARTESIAN_POINT('',(-0.287726802144183,0.826340297533578,1.61872781467997));
#8487=CARTESIAN_POINT('Ctrl Pts',(-0.301517676194631,0.821408601697225,
1.61476406407147));
#8488=CARTESIAN_POINT('Ctrl Pts',(-0.302091995577859,0.822973189509981,
1.61476406407147));
#8489=CARTESIAN_POINT('Ctrl Pts',(-0.302666314961087,0.824537777322738,
1.61476406407147));
#8490=CARTESIAN_POINT('Ctrl Pts',(-0.303240634344315,0.826102365135495,
1.61476406407147));
#8491=CARTESIAN_POINT('Ctrl Pts',(-0.296934583838372,0.82309093537889,1.6160853142743));
#8492=CARTESIAN_POINT('Ctrl Pts',(-0.297500173522006,0.824658727637121,
1.6160853142743));
#8493=CARTESIAN_POINT('Ctrl Pts',(-0.298065763205244,0.826226519894252,
1.6160853142743));
#8494=CARTESIAN_POINT('Ctrl Pts',(-0.298631352888877,0.827794312152483,
1.6160853142743));
#8495=CARTESIAN_POINT('Ctrl Pts',(-0.292337411155909,0.824734910756677,
1.61740656447713));
#8496=CARTESIAN_POINT('Ctrl Pts',(-0.292894244320147,0.826305834396581,
1.61740656447713));
#8497=CARTESIAN_POINT('Ctrl Pts',(-0.293451077483992,0.827876758035383,
1.61740656447713));
#8498=CARTESIAN_POINT('Ctrl Pts',(-0.294007910648229,0.829447681675287,
1.61740656447713));
#8499=CARTESIAN_POINT('Ctrl Pts',(-0.287726802144183,0.826340297533578,
1.61872781467997));
#8500=CARTESIAN_POINT('Ctrl Pts',(-0.288274853195886,0.82791427905269,1.61872781467997));
#8501=CARTESIAN_POINT('Ctrl Pts',(-0.288822904247589,0.829488260571801,
1.61872781467997));
#8502=CARTESIAN_POINT('Ctrl Pts',(-0.289370955299293,0.831062242090913,
1.61872781467997));
#8503=CARTESIAN_POINT('',(-0.301517676194631,0.821408601697225,1.61476406407147));
#8504=CARTESIAN_POINT('Ctrl Pts',(-0.287726802144183,0.826340297533578,
1.61872781467997));
#8505=CARTESIAN_POINT('Ctrl Pts',(-0.292337411155909,0.824734910756677,
1.61740656447713));
#8506=CARTESIAN_POINT('Ctrl Pts',(-0.296934583838372,0.82309093537889,1.6160853142743));
#8507=CARTESIAN_POINT('Ctrl Pts',(-0.301517676194631,0.821408601697225,
1.61476406407147));
#8508=CARTESIAN_POINT('',(-0.303240634344315,0.826102365135495,1.61476406407147));
#8509=CARTESIAN_POINT('Ctrl Pts',(-0.303240634344315,0.826102365135495,
1.61476406407147));
#8510=CARTESIAN_POINT('Ctrl Pts',(-0.298631352888877,0.827794312152483,
1.6160853142743));
#8511=CARTESIAN_POINT('Ctrl Pts',(-0.294007910648229,0.829447681675287,
1.61740656447713));
#8512=CARTESIAN_POINT('Ctrl Pts',(-0.289370955299293,0.831062242090913,
1.61872781467997));
#8513=CARTESIAN_POINT('',(-0.301517676194631,0.821408601697225,1.61476406407147));
#8514=CARTESIAN_POINT('Ctrl Pts',(-0.303879093911922,0.820537931044793,
1.60270358065047));
#8515=CARTESIAN_POINT('Ctrl Pts',(-0.304457911233659,0.822100860437259,
1.60270358065047));
#8516=CARTESIAN_POINT('Ctrl Pts',(-0.305036728555396,0.823663789829726,
1.60270358065047));
#8517=CARTESIAN_POINT('Ctrl Pts',(-0.305615545877133,0.825226719222192,
1.60270358065047));
#8518=CARTESIAN_POINT('Ctrl Pts',(-0.303936360826228,0.820516722740616,
1.60661493422957));
#8519=CARTESIAN_POINT('Ctrl Pts',(-0.30451530235242,0.822079605629915,1.60661493422957));
#8520=CARTESIAN_POINT('Ctrl Pts',(-0.305094198504757,0.823642506838406,
1.60661493422957));
#8521=CARTESIAN_POINT('Ctrl Pts',(-0.305673140030949,0.825205389727705,
1.60661493422957));
#8522=CARTESIAN_POINT('Ctrl Pts',(-0.303079002206489,0.820835479636042,
1.61099810333282));
#8523=CARTESIAN_POINT('Ctrl Pts',(-0.303656310088368,0.82239897001187,1.61099810333282));
#8524=CARTESIAN_POINT('Ctrl Pts',(-0.304233574337218,0.823962477715278,
1.61099810333282));
#8525=CARTESIAN_POINT('Ctrl Pts',(-0.304810882219097,0.825525968091106,
1.61099810333282));
#8526=CARTESIAN_POINT('Ctrl Pts',(-0.301517676194631,0.821408601697225,
1.61476406407147));
#8527=CARTESIAN_POINT('Ctrl Pts',(-0.302091995577859,0.822973189509981,
1.61476406407147));
#8528=CARTESIAN_POINT('Ctrl Pts',(-0.302666314961087,0.824537777322738,
1.61476406407147));
#8529=CARTESIAN_POINT('Ctrl Pts',(-0.303240634344315,0.826102365135495,
1.61476406407147));
#8530=CARTESIAN_POINT('',(-0.303879093911921,0.820537931044793,1.60270358065047));
#8531=CARTESIAN_POINT('Ctrl Pts',(-0.301517676194631,0.821408601697225,
1.61476406407147));
#8532=CARTESIAN_POINT('Ctrl Pts',(-0.303079002206489,0.820835479636042,
1.61099810333282));
#8533=CARTESIAN_POINT('Ctrl Pts',(-0.303936360826228,0.820516722740616,
1.60661493422957));
#8534=CARTESIAN_POINT('Ctrl Pts',(-0.303879093911922,0.820537931044793,
1.60270358065047));
#8535=CARTESIAN_POINT('',(-0.305615545877132,0.825226719222192,1.60270358065047));
#8536=CARTESIAN_POINT('Ctrl Pts',(-0.305615545877133,0.825226719222192,
1.60270358065047));
#8537=CARTESIAN_POINT('Ctrl Pts',(-0.305673140030949,0.825205389727705,
1.60661493422957));
#8538=CARTESIAN_POINT('Ctrl Pts',(-0.304810882219097,0.825525968091106,
1.61099810333282));
#8539=CARTESIAN_POINT('Ctrl Pts',(-0.303240634344315,0.826102365135495,
1.61476406407147));
#8540=CARTESIAN_POINT('',(-0.303879093911921,0.820537931044793,1.60270358065047));
#8541=CARTESIAN_POINT('Origin',(-0.304742675272245,0.822884045207141,1.60245012229322));
#8542=CARTESIAN_POINT('Origin',(0.,0.,1.60245012229325));
#8543=CARTESIAN_POINT('Ctrl Pts',(-0.305606230162292,0.825230169156456,
1.60219666393597));
#8544=CARTESIAN_POINT('Ctrl Pts',(-0.305609335407063,0.825229019195895,
1.60236563617413));
#8545=CARTESIAN_POINT('Ctrl Pts',(-0.305612440645343,0.825227869217807,
1.6025346084123));
#8546=CARTESIAN_POINT('Ctrl Pts',(-0.305615545877133,0.825226719222192,
1.60270358065047));
#8547=CARTESIAN_POINT('Origin',(0.,0.,0.));
#8548=CARTESIAN_POINT('Origin',(0.,0.,-3.93136521581856E-234));
#8549=CARTESIAN_POINT('Origin',(0.,0.,-3.93136521581856E-234));
#8550=CARTESIAN_POINT('',(-0.304136509453422,0.820442553514558,1.36773175037047));
#8551=CARTESIAN_POINT('',(-0.303736479924453,0.820590732803572,1.36744735570797));
#8552=CARTESIAN_POINT('Origin',(0.,0.,1.36758955303922));
#8553=CARTESIAN_POINT('',(-0.296239388239608,0.823326924651091,1.34759305333297));
#8554=CARTESIAN_POINT('Ctrl Pts',(-0.303736479924453,0.820590732803572,
1.36744735570797));
#8555=CARTESIAN_POINT('Ctrl Pts',(-0.303802743350389,0.820566205814737,
1.36560144100103));
#8556=CARTESIAN_POINT('Ctrl Pts',(-0.303684280702024,0.820610113308659,
1.3637545874289));
#8557=CARTESIAN_POINT('Ctrl Pts',(-0.303086272209796,0.820831172070322,
1.36013371409822));
#8558=CARTESIAN_POINT('Ctrl Pts',(-0.302611883630925,0.821006402541929,
1.35836995746968));
#8559=CARTESIAN_POINT('Ctrl Pts',(-0.301328631420473,0.821478255630556,
1.354978582967));
#8560=CARTESIAN_POINT('Ctrl Pts',(-0.300523445538035,0.821773503305406,
1.35335926057507));
#8561=CARTESIAN_POINT('Ctrl Pts',(-0.298601110523487,0.822473974133863,
1.35030580406665));
#8562=CARTESIAN_POINT('Ctrl Pts',(-0.297485879686035,0.822878427398688,
1.34888256763246));
#8563=CARTESIAN_POINT('Ctrl Pts',(-0.296239388239608,0.823326924651091,
1.34759305333297));
#8564=CARTESIAN_POINT('',(-0.277348063907021,0.829881347812461,1.34002104544447));
#8565=CARTESIAN_POINT('Ctrl Pts',(-0.296239388239608,0.823326924651091,
1.34759305333297));
#8566=CARTESIAN_POINT('Ctrl Pts',(-0.29500454034878,0.823771232462235,1.3462983789763));
#8567=CARTESIAN_POINT('Ctrl Pts',(-0.293643912190238,0.824257642703308,
1.34514584157782));
#8568=CARTESIAN_POINT('Ctrl Pts',(-0.290728158888417,0.825290563140143,
1.34316816908716));
#8569=CARTESIAN_POINT('Ctrl Pts',(-0.289181664023948,0.825834055394325,
1.34234520422541));
#8570=CARTESIAN_POINT('Ctrl Pts',(-0.285953613353829,0.826957346027953,
1.34105042251581));
#8571=CARTESIAN_POINT('Ctrl Pts',(-0.284278864223129,0.827534763735822,
1.34058101455274));
#8572=CARTESIAN_POINT('Ctrl Pts',(-0.280845689200827,0.828706234098527,
1.3400129680618));
#8573=CARTESIAN_POINT('Ctrl Pts',(-0.27909548461808,0.829297356194478,1.3399194917125));
#8574=CARTESIAN_POINT('Ctrl Pts',(-0.277348063907021,0.829881347812461,
1.34002104544447));
#8575=CARTESIAN_POINT('',(-0.243139029552457,0.840540547688385,1.37585477291747));
#8576=CARTESIAN_POINT('Ctrl Pts',(-0.277348063907021,0.829881347812461,
1.34002104544447));
#8577=CARTESIAN_POINT('Ctrl Pts',(-0.258652397276495,0.836129478291711,
1.34016324277547));
#8578=CARTESIAN_POINT('Ctrl Pts',(-0.243275626835778,0.84050103486417,1.35614266787397));
#8579=CARTESIAN_POINT('Ctrl Pts',(-0.243139029552457,0.840540547688385,
1.37585477291747));
#8580=CARTESIAN_POINT('',(-0.255916311467563,0.836738813205673,1.40077485521797));
#8581=CARTESIAN_POINT('Ctrl Pts',(-0.243139029552457,0.840540547688385,
1.37585477291747));
#8582=CARTESIAN_POINT('Ctrl Pts',(-0.242765163380323,0.840648694116924,
1.38154123636944));
#8583=CARTESIAN_POINT('Ctrl Pts',(-0.245259389398982,0.839936904537458,
1.39165581198176));
#8584=CARTESIAN_POINT('Ctrl Pts',(-0.252378407213095,0.837820880145606,
1.39866941609173));
#8585=CARTESIAN_POINT('Ctrl Pts',(-0.255916311467563,0.836738813205673,
1.40077485521797));
#8586=CARTESIAN_POINT('',(-0.264808299633017,0.833967364136913,1.38744385541397));
#8587=CARTESIAN_POINT('Ctrl Pts',(-0.255916311467563,0.836738813205673,
1.40077485521797));
#8588=CARTESIAN_POINT('Ctrl Pts',(-0.25888519631145,0.835830780679359,1.39633118861663));
#8589=CARTESIAN_POINT('Ctrl Pts',(-0.261849248339343,0.834906946877559,
1.3918875220153));
#8590=CARTESIAN_POINT('Ctrl Pts',(-0.264808299633017,0.833967364136913,
1.38744385541397));
#8591=CARTESIAN_POINT('',(-0.257190821383683,0.836347942782181,1.37411285560997));
#8592=CARTESIAN_POINT('Ctrl Pts',(-0.264808299633017,0.833967364136913,
1.38744385541397));
#8593=CARTESIAN_POINT('Ctrl Pts',(-0.260176608879036,0.835438057362729,
1.38502652581828));
#8594=CARTESIAN_POINT('Ctrl Pts',(-0.257055057548581,0.836389692406325,
1.37957560354088));
#8595=CARTESIAN_POINT('Ctrl Pts',(-0.257190821383683,0.836347942782181,
1.37411285560997));
#8596=CARTESIAN_POINT('',(-0.277348063907021,0.829881347812461,1.35669368253247));
#8597=CARTESIAN_POINT('Ctrl Pts',(-0.257190821383683,0.836347942782181,
1.37411285560997));
#8598=CARTESIAN_POINT('Ctrl Pts',(-0.257531280264085,0.836243246046984,
1.3715673767757));
#8599=CARTESIAN_POINT('Ctrl Pts',(-0.258319488945924,0.836000961636341,
1.36912601991956));
#8600=CARTESIAN_POINT('Ctrl Pts',(-0.260697668168683,0.835262387478468,
1.3647352394643));
#8601=CARTESIAN_POINT('Ctrl Pts',(-0.262236989791914,0.83478165270962,1.36281838167274));
#8602=CARTESIAN_POINT('Ctrl Pts',(-0.265880920175856,0.833628219922826,
1.35967278826765));
#8603=CARTESIAN_POINT('Ctrl Pts',(-0.267956691258738,0.832964408375041,
1.35846365344724));
#8604=CARTESIAN_POINT('Ctrl Pts',(-0.272498062733828,0.831490068527881,
1.35687354143823));
#8605=CARTESIAN_POINT('Ctrl Pts',(-0.274918365213634,0.830693358144136,
1.3565429074938));
#8606=CARTESIAN_POINT('Ctrl Pts',(-0.277348063907021,0.829881347812461,
1.35669368253247));
#8607=CARTESIAN_POINT('',(-0.286216236189257,0.826864720581097,1.35953762915747));
#8608=CARTESIAN_POINT('Ctrl Pts',(-0.277348063907021,0.829881347812461,
1.35669368253247));
#8609=CARTESIAN_POINT('Ctrl Pts',(-0.280442932290964,0.82884703639361,1.35623012121814));
#8610=CARTESIAN_POINT('Ctrl Pts',(-0.283779257923918,0.827708271804676,
1.35730041350672));
#8611=CARTESIAN_POINT('Ctrl Pts',(-0.286216236189257,0.826864720581097,
1.35953762915747));
#8612=CARTESIAN_POINT('',(-0.289958984434416,0.825559681274324,1.36849606102597));
#8613=CARTESIAN_POINT('Ctrl Pts',(-0.286216236189257,0.826864720581097,
1.35953762915747));
#8614=CARTESIAN_POINT('Ctrl Pts',(-0.28856909238754,0.82605028790716,1.36175036075158));
#8615=CARTESIAN_POINT('Ctrl Pts',(-0.289958222679351,0.825559948823394,
1.36507973810949));
#8616=CARTESIAN_POINT('Ctrl Pts',(-0.289958984434416,0.825559681274324,
1.36849606102597));
#8617=CARTESIAN_POINT('',(-0.284317439636691,0.827519542680677,1.38182706082997));
#8618=CARTESIAN_POINT('Ctrl Pts',(-0.289958984434416,0.825559681274324,
1.36849606102597));
#8619=CARTESIAN_POINT('Ctrl Pts',(-0.289690453934502,0.825653996479888,
1.37356089946197));
#8620=CARTESIAN_POINT('Ctrl Pts',(-0.287662911585167,0.826370112401743,
1.37836056766961));
#8621=CARTESIAN_POINT('Ctrl Pts',(-0.284317439636691,0.827519542680677,
1.38182706082997));
#8622=CARTESIAN_POINT('',(-0.294867529159273,0.823819240032366,1.39064329536697));
#8623=CARTESIAN_POINT('Ctrl Pts',(-0.28431743963669,0.827519542680677,1.38182706082997));
#8624=CARTESIAN_POINT('Ctrl Pts',(-0.287841968368005,0.826308592445512,
1.38476580567563));
#8625=CARTESIAN_POINT('Ctrl Pts',(-0.291358760566935,0.82507512466693,1.3877045505213));
#8626=CARTESIAN_POINT('Ctrl Pts',(-0.294867529159273,0.823819240032366,
1.39064329536697));
#8627=CARTESIAN_POINT('Ctrl Pts',(-0.294867529159273,0.823819240032366,
1.39064329536697));
#8628=CARTESIAN_POINT('Ctrl Pts',(-0.296330540120703,0.82329558823308,1.38916002501346));
#8629=CARTESIAN_POINT('Ctrl Pts',(-0.297645410434502,0.822820590634312,
1.38752392173281));
#8630=CARTESIAN_POINT('Ctrl Pts',(-0.299933006528212,0.82198945209279,1.38400918920312));
#8631=CARTESIAN_POINT('Ctrl Pts',(-0.30090227630071,0.821634711841266,1.38214319226171));
#8632=CARTESIAN_POINT('Ctrl Pts',(-0.303276554222199,0.82076246711592,1.37625236566476));
#8633=CARTESIAN_POINT('Ctrl Pts',(-0.304103556691286,0.820454769041423,
1.37201932339739));
#8634=CARTESIAN_POINT('Ctrl Pts',(-0.304136509453423,0.820442553514558,
1.36773175037047));
#8635=CARTESIAN_POINT('Origin',(0.,0.,0.));
#8636=CARTESIAN_POINT('',(-0.305472116952593,0.825279822705307,1.36744735570797));
#8637=CARTESIAN_POINT('',(-0.305874432364585,0.825130796677499,1.36773175037047));
#8638=CARTESIAN_POINT('Ctrl Pts',(-0.305472116952593,0.825279822705307,
1.36744735570797));
#8639=CARTESIAN_POINT('Ctrl Pts',(-0.305606234196469,0.825230180054075,
1.3675421539288));
#8640=CARTESIAN_POINT('Ctrl Pts',(-0.305740339339112,0.825180504709505,
1.36763695214963));
#8641=CARTESIAN_POINT('Ctrl Pts',(-0.305874432364585,0.825130796677499,
1.36773175037047));
#8642=CARTESIAN_POINT('',(-0.296552486468755,0.828526778546837,1.39064329536697));
#8643=CARTESIAN_POINT('Ctrl Pts',(-0.305874432364585,0.825130796677499,
1.36773175037047));
#8644=CARTESIAN_POINT('Ctrl Pts',(-0.30584129130095,0.825143082007374,1.37201932339739));
#8645=CARTESIAN_POINT('Ctrl Pts',(-0.305009563103469,0.825452538356583,
1.37625236566476));
#8646=CARTESIAN_POINT('Ctrl Pts',(-0.302621717879572,0.826329767337502,
1.38214319226171));
#8647=CARTESIAN_POINT('Ctrl Pts',(-0.301646909422659,0.826686534676177,
1.38400918920312));
#8648=CARTESIAN_POINT('Ctrl Pts',(-0.299346241351271,0.827522422580794,
1.38752392173281));
#8649=CARTESIAN_POINT('Ctrl Pts',(-0.298023857492821,0.828000134451555,
1.38916002501346));
#8650=CARTESIAN_POINT('Ctrl Pts',(-0.296552486468755,0.828526778546837,
1.39064329536697));
#8651=CARTESIAN_POINT('',(-0.285942110720329,0.83224822578171,1.38182706082997));
#8652=CARTESIAN_POINT('Ctrl Pts',(-0.296552486468755,0.828526778546837,
1.39064329536697));
#8653=CARTESIAN_POINT('Ctrl Pts',(-0.293023667770175,0.829789839665027,
1.3877045505213));
#8654=CARTESIAN_POINT('Ctrl Pts',(-0.289486779615822,0.831030355830915,
1.38476580567563));
#8655=CARTESIAN_POINT('Ctrl Pts',(-0.285942110720329,0.83224822578171,1.38182706082997));
#8656=CARTESIAN_POINT('',(-0.291615892916898,0.83027716516732,1.36849606102597));
#8657=CARTESIAN_POINT('Ctrl Pts',(-0.285942110720329,0.83224822578171,1.38182706082997));
#8658=CARTESIAN_POINT('Ctrl Pts',(-0.289306699651368,0.831092227329753,
1.37836056766961));
#8659=CARTESIAN_POINT('Ctrl Pts',(-0.291345827956985,0.830372019316916,
1.37356089946197));
#8660=CARTESIAN_POINT('Ctrl Pts',(-0.291615892916898,0.83027716516732,1.36849606102597));
#8661=CARTESIAN_POINT('',(-0.28785175753891,0.831589661841561,1.35953762915747));
#8662=CARTESIAN_POINT('Ctrl Pts',(-0.291615892916898,0.83027716516732,1.36849606102597));
#8663=CARTESIAN_POINT('Ctrl Pts',(-0.291615126808947,0.830277434245241,
1.36507973810949));
#8664=CARTESIAN_POINT('Ctrl Pts',(-0.290218058629754,0.83077057526663,1.36175036075158));
#8665=CARTESIAN_POINT('Ctrl Pts',(-0.28785175753891,0.831589661841561,1.35953762915747));
#8666=CARTESIAN_POINT('',(-0.278932909986489,0.834623526942818,1.35669368253247));
#8667=CARTESIAN_POINT('Ctrl Pts',(-0.28785175753891,0.831589661841561,1.35953762915747));
#8668=CARTESIAN_POINT('Ctrl Pts',(-0.285400853683483,0.832438033357846,
1.35730041350672));
#8669=CARTESIAN_POINT('Ctrl Pts',(-0.282045463332627,0.833583305173002,
1.35623012121814));
#8670=CARTESIAN_POINT('Ctrl Pts',(-0.278932909986489,0.834623526942818,
1.35669368253247));
#8671=CARTESIAN_POINT('',(-0.258660483220161,0.841127073883794,1.37411285560997));
#8672=CARTESIAN_POINT('Ctrl Pts',(-0.278932909986489,0.834623526942818,
1.35669368253247));
#8673=CARTESIAN_POINT('Ctrl Pts',(-0.27648932730057,0.835440177333531,1.3565429074938));
#8674=CARTESIAN_POINT('Ctrl Pts',(-0.274055194520878,0.83624144034804,1.35687354143823));
#8675=CARTESIAN_POINT('Ctrl Pts',(-0.269487872351645,0.837724204994327,
1.35846365344724));
#8676=CARTESIAN_POINT('Ctrl Pts',(-0.267400239719718,0.838391809750957,
1.35967278826765));
#8677=CARTESIAN_POINT('Ctrl Pts',(-0.263735486876439,0.839551833582246,
1.36281838167274));
#8678=CARTESIAN_POINT('Ctrl Pts',(-0.262187369129647,0.840035315406916,
1.3647352394643));
#8679=CARTESIAN_POINT('Ctrl Pts',(-0.259795600311329,0.840778109988549,
1.36912601991956));
#8680=CARTESIAN_POINT('Ctrl Pts',(-0.25900288757988,0.841021778881539,1.3715673767757));
#8681=CARTESIAN_POINT('Ctrl Pts',(-0.258660483220161,0.841127073883794,
1.37411285560997));
#8682=CARTESIAN_POINT('',(-0.266321489916634,0.838732891931981,1.38744385541397));
#8683=CARTESIAN_POINT('Ctrl Pts',(-0.258660483220161,0.841127073883794,
1.37411285560997));
#8684=CARTESIAN_POINT('Ctrl Pts',(-0.258523943591716,0.841169062077218,
1.37957560354088));
#8685=CARTESIAN_POINT('Ctrl Pts',(-0.261663332358345,0.840211989119087,
1.38502652581828));
#8686=CARTESIAN_POINT('Ctrl Pts',(-0.266321489916634,0.838732891931981,
1.38744385541397));
#8687=CARTESIAN_POINT('',(-0.257378690390234,0.841520177852563,1.40077485521797));
#8688=CARTESIAN_POINT('Ctrl Pts',(-0.266321489916634,0.838732891931981,
1.38744385541397));
#8689=CARTESIAN_POINT('Ctrl Pts',(-0.263345529758425,0.839677843716859,
1.3918875220153));
#8690=CARTESIAN_POINT('Ctrl Pts',(-0.260364540290373,0.840606956568956,
1.39633118861663));
#8691=CARTESIAN_POINT('Ctrl Pts',(-0.257378690390234,0.841520177852563,
1.40077485521797));
#8692=CARTESIAN_POINT('',(-0.244528395435614,0.845343636532318,1.37585477291747));
#8693=CARTESIAN_POINT('Ctrl Pts',(-0.257378690390234,0.841520177852563,
1.40077485521797));
#8694=CARTESIAN_POINT('Ctrl Pts',(-0.253820569540027,0.842608428032152,
1.39866941609173));
#8695=CARTESIAN_POINT('Ctrl Pts',(-0.246660871624119,0.844736543991957,
1.39165581198176));
#8696=CARTESIAN_POINT('Ctrl Pts',(-0.244152392885354,0.845452400940449,
1.38154123636944));
#8697=CARTESIAN_POINT('Ctrl Pts',(-0.244528395435614,0.845343636532318,
1.37585477291747));
#8698=CARTESIAN_POINT('',(-0.278932909986489,0.834623526942818,1.34002104544447));
#8699=CARTESIAN_POINT('Ctrl Pts',(-0.244528395435614,0.845343636532318,
1.37585477291747));
#8700=CARTESIAN_POINT('Ctrl Pts',(-0.244665773274839,0.845303897920537,
1.35614266787397));
#8701=CARTESIAN_POINT('Ctrl Pts',(-0.260130410975218,0.840907361024806,
1.34016324277547));
#8702=CARTESIAN_POINT('Ctrl Pts',(-0.278932909986489,0.834623526942818,
1.34002104544447));
#8703=CARTESIAN_POINT('',(-0.297932184743835,0.828031649934811,1.34759305333297));
#8704=CARTESIAN_POINT('Ctrl Pts',(-0.278932909986489,0.834623526942818,
1.34002104544447));
#8705=CARTESIAN_POINT('Ctrl Pts',(-0.280690315958755,0.834036198229875,
1.3399194917125));
#8706=CARTESIAN_POINT('Ctrl Pts',(-0.282450521710546,0.833441698293375,
1.3400129680618));
#8707=CARTESIAN_POINT('Ctrl Pts',(-0.285903314875832,0.832263533814313,
1.34058101455274));
#8708=CARTESIAN_POINT('Ctrl Pts',(-0.287587634001565,0.831682816576684,
1.34105042251581));
#8709=CARTESIAN_POINT('Ctrl Pts',(-0.290834130675514,0.830553107139435,
1.34234520422541));
#8710=CARTESIAN_POINT('Ctrl Pts',(-0.292389462653494,0.83000650921523,1.34316816908716));
#8711=CARTESIAN_POINT('Ctrl Pts',(-0.295321877402754,0.828967686375898,
1.34514584157782));
#8712=CARTESIAN_POINT('Ctrl Pts',(-0.296690280579345,0.828478496647734,
1.3462983789763));
#8713=CARTESIAN_POINT('Ctrl Pts',(-0.297932184743835,0.828031649934811,
1.34759305333297));
#8714=CARTESIAN_POINT('Ctrl Pts',(-0.297932184743835,0.828031649934811,
1.34759305333297));
#8715=CARTESIAN_POINT('Ctrl Pts',(-0.299185798998527,0.827580589840966,
1.34888256763246));
#8716=CARTESIAN_POINT('Ctrl Pts',(-0.300307402583621,0.827173825414628,
1.35030580406665));
#8717=CARTESIAN_POINT('Ctrl Pts',(-0.302240722369681,0.826469351895722,
1.35335926057507));
#8718=CARTESIAN_POINT('Ctrl Pts',(-0.303050509314304,0.826172417091302,
1.354978582967));
#8719=CARTESIAN_POINT('Ctrl Pts',(-0.304341094394531,0.825697867699311,
1.35836995746968));
#8720=CARTESIAN_POINT('Ctrl Pts',(-0.30481819376528,0.825521635910723,1.36013371409822));
#8721=CARTESIAN_POINT('Ctrl Pts',(-0.305419619448893,0.825299313956138,
1.3637545874289));
#8722=CARTESIAN_POINT('Ctrl Pts',(-0.305538759026677,0.825255155562249,
1.36560144100103));
#8723=CARTESIAN_POINT('Ctrl Pts',(-0.305472116952593,0.825279822705307,
1.36744735570797));
#8724=CARTESIAN_POINT('Origin',(-0.304804889503684,0.82286098946424,1.36758955303922));
#8725=CARTESIAN_POINT('',(-0.304136509453422,0.820442553514558,1.36773175037047));
#8726=CARTESIAN_POINT('',(-0.303736479924453,0.820590732803572,1.36744735570797));
#8727=CARTESIAN_POINT('Ctrl Pts',(-0.304136509453423,0.820442553514558,
1.36773175037047));
#8728=CARTESIAN_POINT('Ctrl Pts',(-0.304715817090477,0.822005301235538,
1.36773175037047));
#8729=CARTESIAN_POINT('Ctrl Pts',(-0.305295124727531,0.823568048956518,
1.36773175037047));
#8730=CARTESIAN_POINT('Ctrl Pts',(-0.305874432364585,0.825130796677499,
1.36773175037047));
#8731=CARTESIAN_POINT('Ctrl Pts',(-0.304103556691286,0.820454769041423,
1.37201932339739));
#8732=CARTESIAN_POINT('Ctrl Pts',(-0.304682801376073,0.8220175395247,1.37201932339739));
#8733=CARTESIAN_POINT('Ctrl Pts',(-0.305262046616164,0.823580311524096,
1.37201932339739));
#8734=CARTESIAN_POINT('Ctrl Pts',(-0.30584129130095,0.825143082007374,1.37201932339739));
#8735=CARTESIAN_POINT('Ctrl Pts',(-0.303276554222199,0.82076246711592,1.37625236566476));
#8736=CARTESIAN_POINT('Ctrl Pts',(-0.303854223788584,0.822325824028827,
1.37625236566476));
#8737=CARTESIAN_POINT('Ctrl Pts',(-0.304431893537084,0.823889181443676,
1.37625236566476));
#8738=CARTESIAN_POINT('Ctrl Pts',(-0.305009563103469,0.825452538356583,
1.37625236566476));
#8739=CARTESIAN_POINT('Ctrl Pts',(-0.30090227630071,0.821634711841266,1.38214319226171));
#8740=CARTESIAN_POINT('Ctrl Pts',(-0.301475423504268,0.823199730368927,
1.38214319226171));
#8741=CARTESIAN_POINT('Ctrl Pts',(-0.302048570676014,0.824764748809841,
1.38214319226171));
#8742=CARTESIAN_POINT('Ctrl Pts',(-0.302621717879572,0.826329767337502,
1.38214319226171));
#8743=CARTESIAN_POINT('Ctrl Pts',(-0.299933006528212,0.82198945209279,1.38400918920312));
#8744=CARTESIAN_POINT('Ctrl Pts',(-0.300504307467212,0.823555146215524,
1.38400918920312));
#8745=CARTESIAN_POINT('Ctrl Pts',(-0.30107560848366,0.825120840553443,1.38400918920312));
#8746=CARTESIAN_POINT('Ctrl Pts',(-0.301646909422659,0.826686534676177,
1.38400918920312));
#8747=CARTESIAN_POINT('Ctrl Pts',(-0.297645410434502,0.822820590634312,
1.38752392173281));
#8748=CARTESIAN_POINT('Ctrl Pts',(-0.298212354082152,0.824387867973786,
1.38752392173281));
#8749=CARTESIAN_POINT('Ctrl Pts',(-0.298779297703621,0.82595514524132,1.38752392173281));
#8750=CARTESIAN_POINT('Ctrl Pts',(-0.299346241351271,0.827522422580794,
1.38752392173281));
#8751=CARTESIAN_POINT('Ctrl Pts',(-0.296330540120703,0.82329558823308,1.38916002501346));
#8752=CARTESIAN_POINT('Ctrl Pts',(-0.296894979231479,0.824863770265982,
1.38916002501346));
#8753=CARTESIAN_POINT('Ctrl Pts',(-0.297459418382044,0.826431952418653,
1.38916002501346));
#8754=CARTESIAN_POINT('Ctrl Pts',(-0.298023857492821,0.828000134451555,
1.38916002501346));
#8755=CARTESIAN_POINT('Ctrl Pts',(-0.294867529159273,0.823819240032366,
1.39064329536697));
#8756=CARTESIAN_POINT('Ctrl Pts',(-0.295429181595767,0.82538841953719,1.39064329536697));
#8757=CARTESIAN_POINT('Ctrl Pts',(-0.295990834032261,0.826957599042014,
1.39064329536697));
#8758=CARTESIAN_POINT('Ctrl Pts',(-0.296552486468755,0.828526778546837,
1.39064329536697));
#8759=CARTESIAN_POINT('',(-0.294867529159273,0.823819240032366,1.39064329536697));
#8760=CARTESIAN_POINT('Ctrl Pts',(-0.294867529159273,0.823819240032366,
1.39064329536697));
#8761=CARTESIAN_POINT('Ctrl Pts',(-0.295429181595767,0.82538841953719,1.39064329536697));
#8762=CARTESIAN_POINT('Ctrl Pts',(-0.295990834032261,0.826957599042014,
1.39064329536697));
#8763=CARTESIAN_POINT('Ctrl Pts',(-0.296552486468755,0.828526778546837,
1.39064329536697));
#8764=CARTESIAN_POINT('Ctrl Pts',(-0.291358760566935,0.82507512466693,1.3877045505213));
#8765=CARTESIAN_POINT('Ctrl Pts',(-0.291913729634726,0.826646696333087,
1.3877045505213));
#8766=CARTESIAN_POINT('Ctrl Pts',(-0.292468698702385,0.828218267998869,
1.3877045505213));
#8767=CARTESIAN_POINT('Ctrl Pts',(-0.293023667770175,0.829789839665027,
1.3877045505213));
#8768=CARTESIAN_POINT('Ctrl Pts',(-0.287841968368005,0.826308592445512,
1.38476580567563));
#8769=CARTESIAN_POINT('Ctrl Pts',(-0.288390238783987,0.827882513574104,
1.38476580567563));
#8770=CARTESIAN_POINT('Ctrl Pts',(-0.288938509199839,0.829456434702322,
1.38476580567563));
#8771=CARTESIAN_POINT('Ctrl Pts',(-0.289486779615822,0.831030355830915,
1.38476580567563));
#8772=CARTESIAN_POINT('Ctrl Pts',(-0.28431743963669,0.827519542680677,1.38182706082997));
#8773=CARTESIAN_POINT('Ctrl Pts',(-0.28485899666457,0.829095770381022,1.38182706082997));
#8774=CARTESIAN_POINT('Ctrl Pts',(-0.285400553692449,0.830671998081366,
1.38182706082997));
#8775=CARTESIAN_POINT('Ctrl Pts',(-0.285942110720329,0.83224822578171,1.38182706082997));
#8776=CARTESIAN_POINT('',(-0.284317439636691,0.827519542680677,1.38182706082997));
#8777=CARTESIAN_POINT('Ctrl Pts',(-0.284317439636691,0.827519542680677,
1.38182706082997));
#8778=CARTESIAN_POINT('Ctrl Pts',(-0.28485899666457,0.829095770381021,1.38182706082997));
#8779=CARTESIAN_POINT('Ctrl Pts',(-0.28540055369245,0.830671998081365,1.38182706082997));
#8780=CARTESIAN_POINT('Ctrl Pts',(-0.285942110720329,0.83224822578171,1.38182706082997));
#8781=CARTESIAN_POINT('Ctrl Pts',(-0.287662911585167,0.826370112401743,
1.37836056766961));
#8782=CARTESIAN_POINT('Ctrl Pts',(-0.288210865216491,0.827944140980339,
1.37836056766961));
#8783=CARTESIAN_POINT('Ctrl Pts',(-0.288758746020044,0.829518198751156,
1.37836056766961));
#8784=CARTESIAN_POINT('Ctrl Pts',(-0.289306699651368,0.831092227329753,
1.37836056766961));
#8785=CARTESIAN_POINT('Ctrl Pts',(-0.289690453934502,0.825653996479888,
1.37356089946197));
#8786=CARTESIAN_POINT('Ctrl Pts',(-0.290242270565047,0.827226660216521,
1.37356089946197));
#8787=CARTESIAN_POINT('Ctrl Pts',(-0.290794011326439,0.828799355580282,
1.37356089946197));
#8788=CARTESIAN_POINT('Ctrl Pts',(-0.291345827956985,0.830372019316916,
1.37356089946197));
#8789=CARTESIAN_POINT('Ctrl Pts',(-0.289958984434416,0.825559681274324,
1.36849606102597));
#8790=CARTESIAN_POINT('Ctrl Pts',(-0.29051128726191,0.827132175905322,1.36849606102597));
#8791=CARTESIAN_POINT('Ctrl Pts',(-0.291063590089404,0.828704670536321,
1.36849606102597));
#8792=CARTESIAN_POINT('Ctrl Pts',(-0.291615892916898,0.83027716516732,1.36849606102597));
#8793=CARTESIAN_POINT('',(-0.289958984434416,0.825559681274324,1.36849606102597));
#8794=CARTESIAN_POINT('Ctrl Pts',(-0.289958984434416,0.825559681274324,
1.36849606102597));
#8795=CARTESIAN_POINT('Ctrl Pts',(-0.29051128726191,0.827132175905322,1.36849606102597));
#8796=CARTESIAN_POINT('Ctrl Pts',(-0.291063590089404,0.828704670536321,
1.36849606102597));
#8797=CARTESIAN_POINT('Ctrl Pts',(-0.291615892916898,0.83027716516732,1.36849606102597));
#8798=CARTESIAN_POINT('Ctrl Pts',(-0.289958222679351,0.825559948823394,
1.36507973810949));
#8799=CARTESIAN_POINT('Ctrl Pts',(-0.290510552270125,0.827132433076134,
1.36507973810949));
#8800=CARTESIAN_POINT('Ctrl Pts',(-0.291062797218173,0.828704949992501,
1.36507973810949));
#8801=CARTESIAN_POINT('Ctrl Pts',(-0.291615126808947,0.830277434245241,
1.36507973810949));
#8802=CARTESIAN_POINT('Ctrl Pts',(-0.28856909238754,0.82605028790716,1.36175036075158));
#8803=CARTESIAN_POINT('Ctrl Pts',(-0.289118774534806,0.827623706991676,
1.36175036075158));
#8804=CARTESIAN_POINT('Ctrl Pts',(-0.289668376482488,0.829197156182114,
1.36175036075158));
#8805=CARTESIAN_POINT('Ctrl Pts',(-0.290218058629754,0.83077057526663,1.36175036075158));
#8806=CARTESIAN_POINT('Ctrl Pts',(-0.286216236189257,0.826864720581097,
1.35953762915747));
#8807=CARTESIAN_POINT('Ctrl Pts',(-0.286761409972475,0.828439701001252,
1.35953762915747));
#8808=CARTESIAN_POINT('Ctrl Pts',(-0.287306583755692,0.830014681421406,
1.35953762915747));
#8809=CARTESIAN_POINT('Ctrl Pts',(-0.28785175753891,0.831589661841561,1.35953762915747));
#8810=CARTESIAN_POINT('',(-0.286216236189257,0.826864720581097,1.35953762915747));
#8811=CARTESIAN_POINT('Ctrl Pts',(-0.286216236189257,0.826864720581097,
1.35953762915747));
#8812=CARTESIAN_POINT('Ctrl Pts',(-0.286761409972475,0.828439701001252,
1.35953762915747));
#8813=CARTESIAN_POINT('Ctrl Pts',(-0.287306583755693,0.830014681421406,
1.35953762915747));
#8814=CARTESIAN_POINT('Ctrl Pts',(-0.28785175753891,0.831589661841561,1.35953762915747));
#8815=CARTESIAN_POINT('Ctrl Pts',(-0.283779257923918,0.827708271804676,
1.35730041350672));
#8816=CARTESIAN_POINT('Ctrl Pts',(-0.284319801315969,0.829284856731598,
1.35730041350672));
#8817=CARTESIAN_POINT('Ctrl Pts',(-0.284860310291432,0.830861448430924,
1.35730041350672));
#8818=CARTESIAN_POINT('Ctrl Pts',(-0.285400853683483,0.832438033357846,
1.35730041350672));
#8819=CARTESIAN_POINT('Ctrl Pts',(-0.280442932290964,0.82884703639361,1.35623012121814));
#8820=CARTESIAN_POINT('Ctrl Pts',(-0.280977116103978,0.830425792230446,
1.35623012121814));
#8821=CARTESIAN_POINT('Ctrl Pts',(-0.281511279519614,0.832004549336167,
1.35623012121814));
#8822=CARTESIAN_POINT('Ctrl Pts',(-0.282045463332627,0.833583305173002,
1.35623012121814));
#8823=CARTESIAN_POINT('Ctrl Pts',(-0.277348063907021,0.829881347812461,
1.35669368253247));
#8824=CARTESIAN_POINT('Ctrl Pts',(-0.27787634593351,0.831462074189247,1.35669368253247));
#8825=CARTESIAN_POINT('Ctrl Pts',(-0.27840462796,0.833042800566033,1.35669368253247));
#8826=CARTESIAN_POINT('Ctrl Pts',(-0.278932909986489,0.834623526942818,
1.35669368253247));
#8827=CARTESIAN_POINT('',(-0.277348063907021,0.829881347812461,1.35669368253247));
#8828=CARTESIAN_POINT('Ctrl Pts',(-0.277348063907021,0.829881347812461,
1.35669368253247));
#8829=CARTESIAN_POINT('Ctrl Pts',(-0.27787634593351,0.831462074189247,1.35669368253247));
#8830=CARTESIAN_POINT('Ctrl Pts',(-0.27840462796,0.833042800566033,1.35669368253247));
#8831=CARTESIAN_POINT('Ctrl Pts',(-0.278932909986489,0.834623526942818,
1.35669368253247));
#8832=CARTESIAN_POINT('Ctrl Pts',(-0.274918365213634,0.830693358144136,
1.3565429074938));
#8833=CARTESIAN_POINT('Ctrl Pts',(-0.275442019295386,0.832275631374986,
1.3565429074938));
#8834=CARTESIAN_POINT('Ctrl Pts',(-0.275965673218818,0.833857904102682,
1.3565429074938));
#8835=CARTESIAN_POINT('Ctrl Pts',(-0.27648932730057,0.835440177333531,1.3565429074938));
#8836=CARTESIAN_POINT('Ctrl Pts',(-0.272498062733828,0.831490068527881,
1.35687354143823));
#8837=CARTESIAN_POINT('Ctrl Pts',(-0.273017106667927,0.833073859147139,
1.35687354143823));
#8838=CARTESIAN_POINT('Ctrl Pts',(-0.27353615058678,0.834657649728783,1.35687354143823));
#8839=CARTESIAN_POINT('Ctrl Pts',(-0.274055194520878,0.83624144034804,1.35687354143823));
#8840=CARTESIAN_POINT('Ctrl Pts',(-0.267956691258738,0.832964408375041,
1.35846365344724));
#8841=CARTESIAN_POINT('Ctrl Pts',(-0.26846708496062,0.834551007265094,1.35846365344724));
#8842=CARTESIAN_POINT('Ctrl Pts',(-0.268977478649763,0.836137606104273,
1.35846365344724));
#8843=CARTESIAN_POINT('Ctrl Pts',(-0.269487872351645,0.837724204994327,
1.35846365344724));
#8844=CARTESIAN_POINT('Ctrl Pts',(-0.265880920175856,0.833628219922826,
1.35967278826765));
#8845=CARTESIAN_POINT('Ctrl Pts',(-0.266387360040631,0.835216083252193,
1.35967278826765));
#8846=CARTESIAN_POINT('Ctrl Pts',(-0.266893799854944,0.836803946421591,
1.35967278826765));
#8847=CARTESIAN_POINT('Ctrl Pts',(-0.267400239719718,0.838391809750957,
1.35967278826765));
#8848=CARTESIAN_POINT('Ctrl Pts',(-0.262236989791914,0.83478165270962,1.36281838167274));
#8849=CARTESIAN_POINT('Ctrl Pts',(-0.262736488803497,0.836371712948263,
1.36281838167274));
#8850=CARTESIAN_POINT('Ctrl Pts',(-0.263235987864856,0.837961773343602,
1.36281838167274));
#8851=CARTESIAN_POINT('Ctrl Pts',(-0.263735486876439,0.839551833582246,
1.36281838167274));
#8852=CARTESIAN_POINT('Ctrl Pts',(-0.260697668168683,0.835262387478468,
1.3647352394643));
#8853=CARTESIAN_POINT('Ctrl Pts',(-0.261194235158295,0.836853363466328,
1.3647352394643));
#8854=CARTESIAN_POINT('Ctrl Pts',(-0.261690802140035,0.838444339419056,
1.3647352394643));
#8855=CARTESIAN_POINT('Ctrl Pts',(-0.262187369129647,0.840035315406916,
1.3647352394643));
#8856=CARTESIAN_POINT('Ctrl Pts',(-0.258319488945924,0.836000961636341,
1.36912601991956));
#8857=CARTESIAN_POINT('Ctrl Pts',(-0.258811526055671,0.837593344379133,
1.36912601991956));
#8858=CARTESIAN_POINT('Ctrl Pts',(-0.259303563201582,0.839185727245757,
1.36912601991956));
#8859=CARTESIAN_POINT('Ctrl Pts',(-0.259795600311329,0.840778109988549,
1.36912601991956));
#8860=CARTESIAN_POINT('Ctrl Pts',(-0.257531280264085,0.836243246046984,
1.3715673767757));
#8861=CARTESIAN_POINT('Ctrl Pts',(-0.258021815983587,0.837836090161254,
1.3715673767757));
#8862=CARTESIAN_POINT('Ctrl Pts',(-0.258512351860378,0.839428934767269,
1.3715673767757));
#8863=CARTESIAN_POINT('Ctrl Pts',(-0.25900288757988,0.841021778881539,1.3715673767757));
#8864=CARTESIAN_POINT('Ctrl Pts',(-0.257190821383683,0.836347942782181,
1.37411285560997));
#8865=CARTESIAN_POINT('Ctrl Pts',(-0.257680708662509,0.837940986482719,
1.37411285560997));
#8866=CARTESIAN_POINT('Ctrl Pts',(-0.258170595941335,0.839534030183256,
1.37411285560997));
#8867=CARTESIAN_POINT('Ctrl Pts',(-0.258660483220161,0.841127073883794,
1.37411285560997));
#8868=CARTESIAN_POINT('',(-0.257190821383683,0.836347942782181,1.37411285560997));
#8869=CARTESIAN_POINT('Ctrl Pts',(-0.257190821383683,0.836347942782181,
1.37411285560997));
#8870=CARTESIAN_POINT('Ctrl Pts',(-0.257680708662509,0.837940986482719,
1.37411285560997));
#8871=CARTESIAN_POINT('Ctrl Pts',(-0.258170595941335,0.839534030183256,
1.37411285560997));
#8872=CARTESIAN_POINT('Ctrl Pts',(-0.258660483220161,0.841127073883794,
1.37411285560997));
#8873=CARTESIAN_POINT('Ctrl Pts',(-0.257055057548581,0.836389692406325,
1.37957560354088));
#8874=CARTESIAN_POINT('Ctrl Pts',(-0.257544567175287,0.837982849009136,
1.37957560354088));
#8875=CARTESIAN_POINT('Ctrl Pts',(-0.258034433965009,0.839575905474407,
1.37957560354088));
#8876=CARTESIAN_POINT('Ctrl Pts',(-0.258523943591716,0.841169062077218,
1.37957560354088));
#8877=CARTESIAN_POINT('Ctrl Pts',(-0.260176608879036,0.835438057362729,
1.38502652581828));
#8878=CARTESIAN_POINT('Ctrl Pts',(-0.260672077588225,0.837029399865786,
1.38502652581828));
#8879=CARTESIAN_POINT('Ctrl Pts',(-0.261167863649156,0.83862064661603,1.38502652581828));
#8880=CARTESIAN_POINT('Ctrl Pts',(-0.261663332358345,0.840211989119087,
1.38502652581828));
#8881=CARTESIAN_POINT('Ctrl Pts',(-0.264808299633017,0.833967364136913,
1.38744385541397));
#8882=CARTESIAN_POINT('Ctrl Pts',(-0.265312696394222,0.835555873401936,
1.38744385541397));
#8883=CARTESIAN_POINT('Ctrl Pts',(-0.265817093155428,0.837144382666959,
1.38744385541397));
#8884=CARTESIAN_POINT('Ctrl Pts',(-0.266321489916634,0.838732891931981,
1.38744385541397));
#8885=CARTESIAN_POINT('',(-0.264808299633017,0.833967364136913,1.38744385541397));
#8886=CARTESIAN_POINT('Ctrl Pts',(-0.264808299633017,0.833967364136913,
1.38744385541397));
#8887=CARTESIAN_POINT('Ctrl Pts',(-0.265312696394222,0.835555873401936,
1.38744385541397));
#8888=CARTESIAN_POINT('Ctrl Pts',(-0.265817093155428,0.837144382666959,
1.38744385541397));
#8889=CARTESIAN_POINT('Ctrl Pts',(-0.266321489916634,0.838732891931981,
1.38744385541397));
#8890=CARTESIAN_POINT('Ctrl Pts',(-0.261849248339343,0.834906946877559,
1.3918875220153));
#8891=CARTESIAN_POINT('Ctrl Pts',(-0.262348008812389,0.836497245824053,
1.3918875220153));
#8892=CARTESIAN_POINT('Ctrl Pts',(-0.262846769285379,0.838087544770365,
1.3918875220153));
#8893=CARTESIAN_POINT('Ctrl Pts',(-0.263345529758425,0.839677843716859,
1.3918875220153));
#8894=CARTESIAN_POINT('Ctrl Pts',(-0.25888519631145,0.835830780679359,1.39633118861663));
#8895=CARTESIAN_POINT('Ctrl Pts',(-0.25937831097111,0.837422839309286,1.39633118861663));
#8896=CARTESIAN_POINT('Ctrl Pts',(-0.259871425630713,0.83901489793903,1.39633118861663));
#8897=CARTESIAN_POINT('Ctrl Pts',(-0.260364540290373,0.840606956568956,
1.39633118861663));
#8898=CARTESIAN_POINT('Ctrl Pts',(-0.255916311467563,0.836738813205673,
1.40077485521797));
#8899=CARTESIAN_POINT('Ctrl Pts',(-0.256403771108453,0.838332601421303,
1.40077485521797));
#8900=CARTESIAN_POINT('Ctrl Pts',(-0.256891230749344,0.839926389636933,
1.40077485521797));
#8901=CARTESIAN_POINT('Ctrl Pts',(-0.257378690390234,0.841520177852563,
1.40077485521797));
#8902=CARTESIAN_POINT('',(-0.255916311467563,0.836738813205673,1.40077485521797));
#8903=CARTESIAN_POINT('Ctrl Pts',(-0.255916311467563,0.836738813205673,
1.40077485521797));
#8904=CARTESIAN_POINT('Ctrl Pts',(-0.256403771108453,0.838332601421303,
1.40077485521797));
#8905=CARTESIAN_POINT('Ctrl Pts',(-0.256891230749344,0.839926389636933,
1.40077485521797));
#8906=CARTESIAN_POINT('Ctrl Pts',(-0.257378690390234,0.841520177852563,
1.40077485521797));
#8907=CARTESIAN_POINT('Ctrl Pts',(-0.252378407213095,0.837820880145606,
1.39866941609173));
#8908=CARTESIAN_POINT('Ctrl Pts',(-0.252859128799516,0.839416730745193,
1.39866941609173));
#8909=CARTESIAN_POINT('Ctrl Pts',(-0.253339847953607,0.841012577432565,
1.39866941609173));
#8910=CARTESIAN_POINT('Ctrl Pts',(-0.253820569540027,0.842608428032152,
1.39866941609173));
#8911=CARTESIAN_POINT('Ctrl Pts',(-0.245259389398982,0.839936904537458,
1.39165581198176));
#8912=CARTESIAN_POINT('Ctrl Pts',(-0.245726573567079,0.841536778785344,
1.39165581198176));
#8913=CARTESIAN_POINT('Ctrl Pts',(-0.246193687456023,0.84313666974407,1.39165581198176));
#8914=CARTESIAN_POINT('Ctrl Pts',(-0.246660871624119,0.844736543991957,
1.39165581198176));
#8915=CARTESIAN_POINT('Ctrl Pts',(-0.242765163380323,0.840648694116924,
1.38154123636944));
#8916=CARTESIAN_POINT('Ctrl Pts',(-0.24322753052203,0.842249938205529,1.38154123636944));
#8917=CARTESIAN_POINT('Ctrl Pts',(-0.243690025743647,0.843851156851845,
1.38154123636944));
#8918=CARTESIAN_POINT('Ctrl Pts',(-0.244152392885354,0.845452400940449,
1.38154123636944));
#8919=CARTESIAN_POINT('Ctrl Pts',(-0.243139029552457,0.840540547688385,
1.37585477291747));
#8920=CARTESIAN_POINT('Ctrl Pts',(-0.243602151513509,0.842141577303029,
1.37585477291747));
#8921=CARTESIAN_POINT('Ctrl Pts',(-0.244065273474561,0.843742606917674,
1.37585477291747));
#8922=CARTESIAN_POINT('Ctrl Pts',(-0.244528395435614,0.845343636532318,
1.37585477291747));
#8923=CARTESIAN_POINT('',(-0.243139029552457,0.840540547688385,1.37585477291747));
#8924=CARTESIAN_POINT('Ctrl Pts',(-0.243139029552457,0.840540547688385,
1.37585477291747));
#8925=CARTESIAN_POINT('Ctrl Pts',(-0.243602151513509,0.842141577303029,
1.37585477291747));
#8926=CARTESIAN_POINT('Ctrl Pts',(-0.244065273474561,0.843742606917674,
1.37585477291747));
#8927=CARTESIAN_POINT('Ctrl Pts',(-0.244528395435614,0.845343636532318,
1.37585477291747));
#8928=CARTESIAN_POINT('Ctrl Pts',(-0.243275626835778,0.84050103486417,1.35614266787397));
#8929=CARTESIAN_POINT('Ctrl Pts',(-0.243739000136331,0.842101969245109,
1.35614266787397));
#8930=CARTESIAN_POINT('Ctrl Pts',(-0.244202399974286,0.843702963539598,
1.35614266787397));
#8931=CARTESIAN_POINT('Ctrl Pts',(-0.244665773274839,0.845303897920537,
1.35614266787397));
#8932=CARTESIAN_POINT('Ctrl Pts',(-0.258652397276495,0.836129478291711,
1.34016324277547));
#8933=CARTESIAN_POINT('Ctrl Pts',(-0.259145071479591,0.837722127971141,
1.34016324277547));
#8934=CARTESIAN_POINT('Ctrl Pts',(-0.259637736772122,0.839314711345376,
1.34016324277547));
#8935=CARTESIAN_POINT('Ctrl Pts',(-0.260130410975218,0.840907361024806,
1.34016324277547));
#8936=CARTESIAN_POINT('Ctrl Pts',(-0.277348063907021,0.829881347812461,
1.34002104544447));
#8937=CARTESIAN_POINT('Ctrl Pts',(-0.27787634593351,0.831462074189247,1.34002104544447));
#8938=CARTESIAN_POINT('Ctrl Pts',(-0.27840462796,0.833042800566033,1.34002104544447));
#8939=CARTESIAN_POINT('Ctrl Pts',(-0.278932909986489,0.834623526942818,
1.34002104544447));
#8940=CARTESIAN_POINT('',(-0.277348063907021,0.829881347812461,1.34002104544447));
#8941=CARTESIAN_POINT('Ctrl Pts',(-0.277348063907021,0.829881347812461,
1.34002104544447));
#8942=CARTESIAN_POINT('Ctrl Pts',(-0.27787634593351,0.831462074189247,1.34002104544447));
#8943=CARTESIAN_POINT('Ctrl Pts',(-0.27840462796,0.833042800566033,1.34002104544447));
#8944=CARTESIAN_POINT('Ctrl Pts',(-0.278932909986489,0.834623526942818,
1.34002104544447));
#8945=CARTESIAN_POINT('Ctrl Pts',(-0.27909548461808,0.829297356194478,1.3399194917125));
#8946=CARTESIAN_POINT('Ctrl Pts',(-0.27962709507897,0.830876970246647,1.3399194917125));
#8947=CARTESIAN_POINT('Ctrl Pts',(-0.280158705497865,0.832456584177706,
1.3399194917125));
#8948=CARTESIAN_POINT('Ctrl Pts',(-0.280690315958755,0.834036198229875,
1.3399194917125));
#8949=CARTESIAN_POINT('Ctrl Pts',(-0.280845689200827,0.828706234098527,
1.3400129680618));
#8950=CARTESIAN_POINT('Ctrl Pts',(-0.281380633369996,0.830284722161959,
1.3400129680618));
#8951=CARTESIAN_POINT('Ctrl Pts',(-0.281915577541377,0.831863210229943,
1.3400129680618));
#8952=CARTESIAN_POINT('Ctrl Pts',(-0.282450521710546,0.833441698293375,
1.3400129680618));
#8953=CARTESIAN_POINT('Ctrl Pts',(-0.284278864223129,0.827534763735822,
1.34058101455274));
#8954=CARTESIAN_POINT('Ctrl Pts',(-0.284820347779246,0.82911102044279,1.34058101455274));
#8955=CARTESIAN_POINT('Ctrl Pts',(-0.285361831319715,0.830687277107345,
1.34058101455274));
#8956=CARTESIAN_POINT('Ctrl Pts',(-0.285903314875832,0.832263533814313,
1.34058101455274));
#8957=CARTESIAN_POINT('Ctrl Pts',(-0.285953613353829,0.826957346027953,
1.34105042251581));
#8958=CARTESIAN_POINT('Ctrl Pts',(-0.286498286906433,0.828532502887365,
1.34105042251581));
#8959=CARTESIAN_POINT('Ctrl Pts',(-0.287042960448962,0.830107659717272,
1.34105042251581));
#8960=CARTESIAN_POINT('Ctrl Pts',(-0.287587634001565,0.831682816576684,
1.34105042251581));
#8961=CARTESIAN_POINT('Ctrl Pts',(-0.289181664023948,0.825834055394325,
1.34234520422541));
#8962=CARTESIAN_POINT('Ctrl Pts',(-0.289732486242281,0.827407072645133,
1.34234520422541));
#8963=CARTESIAN_POINT('Ctrl Pts',(-0.290283308457181,0.828980089888626,
1.34234520422541));
#8964=CARTESIAN_POINT('Ctrl Pts',(-0.290834130675514,0.830553107139435,
1.34234520422541));
#8965=CARTESIAN_POINT('Ctrl Pts',(-0.290728158888417,0.825290563140143,
1.34316816908716));
#8966=CARTESIAN_POINT('Ctrl Pts',(-0.291281926815157,0.826862545178717,
1.34316816908716));
#8967=CARTESIAN_POINT('Ctrl Pts',(-0.291835694726754,0.828434527176656,
1.34316816908716));
#8968=CARTESIAN_POINT('Ctrl Pts',(-0.292389462653494,0.83000650921523,1.34316816908716));
#8969=CARTESIAN_POINT('Ctrl Pts',(-0.293643912190238,0.824257642703308,
1.34514584157782));
#8970=CARTESIAN_POINT('Ctrl Pts',(-0.294203233925808,0.825827657255376,
1.34514584157782));
#8971=CARTESIAN_POINT('Ctrl Pts',(-0.294762555667184,0.82739767182383,1.34514584157782));
#8972=CARTESIAN_POINT('Ctrl Pts',(-0.295321877402754,0.828967686375898,
1.34514584157782));
#8973=CARTESIAN_POINT('Ctrl Pts',(-0.29500454034878,0.823771232462235,1.3462983789763));
#8974=CARTESIAN_POINT('Ctrl Pts',(-0.295566453765425,0.825340320539378,
1.3462983789763));
#8975=CARTESIAN_POINT('Ctrl Pts',(-0.296128367162699,0.82690940857059,1.3462983789763));
#8976=CARTESIAN_POINT('Ctrl Pts',(-0.296690280579345,0.828478496647734,
1.3462983789763));
#8977=CARTESIAN_POINT('Ctrl Pts',(-0.296239388239608,0.823326924651091,
1.34759305333297));
#8978=CARTESIAN_POINT('Ctrl Pts',(-0.296803653741017,0.824895166412331,
1.34759305333297));
#8979=CARTESIAN_POINT('Ctrl Pts',(-0.297367919242426,0.826463408173571,
1.34759305333297));
#8980=CARTESIAN_POINT('Ctrl Pts',(-0.297932184743835,0.828031649934811,
1.34759305333297));
#8981=CARTESIAN_POINT('',(-0.296239388239608,0.823326924651091,1.34759305333297));
#8982=CARTESIAN_POINT('Ctrl Pts',(-0.296239388239608,0.823326924651091,
1.34759305333297));
#8983=CARTESIAN_POINT('Ctrl Pts',(-0.296803653741017,0.824895166412331,
1.34759305333297));
#8984=CARTESIAN_POINT('Ctrl Pts',(-0.297367919242426,0.826463408173571,
1.34759305333297));
#8985=CARTESIAN_POINT('Ctrl Pts',(-0.297932184743835,0.828031649934811,
1.34759305333297));
#8986=CARTESIAN_POINT('Ctrl Pts',(-0.297485879686035,0.822878427398688,
1.34888256763246));
#8987=CARTESIAN_POINT('Ctrl Pts',(-0.298052519452995,0.8244458148666,1.34888256763246));
#8988=CARTESIAN_POINT('Ctrl Pts',(-0.298619159231567,0.826013202373054,
1.34888256763246));
#8989=CARTESIAN_POINT('Ctrl Pts',(-0.299185798998527,0.827580589840966,
1.34888256763246));
#8990=CARTESIAN_POINT('Ctrl Pts',(-0.298601110523487,0.822473974133863,
1.35030580406665));
#8991=CARTESIAN_POINT('Ctrl Pts',(-0.299169874545305,0.824040591232155,
1.35030580406665));
#8992=CARTESIAN_POINT('Ctrl Pts',(-0.299738638561803,0.825607208316335,
1.35030580406665));
#8993=CARTESIAN_POINT('Ctrl Pts',(-0.300307402583621,0.827173825414628,
1.35030580406665));
#8994=CARTESIAN_POINT('Ctrl Pts',(-0.300523445538035,0.821773503305406,
1.35335926057507));
#8995=CARTESIAN_POINT('Ctrl Pts',(-0.301095871144309,0.823338786156689,
1.35335926057507));
#8996=CARTESIAN_POINT('Ctrl Pts',(-0.301668296763406,0.824904069044439,
1.35335926057507));
#8997=CARTESIAN_POINT('Ctrl Pts',(-0.302240722369681,0.826469351895722,
1.35335926057507));
#8998=CARTESIAN_POINT('Ctrl Pts',(-0.301328631420473,0.821478255630556,
1.354978582967));
#8999=CARTESIAN_POINT('Ctrl Pts',(-0.301902590718034,0.82304297611582,1.354978582967));
#9000=CARTESIAN_POINT('Ctrl Pts',(-0.302476550016743,0.824607696606038,
1.354978582967));
#9001=CARTESIAN_POINT('Ctrl Pts',(-0.303050509314304,0.826172417091302,
1.354978582967));
#9002=CARTESIAN_POINT('Ctrl Pts',(-0.302611883630925,0.821006402541929,
1.35836995746968));
#9003=CARTESIAN_POINT('Ctrl Pts',(-0.303188287215027,0.822570224250899,
1.35836995746968));
#9004=CARTESIAN_POINT('Ctrl Pts',(-0.303764690810429,0.824134045990341,
1.35836995746968));
#9005=CARTESIAN_POINT('Ctrl Pts',(-0.304341094394531,0.825697867699311,
1.35836995746968));
#9006=CARTESIAN_POINT('Ctrl Pts',(-0.303086272209796,0.820831172070322,
1.36013371409822));
#9007=CARTESIAN_POINT('Ctrl Pts',(-0.303663579390382,0.822394660004237,
1.36013371409822));
#9008=CARTESIAN_POINT('Ctrl Pts',(-0.304240886584694,0.823958147976808,
1.36013371409822));
#9009=CARTESIAN_POINT('Ctrl Pts',(-0.30481819376528,0.825521635910723,1.36013371409822));
#9010=CARTESIAN_POINT('Ctrl Pts',(-0.303684280702024,0.820610113308659,
1.3637545874289));
#9011=CARTESIAN_POINT('Ctrl Pts',(-0.304262726951036,0.822173180191502,
1.3637545874289));
#9012=CARTESIAN_POINT('Ctrl Pts',(-0.304841173199882,0.823736247073295,
1.3637545874289));
#9013=CARTESIAN_POINT('Ctrl Pts',(-0.305419619448893,0.825299313956138,
1.3637545874289));
#9014=CARTESIAN_POINT('Ctrl Pts',(-0.303802743350389,0.820566205814737,
1.36560144100103));
#9015=CARTESIAN_POINT('Ctrl Pts',(-0.304381415227489,0.822129189023093,
1.36560144100103));
#9016=CARTESIAN_POINT('Ctrl Pts',(-0.304960087149578,0.823692172353893,
1.36560144100103));
#9017=CARTESIAN_POINT('Ctrl Pts',(-0.305538759026677,0.825255155562249,
1.36560144100103));
#9018=CARTESIAN_POINT('Ctrl Pts',(-0.303736479924453,0.820590732803572,
1.36744735570797));
#9019=CARTESIAN_POINT('Ctrl Pts',(-0.304315025600499,0.822153762770817,
1.36744735570797));
#9020=CARTESIAN_POINT('Ctrl Pts',(-0.304893571276546,0.823716792738062,
1.36744735570797));
#9021=CARTESIAN_POINT('Ctrl Pts',(-0.305472116952593,0.825279822705307,
1.36744735570797));
#9022=CARTESIAN_POINT('Ctrl Pts',(-0.297025327372008,0.823043713844868,
1.00439908339247));
#9023=CARTESIAN_POINT('Ctrl Pts',(-0.297591089900335,0.824611416156953,
1.00439908339247));
#9024=CARTESIAN_POINT('Ctrl Pts',(-0.298156852428663,0.826179118469038,
1.00439908339247));
#9025=CARTESIAN_POINT('Ctrl Pts',(-0.298722614956991,0.827746820781124,
1.00439908339247));
#9026=CARTESIAN_POINT('Ctrl Pts',(-0.301871376814064,0.821294840245841,
1.0098074773056));
#9027=CARTESIAN_POINT('Ctrl Pts',(-0.302446437667457,0.822859181910009,
1.0098074773056));
#9028=CARTESIAN_POINT('Ctrl Pts',(-0.30302129525675,0.824423611954508,1.0098074773056));
#9029=CARTESIAN_POINT('Ctrl Pts',(-0.303596356110144,0.825987953618675,
1.0098074773056));
#9030=CARTESIAN_POINT('Ctrl Pts',(-0.304381788819462,0.820351875789474,
1.01757195365752));
#9031=CARTESIAN_POINT('Ctrl Pts',(-0.304961634284019,0.821914418713495,
1.01757195365752));
#9032=CARTESIAN_POINT('Ctrl Pts',(-0.305541267862446,0.823477057869964,
1.01757195365752));
#9033=CARTESIAN_POINT('Ctrl Pts',(-0.306121113327002,0.825039600793985,
1.01757195365752));
#9034=CARTESIAN_POINT('Ctrl Pts',(-0.303736479924453,0.820590732803572,
1.0250887950885));
#9035=CARTESIAN_POINT('Ctrl Pts',(-0.304315025600499,0.822153762770817,
1.0250887950885));
#9036=CARTESIAN_POINT('Ctrl Pts',(-0.304893571276546,0.823716792738062,
1.0250887950885));
#9037=CARTESIAN_POINT('Ctrl Pts',(-0.305472116952593,0.825279822705307,
1.0250887950885));
#9038=CARTESIAN_POINT('',(-0.303738110882713,0.820590128662583,1.02508850521251));
#9039=CARTESIAN_POINT('',(-0.297025327372008,0.823043713844868,1.00439908339247));
#9040=CARTESIAN_POINT('Ctrl Pts',(-0.303736479924453,0.820590732803572,
1.0250887950885));
#9041=CARTESIAN_POINT('Ctrl Pts',(-0.304381788819462,0.820351875789474,
1.01757195365752));
#9042=CARTESIAN_POINT('Ctrl Pts',(-0.301871376814064,0.821294840245841,
1.0098074773056));
#9043=CARTESIAN_POINT('Ctrl Pts',(-0.297025327372008,0.823043713844868,
1.00439908339247));
#9044=CARTESIAN_POINT('',(-0.305474860467587,0.825278806450076,1.02508831024439));
#9045=CARTESIAN_POINT('',(-0.303736479924453,0.820590732803572,1.0250887950885));
#9046=CARTESIAN_POINT('',(-0.298722614956991,0.827746820781124,1.00439908339247));
#9047=CARTESIAN_POINT('Ctrl Pts',(-0.298722614956991,0.827746820781124,
1.00439908339247));
#9048=CARTESIAN_POINT('Ctrl Pts',(-0.303596356110144,0.825987953618675,
1.0098074773056));
#9049=CARTESIAN_POINT('Ctrl Pts',(-0.306121113327002,0.825039600793985,
1.01757195365752));
#9050=CARTESIAN_POINT('Ctrl Pts',(-0.305472116952593,0.825279822705307,
1.0250887950885));
#9051=CARTESIAN_POINT('',(-0.297025327372008,0.823043713844868,1.00439908339247));
#9052=CARTESIAN_POINT('Ctrl Pts',(-0.277870610922556,0.829706528590396,
0.996062764848468));
#9053=CARTESIAN_POINT('Ctrl Pts',(-0.278399888276694,0.831286921978187,
0.996062764848468));
#9054=CARTESIAN_POINT('Ctrl Pts',(-0.278929165630832,0.832867315365978,
0.996062764848468));
#9055=CARTESIAN_POINT('Ctrl Pts',(-0.279458442984971,0.83444770875377,0.996062764848468));
#9056=CARTESIAN_POINT('Ctrl Pts',(-0.284973433110455,0.827327777221549,
0.995782187626153));
#9057=CARTESIAN_POINT('Ctrl Pts',(-0.285516263991206,0.828903639073314,
0.995782187626153));
#9058=CARTESIAN_POINT('Ctrl Pts',(-0.286059021847478,0.830479502668193,
0.995782187626153));
#9059=CARTESIAN_POINT('Ctrl Pts',(-0.286601852728229,0.832055364519958,
0.995782187626153));
#9060=CARTESIAN_POINT('Ctrl Pts',(-0.292110367671285,0.824817456222787,
0.998891770458421));
#9061=CARTESIAN_POINT('Ctrl Pts',(-0.292666800980848,0.826388532012525,
0.998891770458421));
#9062=CARTESIAN_POINT('Ctrl Pts',(-0.2932231364627,0.827959623040037,0.998891770458421));
#9063=CARTESIAN_POINT('Ctrl Pts',(-0.293779569772264,0.829530698829775,
0.998891770458421));
#9064=CARTESIAN_POINT('Ctrl Pts',(-0.297025327372008,0.823043713844867,
1.00439908339247));
#9065=CARTESIAN_POINT('Ctrl Pts',(-0.297591089900336,0.824611416156953,
1.00439908339247));
#9066=CARTESIAN_POINT('Ctrl Pts',(-0.298156852428663,0.826179118469038,
1.00439908339247));
#9067=CARTESIAN_POINT('Ctrl Pts',(-0.298722614956991,0.827746820781124,
1.00439908339247));
#9068=CARTESIAN_POINT('',(-0.277870610922556,0.829706528590396,0.996062764848468));
#9069=CARTESIAN_POINT('Ctrl Pts',(-0.297025327372008,0.823043713844867,
1.00439908339247));
#9070=CARTESIAN_POINT('Ctrl Pts',(-0.292110367671285,0.824817456222787,
0.998891770458421));
#9071=CARTESIAN_POINT('Ctrl Pts',(-0.284973433110455,0.827327777221549,
0.995782187626153));
#9072=CARTESIAN_POINT('Ctrl Pts',(-0.277870610922556,0.829706528590396,
0.996062764848468));
#9073=CARTESIAN_POINT('',(-0.279458442984971,0.83444770875377,0.996062764848468));
#9074=CARTESIAN_POINT('Ctrl Pts',(-0.279458442984971,0.83444770875377,0.996062764848468));
#9075=CARTESIAN_POINT('Ctrl Pts',(-0.286601852728229,0.832055364519958,
0.995782187626153));
#9076=CARTESIAN_POINT('Ctrl Pts',(-0.293779569772264,0.829530698829775,
0.998891770458421));
#9077=CARTESIAN_POINT('Ctrl Pts',(-0.298722614956991,0.827746820781124,
1.00439908339247));
#9078=CARTESIAN_POINT('',(-0.277870610922556,0.829706528590396,0.996062764848468));
#9079=CARTESIAN_POINT('Ctrl Pts',(-0.252940150002073,0.837643289543305,
1.00695863535497));
#9080=CARTESIAN_POINT('Ctrl Pts',(-0.253421940763982,0.839238800571007,
1.00695863535497));
#9081=CARTESIAN_POINT('Ctrl Pts',(-0.25390373152589,0.840834311598708,1.00695863535497));
#9082=CARTESIAN_POINT('Ctrl Pts',(-0.254385522287799,0.84242982262641,1.00695863535497));
#9083=CARTESIAN_POINT('Ctrl Pts',(-0.254573542902879,0.837150059727583,
1.0052170349373));
#9084=CARTESIAN_POINT('Ctrl Pts',(-0.255058444893905,0.838744631291985,
1.0052170349373));
#9085=CARTESIAN_POINT('Ctrl Pts',(-0.255543346871299,0.840339202790195,
1.0052170349373));
#9086=CARTESIAN_POINT('Ctrl Pts',(-0.256028248862324,0.841933774354598,
1.0052170349373));
#9087=CARTESIAN_POINT('Ctrl Pts',(-0.256369418476025,0.836602532167225,
1.00365250564193));
#9088=CARTESIAN_POINT('Ctrl Pts',(-0.256857741175268,0.838196060791333,
1.00365250564193));
#9089=CARTESIAN_POINT('Ctrl Pts',(-0.25734606388236,0.839789589441215,1.00365250564193));
#9090=CARTESIAN_POINT('Ctrl Pts',(-0.257834386581603,0.841383118065323,
1.00365250564193));
#9091=CARTESIAN_POINT('Ctrl Pts',(-0.260214131507935,0.835414643811197,
1.00093377980648));
#9092=CARTESIAN_POINT('Ctrl Pts',(-0.260709777478501,0.837005909820156,
1.00093377980648));
#9093=CARTESIAN_POINT('Ctrl Pts',(-0.261205423431701,0.838597175766873,
1.00093377980648));
#9094=CARTESIAN_POINT('Ctrl Pts',(-0.261701069402266,0.840188441775833,
1.00093377980648));
#9095=CARTESIAN_POINT('Ctrl Pts',(-0.262251928323421,0.834777759554819,
0.999782777419136));
#9096=CARTESIAN_POINT('Ctrl Pts',(-0.262751455806356,0.836367812433453,
0.999782777419136));
#9097=CARTESIAN_POINT('Ctrl Pts',(-0.263250983288048,0.837957865302213,
0.999782777419136));
#9098=CARTESIAN_POINT('Ctrl Pts',(-0.263750510770983,0.839547918180846,
0.999782777419136));
#9099=CARTESIAN_POINT('Ctrl Pts',(-0.266505940462571,0.833429398375132,
0.997923138611348));
#9100=CARTESIAN_POINT('Ctrl Pts',(-0.267013570830351,0.835016882959033,
0.997923138611348));
#9101=CARTESIAN_POINT('Ctrl Pts',(-0.267521201183148,0.836604367496231,
0.997923138611348));
#9102=CARTESIAN_POINT('Ctrl Pts',(-0.268028831550929,0.838191852080132,
0.997923138611348));
#9103=CARTESIAN_POINT('Ctrl Pts',(-0.268712951869132,0.832720822198281,
0.997217994066024));
#9104=CARTESIAN_POINT('Ctrl Pts',(-0.269224786069328,0.834306957119401,
0.997217994066024));
#9105=CARTESIAN_POINT('Ctrl Pts',(-0.269736620251044,0.835893091975436,
0.997217994066024));
#9106=CARTESIAN_POINT('Ctrl Pts',(-0.270248454451241,0.837479226896556,
0.997217994066024));
#9107=CARTESIAN_POINT('Ctrl Pts',(-0.273243300091146,0.831245351396542,
0.996275382370104));
#9108=CARTESIAN_POINT('Ctrl Pts',(-0.27376376351969,0.832828675873361,0.996275382370104));
#9109=CARTESIAN_POINT('Ctrl Pts',(-0.274284226948837,0.834412000356275,
0.996275382370104));
#9110=CARTESIAN_POINT('Ctrl Pts',(-0.274804690377381,0.835995324833094,
0.996275382370104));
#9111=CARTESIAN_POINT('Ctrl Pts',(-0.275555920063479,0.830481723844315,
0.996045139944146));
#9112=CARTESIAN_POINT('Ctrl Pts',(-0.276080788502584,0.832063593858001,
0.996045139944146));
#9113=CARTESIAN_POINT('Ctrl Pts',(-0.27660565688188,0.833645463681167,0.996045139944146));
#9114=CARTESIAN_POINT('Ctrl Pts',(-0.277130525320985,0.835227333694854,
0.996045139944146));
#9115=CARTESIAN_POINT('Ctrl Pts',(-0.277870610922556,0.829706528590396,
0.996062764848468));
#9116=CARTESIAN_POINT('Ctrl Pts',(-0.278399888276694,0.831286921978187,
0.996062764848468));
#9117=CARTESIAN_POINT('Ctrl Pts',(-0.278929165630832,0.832867315365978,
0.996062764848468));
#9118=CARTESIAN_POINT('Ctrl Pts',(-0.279458442984971,0.83444770875377,0.996062764848468));
#9119=CARTESIAN_POINT('',(-0.252940150002073,0.837643289543305,1.00695863535497));
#9120=CARTESIAN_POINT('Ctrl Pts',(-0.277870610922556,0.829706528590396,
0.996062764848468));
#9121=CARTESIAN_POINT('Ctrl Pts',(-0.275555920063479,0.830481723844315,
0.996045139944146));
#9122=CARTESIAN_POINT('Ctrl Pts',(-0.273243300091146,0.831245351396542,
0.996275382370104));
#9123=CARTESIAN_POINT('Ctrl Pts',(-0.268712951869132,0.832720822198281,
0.997217994066024));
#9124=CARTESIAN_POINT('Ctrl Pts',(-0.266505940462571,0.833429398375132,
0.997923138611348));
#9125=CARTESIAN_POINT('Ctrl Pts',(-0.262251928323421,0.834777759554819,
0.999782777419136));
#9126=CARTESIAN_POINT('Ctrl Pts',(-0.260214131507935,0.835414643811197,
1.00093377980648));
#9127=CARTESIAN_POINT('Ctrl Pts',(-0.256369418476025,0.836602532167225,
1.00365250564193));
#9128=CARTESIAN_POINT('Ctrl Pts',(-0.254573542902879,0.837150059727583,
1.0052170349373));
#9129=CARTESIAN_POINT('Ctrl Pts',(-0.252940150002073,0.837643289543305,
1.00695863535497));
#9130=CARTESIAN_POINT('',(-0.254385522287799,0.84242982262641,1.00695863535497));
#9131=CARTESIAN_POINT('Ctrl Pts',(-0.254385522287799,0.84242982262641,1.00695863535497));
#9132=CARTESIAN_POINT('Ctrl Pts',(-0.256028248862324,0.841933774354598,
1.0052170349373));
#9133=CARTESIAN_POINT('Ctrl Pts',(-0.257834386581603,0.841383118065323,
1.00365250564193));
#9134=CARTESIAN_POINT('Ctrl Pts',(-0.261701069402266,0.840188441775833,
1.00093377980648));
#9135=CARTESIAN_POINT('Ctrl Pts',(-0.263750510770983,0.839547918180846,
0.999782777419136));
#9136=CARTESIAN_POINT('Ctrl Pts',(-0.268028831550929,0.838191852080132,
0.997923138611348));
#9137=CARTESIAN_POINT('Ctrl Pts',(-0.270248454451241,0.837479226896556,
0.997217994066024));
#9138=CARTESIAN_POINT('Ctrl Pts',(-0.274804690377381,0.835995324833094,
0.996275382370104));
#9139=CARTESIAN_POINT('Ctrl Pts',(-0.277130525320985,0.835227333694854,
0.996045139944146));
#9140=CARTESIAN_POINT('Ctrl Pts',(-0.279458442984971,0.83444770875377,0.996062764848468));
#9141=CARTESIAN_POINT('',(-0.252940150002073,0.837643289543305,1.00695863535497));
#9142=CARTESIAN_POINT('Ctrl Pts',(-0.243139029552457,0.840540547688385,
1.03340733896618));
#9143=CARTESIAN_POINT('Ctrl Pts',(-0.243602151513509,0.842141577303029,
1.03340733896618));
#9144=CARTESIAN_POINT('Ctrl Pts',(-0.244065273474561,0.843742606917674,
1.03340733896618));
#9145=CARTESIAN_POINT('Ctrl Pts',(-0.244528395435614,0.845343636532318,
1.03340733896618));
#9146=CARTESIAN_POINT('Ctrl Pts',(-0.242816943728047,0.840633715870449,
1.02367457017362));
#9147=CARTESIAN_POINT('Ctrl Pts',(-0.243279368473676,0.84223493897741,1.02367457017362));
#9148=CARTESIAN_POINT('Ctrl Pts',(-0.24374204437515,0.843836113997034,1.02367457017362));
#9149=CARTESIAN_POINT('Ctrl Pts',(-0.244204469120779,0.845437337103995,
1.02367457017362));
#9150=CARTESIAN_POINT('Ctrl Pts',(-0.246466322899086,0.839598167973012,
1.01385847860324));
#9151=CARTESIAN_POINT('Ctrl Pts',(-0.246935703473631,0.84119741964009,1.01385847860324));
#9152=CARTESIAN_POINT('Ctrl Pts',(-0.247405321312536,0.842796620122923,
1.01385847860324));
#9153=CARTESIAN_POINT('Ctrl Pts',(-0.247874701887081,0.844395871790001,
1.01385847860324));
#9154=CARTESIAN_POINT('Ctrl Pts',(-0.252940150002073,0.837643289543305,
1.00695863535497));
#9155=CARTESIAN_POINT('Ctrl Pts',(-0.253421940763982,0.839238800571007,
1.00695863535497));
#9156=CARTESIAN_POINT('Ctrl Pts',(-0.25390373152589,0.840834311598708,1.00695863535497));
#9157=CARTESIAN_POINT('Ctrl Pts',(-0.254385522287799,0.84242982262641,1.00695863535497));
#9158=CARTESIAN_POINT('',(-0.243139029552457,0.840540547688385,1.03340733896618));
#9159=CARTESIAN_POINT('Ctrl Pts',(-0.252940150002073,0.837643289543305,
1.00695863535497));
#9160=CARTESIAN_POINT('Ctrl Pts',(-0.246466322899086,0.839598167973012,
1.01385847860324));
#9161=CARTESIAN_POINT('Ctrl Pts',(-0.242816943728047,0.840633715870449,
1.02367457017362));
#9162=CARTESIAN_POINT('Ctrl Pts',(-0.243139029552457,0.840540547688385,
1.03340733896618));
#9163=CARTESIAN_POINT('',(-0.244528395435614,0.845343636532318,1.03340733896618));
#9164=CARTESIAN_POINT('Ctrl Pts',(-0.244528395435614,0.845343636532318,
1.03340733896618));
#9165=CARTESIAN_POINT('Ctrl Pts',(-0.244204469120779,0.845437337103995,
1.02367457017362));
#9166=CARTESIAN_POINT('Ctrl Pts',(-0.247874701887081,0.844395871790001,
1.01385847860324));
#9167=CARTESIAN_POINT('Ctrl Pts',(-0.254385522287799,0.84242982262641,1.00695863535497));
#9168=CARTESIAN_POINT('',(-0.243139029552457,0.840540547688385,1.03340733896618));
#9169=CARTESIAN_POINT('Ctrl Pts',(-0.255916311467562,0.836738813205673,
1.05834519593283));
#9170=CARTESIAN_POINT('Ctrl Pts',(-0.256403771108453,0.838332601421303,
1.05834519593283));
#9171=CARTESIAN_POINT('Ctrl Pts',(-0.256891230749343,0.839926389636933,
1.05834519593283));
#9172=CARTESIAN_POINT('Ctrl Pts',(-0.257378690390234,0.841520177852563,
1.05834519593283));
#9173=CARTESIAN_POINT('Ctrl Pts',(-0.252376974194976,0.837821318433762,
1.05620918977277));
#9174=CARTESIAN_POINT('Ctrl Pts',(-0.252857693031213,0.839417169867874,
1.05620918977277));
#9175=CARTESIAN_POINT('Ctrl Pts',(-0.253338409496997,0.8410130173907,1.05620918977277));
#9176=CARTESIAN_POINT('Ctrl Pts',(-0.253819128333233,0.842608868824812,
1.05620918977277));
#9177=CARTESIAN_POINT('Ctrl Pts',(-0.245257959642678,0.839937309799988,
1.04915176377946));
#9178=CARTESIAN_POINT('Ctrl Pts',(-0.245725141301695,0.841537184768977,
1.04915176377946));
#9179=CARTESIAN_POINT('Ctrl Pts',(-0.246192252038762,0.843137076601284,
1.04915176377946));
#9180=CARTESIAN_POINT('Ctrl Pts',(-0.246659433697779,0.844736951570273,
1.04915176377946));
#9181=CARTESIAN_POINT('Ctrl Pts',(-0.242765192069663,0.8406486858181,1.03906289823093));
#9182=CARTESIAN_POINT('Ctrl Pts',(-0.243227559431412,0.842249929843827,
1.03906289823093));
#9183=CARTESIAN_POINT('Ctrl Pts',(-0.243690054376883,0.843851148568477,
1.03906289823093));
#9184=CARTESIAN_POINT('Ctrl Pts',(-0.244152421738632,0.845452392594204,
1.03906289823093));
#9185=CARTESIAN_POINT('Ctrl Pts',(-0.243139029552457,0.840540547688385,
1.03340733896618));
#9186=CARTESIAN_POINT('Ctrl Pts',(-0.243602151513509,0.842141577303029,
1.03340733896618));
#9187=CARTESIAN_POINT('Ctrl Pts',(-0.244065273474561,0.843742606917674,
1.03340733896618));
#9188=CARTESIAN_POINT('Ctrl Pts',(-0.244528395435614,0.845343636532318,
1.03340733896618));
#9189=CARTESIAN_POINT('',(-0.255916311467562,0.836738813205673,1.05834519593283));
#9190=CARTESIAN_POINT('Ctrl Pts',(-0.243139029552457,0.840540547688385,
1.03340733896618));
#9191=CARTESIAN_POINT('Ctrl Pts',(-0.242765192069663,0.8406486858181,1.03906289823093));
#9192=CARTESIAN_POINT('Ctrl Pts',(-0.245257959642678,0.839937309799988,
1.04915176377946));
#9193=CARTESIAN_POINT('Ctrl Pts',(-0.252376974194976,0.837821318433762,
1.05620918977277));
#9194=CARTESIAN_POINT('Ctrl Pts',(-0.255916311467562,0.836738813205673,
1.05834519593283));
#9195=CARTESIAN_POINT('',(-0.257378690390234,0.841520177852563,1.05834519593283));
#9196=CARTESIAN_POINT('Ctrl Pts',(-0.257378690390234,0.841520177852563,
1.05834519593283));
#9197=CARTESIAN_POINT('Ctrl Pts',(-0.253819128333233,0.842608868824812,
1.05620918977277));
#9198=CARTESIAN_POINT('Ctrl Pts',(-0.246659433697779,0.844736951570273,
1.04915176377946));
#9199=CARTESIAN_POINT('Ctrl Pts',(-0.244152421738632,0.845452392594204,
1.03906289823093));
#9200=CARTESIAN_POINT('Ctrl Pts',(-0.244528395435614,0.845343636532318,
1.03340733896618));
#9201=CARTESIAN_POINT('',(-0.255916311467562,0.836738813205673,1.05834519593283));
#9202=CARTESIAN_POINT('Ctrl Pts',(-0.264808299633016,0.833967364136913,
1.04501419612885));
#9203=CARTESIAN_POINT('Ctrl Pts',(-0.265312696394222,0.835555873401936,
1.04501419612885));
#9204=CARTESIAN_POINT('Ctrl Pts',(-0.265817093155428,0.837144382666959,
1.04501419612885));
#9205=CARTESIAN_POINT('Ctrl Pts',(-0.266321489916634,0.838732891931981,
1.04501419612885));
#9206=CARTESIAN_POINT('Ctrl Pts',(-0.261849248339343,0.834906946877559,
1.04945786273018));
#9207=CARTESIAN_POINT('Ctrl Pts',(-0.262348008812389,0.836497245824053,
1.04945786273018));
#9208=CARTESIAN_POINT('Ctrl Pts',(-0.262846769285378,0.838087544770365,
1.04945786273018));
#9209=CARTESIAN_POINT('Ctrl Pts',(-0.263345529758425,0.839677843716859,
1.04945786273018));
#9210=CARTESIAN_POINT('Ctrl Pts',(-0.25888519631145,0.835830780679359,1.05390152933151));
#9211=CARTESIAN_POINT('Ctrl Pts',(-0.25937831097111,0.837422839309286,1.05390152933151));
#9212=CARTESIAN_POINT('Ctrl Pts',(-0.259871425630713,0.83901489793903,1.05390152933151));
#9213=CARTESIAN_POINT('Ctrl Pts',(-0.260364540290373,0.840606956568956,
1.05390152933151));
#9214=CARTESIAN_POINT('Ctrl Pts',(-0.255916311467562,0.836738813205673,
1.05834519593283));
#9215=CARTESIAN_POINT('Ctrl Pts',(-0.256403771108453,0.838332601421303,
1.05834519593283));
#9216=CARTESIAN_POINT('Ctrl Pts',(-0.256891230749343,0.839926389636933,
1.05834519593283));
#9217=CARTESIAN_POINT('Ctrl Pts',(-0.257378690390234,0.841520177852563,
1.05834519593283));
#9218=CARTESIAN_POINT('',(-0.264808299633016,0.833967364136913,1.04501419612885));
#9219=CARTESIAN_POINT('Ctrl Pts',(-0.255916311467562,0.836738813205673,
1.05834519593283));
#9220=CARTESIAN_POINT('Ctrl Pts',(-0.25888519631145,0.835830780679359,1.05390152933151));
#9221=CARTESIAN_POINT('Ctrl Pts',(-0.261849248339343,0.834906946877559,
1.04945786273018));
#9222=CARTESIAN_POINT('Ctrl Pts',(-0.264808299633016,0.833967364136913,
1.04501419612885));
#9223=CARTESIAN_POINT('',(-0.266321489916634,0.838732891931981,1.04501419612885));
#9224=CARTESIAN_POINT('Ctrl Pts',(-0.266321489916634,0.838732891931981,
1.04501419612885));
#9225=CARTESIAN_POINT('Ctrl Pts',(-0.263345529758425,0.839677843716859,
1.04945786273018));
#9226=CARTESIAN_POINT('Ctrl Pts',(-0.260364540290373,0.840606956568956,
1.05390152933151));
#9227=CARTESIAN_POINT('Ctrl Pts',(-0.257378690390234,0.841520177852563,
1.05834519593283));
#9228=CARTESIAN_POINT('',(-0.264808299633016,0.833967364136913,1.04501419612885));
#9229=CARTESIAN_POINT('Ctrl Pts',(-0.257190821383683,0.836347942782181,
1.03168319632487));
#9230=CARTESIAN_POINT('Ctrl Pts',(-0.257680708662509,0.837940986482719,
1.03168319632487));
#9231=CARTESIAN_POINT('Ctrl Pts',(-0.258170595941335,0.839534030183256,
1.03168319632487));
#9232=CARTESIAN_POINT('Ctrl Pts',(-0.258660483220161,0.841127073883794,
1.03168319632487));
#9233=CARTESIAN_POINT('Ctrl Pts',(-0.257140531941256,0.836363407617261,
1.03306868734964));
#9234=CARTESIAN_POINT('Ctrl Pts',(-0.257630323417924,0.837956480733528,
1.03306868734964));
#9235=CARTESIAN_POINT('Ctrl Pts',(-0.258120114932823,0.839549553973094,
1.03306868734964));
#9236=CARTESIAN_POINT('Ctrl Pts',(-0.258609906409492,0.84114262708936,1.03306868734964));
#9237=CARTESIAN_POINT('Ctrl Pts',(-0.257283841194028,0.836319402634375,
1.03445030993316));
#9238=CARTESIAN_POINT('Ctrl Pts',(-0.257773905652871,0.837912391970631,
1.03445030993316));
#9239=CARTESIAN_POINT('Ctrl Pts',(-0.258263970113436,0.839505381313172,
1.03445030993316));
#9240=CARTESIAN_POINT('Ctrl Pts',(-0.25875403457228,0.841098370649428,1.03445030993316));
#9241=CARTESIAN_POINT('Ctrl Pts',(-0.257945144705629,0.836115674701845,
1.03710590910097));
#9242=CARTESIAN_POINT('Ctrl Pts',(-0.258436468788014,0.837708275978471,
1.03710590910097));
#9243=CARTESIAN_POINT('Ctrl Pts',(-0.258927792878704,0.839300877280659,
1.03710590910097));
#9244=CARTESIAN_POINT('Ctrl Pts',(-0.259419116961089,0.840893478557285,
1.03710590910097));
#9245=CARTESIAN_POINT('Ctrl Pts',(-0.258451769517663,0.835959429469184,
1.03836443908961));
#9246=CARTESIAN_POINT('Ctrl Pts',(-0.258944058599029,0.837551733133203,
1.03836443908961));
#9247=CARTESIAN_POINT('Ctrl Pts',(-0.259436347690684,0.839144036830704,
1.03836443908961));
#9248=CARTESIAN_POINT('Ctrl Pts',(-0.25992863677205,0.840736340494723,1.03836443908961));
#9249=CARTESIAN_POINT('Ctrl Pts',(-0.259786820423399,0.835545509798164,
1.04069107182751));
#9250=CARTESIAN_POINT('Ctrl Pts',(-0.26028165246329,0.837137025058583,1.04069107182751));
#9251=CARTESIAN_POINT('Ctrl Pts',(-0.260776484500213,0.838728540308019,
1.04069107182751));
#9252=CARTESIAN_POINT('Ctrl Pts',(-0.261271316540104,0.840320055568439,
1.04069107182751));
#9253=CARTESIAN_POINT('Ctrl Pts',(-0.260608067526375,0.83529002306879,1.04174829748054));
#9254=CARTESIAN_POINT('Ctrl Pts',(-0.261104463842992,0.836881051676631,
1.04174829748054));
#9255=CARTESIAN_POINT('Ctrl Pts',(-0.261600860167052,0.838472080307056,
1.04174829748054));
#9256=CARTESIAN_POINT('Ctrl Pts',(-0.262097256483669,0.840063108914897,
1.04174829748054));
#9257=CARTESIAN_POINT('Ctrl Pts',(-0.262529179047631,0.834688247374749,
1.04361096678269));
#9258=CARTESIAN_POINT('Ctrl Pts',(-0.263029234628487,0.836278129756223,
1.04361096678269));
#9259=CARTESIAN_POINT('Ctrl Pts',(-0.26352929020419,0.83786801212113,1.04361096678269));
#9260=CARTESIAN_POINT('Ctrl Pts',(-0.264029345785046,0.839457894502604,
1.04361096678269));
#9261=CARTESIAN_POINT('Ctrl Pts',(-0.263622971055192,0.834343739590796,
1.04439891725244));
#9262=CARTESIAN_POINT('Ctrl Pts',(-0.264125110049218,0.835932965768113,
1.04439891725244));
#9263=CARTESIAN_POINT('Ctrl Pts',(-0.264627249038624,0.837522191925426,
1.04439891725244));
#9264=CARTESIAN_POINT('Ctrl Pts',(-0.26512938803265,0.839111418102743,1.04439891725244));
#9265=CARTESIAN_POINT('Ctrl Pts',(-0.264808299633016,0.833967364136913,
1.04501419612885));
#9266=CARTESIAN_POINT('Ctrl Pts',(-0.265312696394222,0.835555873401936,
1.04501419612885));
#9267=CARTESIAN_POINT('Ctrl Pts',(-0.265817093155428,0.837144382666959,
1.04501419612885));
#9268=CARTESIAN_POINT('Ctrl Pts',(-0.266321489916634,0.838732891931981,
1.04501419612885));
#9269=CARTESIAN_POINT('',(-0.257190821383683,0.836347942782181,1.03168319632487));
#9270=CARTESIAN_POINT('Ctrl Pts',(-0.264808299633016,0.833967364136913,
1.04501419612885));
#9271=CARTESIAN_POINT('Ctrl Pts',(-0.263622971055192,0.834343739590796,
1.04439891725244));
#9272=CARTESIAN_POINT('Ctrl Pts',(-0.262529179047631,0.834688247374749,
1.04361096678269));
#9273=CARTESIAN_POINT('Ctrl Pts',(-0.260608067526375,0.83529002306879,1.04174829748054));
#9274=CARTESIAN_POINT('Ctrl Pts',(-0.259786820423399,0.835545509798164,
1.04069107182751));
#9275=CARTESIAN_POINT('Ctrl Pts',(-0.258451769517663,0.835959429469184,
1.03836443908961));
#9276=CARTESIAN_POINT('Ctrl Pts',(-0.257945144705629,0.836115674701845,
1.03710590910097));
#9277=CARTESIAN_POINT('Ctrl Pts',(-0.257283841194028,0.836319402634375,
1.03445030993316));
#9278=CARTESIAN_POINT('Ctrl Pts',(-0.257140531941256,0.836363407617261,
1.03306868734964));
#9279=CARTESIAN_POINT('Ctrl Pts',(-0.257190821383683,0.836347942782181,
1.03168319632487));
#9280=CARTESIAN_POINT('',(-0.258660483220161,0.841127073883794,1.03168319632487));
#9281=CARTESIAN_POINT('Ctrl Pts',(-0.258660483220161,0.841127073883794,
1.03168319632487));
#9282=CARTESIAN_POINT('Ctrl Pts',(-0.258609906409492,0.84114262708936,1.03306868734964));
#9283=CARTESIAN_POINT('Ctrl Pts',(-0.25875403457228,0.841098370649428,1.03445030993316));
#9284=CARTESIAN_POINT('Ctrl Pts',(-0.259419116961089,0.840893478557285,
1.03710590910097));
#9285=CARTESIAN_POINT('Ctrl Pts',(-0.25992863677205,0.840736340494723,1.03836443908961));
#9286=CARTESIAN_POINT('Ctrl Pts',(-0.261271316540104,0.840320055568439,
1.04069107182751));
#9287=CARTESIAN_POINT('Ctrl Pts',(-0.262097256483669,0.840063108914897,
1.04174829748054));
#9288=CARTESIAN_POINT('Ctrl Pts',(-0.264029345785046,0.839457894502604,
1.04361096678269));
#9289=CARTESIAN_POINT('Ctrl Pts',(-0.26512938803265,0.839111418102743,1.04439891725244));
#9290=CARTESIAN_POINT('Ctrl Pts',(-0.266321489916634,0.838732891931981,
1.04501419612885));
#9291=CARTESIAN_POINT('',(-0.257190821383683,0.836347942782181,1.03168319632487));
#9292=CARTESIAN_POINT('Ctrl Pts',(-0.277348063907021,0.829881347812461,
1.01417514991563));
#9293=CARTESIAN_POINT('Ctrl Pts',(-0.27787634593351,0.831462074189247,1.01417514991563));
#9294=CARTESIAN_POINT('Ctrl Pts',(-0.27840462796,0.833042800566033,1.01417514991563));
#9295=CARTESIAN_POINT('Ctrl Pts',(-0.278932909986489,0.834623526942818,
1.01417514991563));
#9296=CARTESIAN_POINT('Ctrl Pts',(-0.27491014195803,0.830696106373178,1.01404117415563));
#9297=CARTESIAN_POINT('Ctrl Pts',(-0.275433780377166,0.832278384841124,
1.01404117415563));
#9298=CARTESIAN_POINT('Ctrl Pts',(-0.275957418635797,0.833860662798792,
1.01404117415563));
#9299=CARTESIAN_POINT('Ctrl Pts',(-0.276481057054933,0.835442941266739,
1.01404117415563));
#9300=CARTESIAN_POINT('Ctrl Pts',(-0.27248282306437,0.831495076404219,1.01438502682825));
#9301=CARTESIAN_POINT('Ctrl Pts',(-0.27300183797072,0.833078876562908,1.01438502682825));
#9302=CARTESIAN_POINT('Ctrl Pts',(-0.273520852861245,0.834662676682125,
1.01438502682825));
#9303=CARTESIAN_POINT('Ctrl Pts',(-0.274039867767595,0.836246476840814,
1.01438502682825));
#9304=CARTESIAN_POINT('Ctrl Pts',(-0.267931730753465,0.832972453111701,
1.01599666710643));
#9305=CARTESIAN_POINT('Ctrl Pts',(-0.268442076911474,0.834559067324894,
1.01599666710643));
#9306=CARTESIAN_POINT('Ctrl Pts',(-0.268952423056905,0.836145681487717,
1.01599666710643));
#9307=CARTESIAN_POINT('Ctrl Pts',(-0.269462769214914,0.83773229570091,1.01599666710643));
#9308=CARTESIAN_POINT('Ctrl Pts',(-0.265851613565559,0.833637572216449,
1.01721505558858));
#9309=CARTESIAN_POINT('Ctrl Pts',(-0.266357997608676,0.83522545336124,1.01721505558858));
#9310=CARTESIAN_POINT('Ctrl Pts',(-0.266864381599959,0.836813334341466,
1.01721505558858));
#9311=CARTESIAN_POINT('Ctrl Pts',(-0.267370765643076,0.838401215486257,
1.01721505558858));
#9312=CARTESIAN_POINT('Ctrl Pts',(-0.26221244881394,0.834789344145903,1.02037453270381));
#9313=CARTESIAN_POINT('Ctrl Pts',(-0.262711901080401,0.836379419033536,
1.02037453270381));
#9314=CARTESIAN_POINT('Ctrl Pts',(-0.263211353397845,0.83796949408196,1.02037453270381));
#9315=CARTESIAN_POINT('Ctrl Pts',(-0.263710805664305,0.839559568969593,
1.02037453270381));
#9316=CARTESIAN_POINT('Ctrl Pts',(-0.260681019193106,0.835267573623853,
1.02229102743547));
#9317=CARTESIAN_POINT('Ctrl Pts',(-0.261177554470368,0.836858559490018,
1.02229102743547));
#9318=CARTESIAN_POINT('Ctrl Pts',(-0.261674089739805,0.838449545321252,
1.02229102743547));
#9319=CARTESIAN_POINT('Ctrl Pts',(-0.262170625017067,0.840040531187417,
1.02229102743547));
#9320=CARTESIAN_POINT('Ctrl Pts',(-0.258312281879105,0.836003183488468,
1.02668768321845));
#9321=CARTESIAN_POINT('Ctrl Pts',(-0.258804305260985,0.837595570462965,
1.02668768321845));
#9322=CARTESIAN_POINT('Ctrl Pts',(-0.259296328679391,0.839187957562477,
1.02668768321845));
#9323=CARTESIAN_POINT('Ctrl Pts',(-0.259788352061271,0.840780344536973,
1.02668768321845));
#9324=CARTESIAN_POINT('Ctrl Pts',(-0.257529555126936,0.836243776555183,
1.02913333034492));
#9325=CARTESIAN_POINT('Ctrl Pts',(-0.258020087559681,0.837836621677375,
1.02913333034492));
#9326=CARTESIAN_POINT('Ctrl Pts',(-0.258510620152059,0.839429467299021,
1.02913333034492));
#9327=CARTESIAN_POINT('Ctrl Pts',(-0.259001152584804,0.841022312421213,
1.02913333034492));
#9328=CARTESIAN_POINT('Ctrl Pts',(-0.257190821383683,0.836347942782181,
1.03168319632487));
#9329=CARTESIAN_POINT('Ctrl Pts',(-0.257680708662509,0.837940986482719,
1.03168319632487));
#9330=CARTESIAN_POINT('Ctrl Pts',(-0.258170595941335,0.839534030183256,
1.03168319632487));
#9331=CARTESIAN_POINT('Ctrl Pts',(-0.258660483220161,0.841127073883794,
1.03168319632487));
#9332=CARTESIAN_POINT('',(-0.277348063907021,0.829881347812461,1.01417514991563));
#9333=CARTESIAN_POINT('Ctrl Pts',(-0.257190821383683,0.836347942782181,
1.03168319632487));
#9334=CARTESIAN_POINT('Ctrl Pts',(-0.257529555126936,0.836243776555183,
1.02913333034492));
#9335=CARTESIAN_POINT('Ctrl Pts',(-0.258312281879105,0.836003183488468,
1.02668768321845));
#9336=CARTESIAN_POINT('Ctrl Pts',(-0.260681019193106,0.835267573623853,
1.02229102743547));
#9337=CARTESIAN_POINT('Ctrl Pts',(-0.26221244881394,0.834789344145903,1.02037453270381));
#9338=CARTESIAN_POINT('Ctrl Pts',(-0.265851613565559,0.833637572216449,
1.01721505558858));
#9339=CARTESIAN_POINT('Ctrl Pts',(-0.267931730753465,0.832972453111701,
1.01599666710643));
#9340=CARTESIAN_POINT('Ctrl Pts',(-0.27248282306437,0.831495076404219,1.01438502682825));
#9341=CARTESIAN_POINT('Ctrl Pts',(-0.27491014195803,0.830696106373178,1.01404117415563));
#9342=CARTESIAN_POINT('Ctrl Pts',(-0.277348063907021,0.829881347812461,
1.01417514991563));
#9343=CARTESIAN_POINT('',(-0.278932909986489,0.834623526942818,1.01417514991563));
#9344=CARTESIAN_POINT('Ctrl Pts',(-0.278932909986489,0.834623526942818,
1.01417514991563));
#9345=CARTESIAN_POINT('Ctrl Pts',(-0.276481057054933,0.835442941266739,
1.01404117415563));
#9346=CARTESIAN_POINT('Ctrl Pts',(-0.274039867767595,0.836246476840814,
1.01438502682825));
#9347=CARTESIAN_POINT('Ctrl Pts',(-0.269462769214914,0.83773229570091,1.01599666710643));
#9348=CARTESIAN_POINT('Ctrl Pts',(-0.267370765643076,0.838401215486257,
1.01721505558858));
#9349=CARTESIAN_POINT('Ctrl Pts',(-0.263710805664305,0.839559568969593,
1.02037453270381));
#9350=CARTESIAN_POINT('Ctrl Pts',(-0.262170625017067,0.840040531187417,
1.02229102743547));
#9351=CARTESIAN_POINT('Ctrl Pts',(-0.259788352061271,0.840780344536973,
1.02668768321845));
#9352=CARTESIAN_POINT('Ctrl Pts',(-0.259001152584804,0.841022312421213,
1.02913333034492));
#9353=CARTESIAN_POINT('Ctrl Pts',(-0.258660483220161,0.841127073883794,
1.03168319632487));
#9354=CARTESIAN_POINT('',(-0.277348063907021,0.829881347812461,1.01417514991563));
#9355=CARTESIAN_POINT('Ctrl Pts',(-0.286216236189257,0.826864720581097,
1.01709019520611));
#9356=CARTESIAN_POINT('Ctrl Pts',(-0.286761409972475,0.828439701001252,
1.01709019520611));
#9357=CARTESIAN_POINT('Ctrl Pts',(-0.287306583755692,0.830014681421406,
1.01709019520611));
#9358=CARTESIAN_POINT('Ctrl Pts',(-0.28785175753891,0.831589661841561,1.01709019520611));
#9359=CARTESIAN_POINT('Ctrl Pts',(-0.283860418393474,0.827680178401311,
1.01485528315183));
#9360=CARTESIAN_POINT('Ctrl Pts',(-0.284401117613125,0.829256709164786,
1.01485528315183));
#9361=CARTESIAN_POINT('Ctrl Pts',(-0.2849417787075,0.830833248657272,1.01485528315183));
#9362=CARTESIAN_POINT('Ctrl Pts',(-0.285482477927151,0.832409779420747,
1.01485528315183));
#9363=CARTESIAN_POINT('Ctrl Pts',(-0.280554794569106,0.828809651788753,
1.01376821010822));
#9364=CARTESIAN_POINT('Ctrl Pts',(-0.281089193428082,0.830388335560658,
1.01376821010822));
#9365=CARTESIAN_POINT('Ctrl Pts',(-0.281623565964812,0.831967023169925,
1.01376821010822));
#9366=CARTESIAN_POINT('Ctrl Pts',(-0.282157964823787,0.833545706941831,
1.01376821010822));
#9367=CARTESIAN_POINT('Ctrl Pts',(-0.277348063907021,0.829881347812461,
1.01417514991563));
#9368=CARTESIAN_POINT('Ctrl Pts',(-0.27787634593351,0.831462074189247,1.01417514991563));
#9369=CARTESIAN_POINT('Ctrl Pts',(-0.27840462796,0.833042800566033,1.01417514991563));
#9370=CARTESIAN_POINT('Ctrl Pts',(-0.278932909986489,0.834623526942818,
1.01417514991563));
#9371=CARTESIAN_POINT('',(-0.286216236189257,0.826864720581097,1.01709019520611));
#9372=CARTESIAN_POINT('Ctrl Pts',(-0.277348063907021,0.829881347812461,
1.01417514991563));
#9373=CARTESIAN_POINT('Ctrl Pts',(-0.280554794569106,0.828809651788753,
1.01376821010822));
#9374=CARTESIAN_POINT('Ctrl Pts',(-0.283860418393474,0.827680178401311,
1.01485528315183));
#9375=CARTESIAN_POINT('Ctrl Pts',(-0.286216236189257,0.826864720581097,
1.01709019520611));
#9376=CARTESIAN_POINT('',(-0.28785175753891,0.831589661841561,1.01709019520611));
#9377=CARTESIAN_POINT('Ctrl Pts',(-0.28785175753891,0.831589661841561,1.01709019520611));
#9378=CARTESIAN_POINT('Ctrl Pts',(-0.285482477927151,0.832409779420747,
1.01485528315183));
#9379=CARTESIAN_POINT('Ctrl Pts',(-0.282157964823787,0.833545706941831,
1.01376821010822));
#9380=CARTESIAN_POINT('Ctrl Pts',(-0.278932909986489,0.834623526942818,
1.01417514991563));
#9381=CARTESIAN_POINT('',(-0.286216236189257,0.826864720581097,1.01709019520611));
#9382=CARTESIAN_POINT('Ctrl Pts',(-0.289958984434416,0.825559681274324,
1.02604862707438));
#9383=CARTESIAN_POINT('Ctrl Pts',(-0.29051128726191,0.827132175905322,1.02604862707438));
#9384=CARTESIAN_POINT('Ctrl Pts',(-0.291063590089404,0.828704670536321,
1.02604862707438));
#9385=CARTESIAN_POINT('Ctrl Pts',(-0.291615892916898,0.83027716516732,1.02604862707438));
#9386=CARTESIAN_POINT('Ctrl Pts',(-0.289958222679349,0.825559948823394,
1.02263230415793));
#9387=CARTESIAN_POINT('Ctrl Pts',(-0.290510552270123,0.827132433076134,
1.02263230415793));
#9388=CARTESIAN_POINT('Ctrl Pts',(-0.291062797218172,0.828704949992502,
1.02263230415793));
#9389=CARTESIAN_POINT('Ctrl Pts',(-0.291615126808946,0.830277434245242,
1.02263230415793));
#9390=CARTESIAN_POINT('Ctrl Pts',(-0.288569092387471,0.826050287907184,
1.01930292679995));
#9391=CARTESIAN_POINT('Ctrl Pts',(-0.289118774534737,0.8276237069917,1.01930292679995));
#9392=CARTESIAN_POINT('Ctrl Pts',(-0.289668376482418,0.829197156182138,
1.01930292679995));
#9393=CARTESIAN_POINT('Ctrl Pts',(-0.290218058629685,0.830770575266654,
1.01930292679995));
#9394=CARTESIAN_POINT('Ctrl Pts',(-0.286216236189257,0.826864720581097,
1.01709019520611));
#9395=CARTESIAN_POINT('Ctrl Pts',(-0.286761409972475,0.828439701001252,
1.01709019520611));
#9396=CARTESIAN_POINT('Ctrl Pts',(-0.287306583755692,0.830014681421406,
1.01709019520611));
#9397=CARTESIAN_POINT('Ctrl Pts',(-0.28785175753891,0.831589661841561,1.01709019520611));
#9398=CARTESIAN_POINT('',(-0.289958984434416,0.825559681274324,1.02604862707438));
#9399=CARTESIAN_POINT('Ctrl Pts',(-0.286216236189257,0.826864720581097,
1.01709019520611));
#9400=CARTESIAN_POINT('Ctrl Pts',(-0.288569092387471,0.826050287907184,
1.01930292679995));
#9401=CARTESIAN_POINT('Ctrl Pts',(-0.289958222679349,0.825559948823394,
1.02263230415793));
#9402=CARTESIAN_POINT('Ctrl Pts',(-0.289958984434416,0.825559681274324,
1.02604862707438));
#9403=CARTESIAN_POINT('',(-0.291615892916898,0.83027716516732,1.02604862707438));
#9404=CARTESIAN_POINT('Ctrl Pts',(-0.291615892916898,0.83027716516732,1.02604862707438));
#9405=CARTESIAN_POINT('Ctrl Pts',(-0.291615126808946,0.830277434245242,
1.02263230415793));
#9406=CARTESIAN_POINT('Ctrl Pts',(-0.290218058629685,0.830770575266654,
1.01930292679995));
#9407=CARTESIAN_POINT('Ctrl Pts',(-0.28785175753891,0.831589661841561,1.01709019520611));
#9408=CARTESIAN_POINT('',(-0.289958984434416,0.825559681274324,1.02604862707438));
#9409=CARTESIAN_POINT('Ctrl Pts',(-0.284317439636691,0.827519542680677,
1.03937962687837));
#9410=CARTESIAN_POINT('Ctrl Pts',(-0.28485899666457,0.829095770381021,1.03937962687837));
#9411=CARTESIAN_POINT('Ctrl Pts',(-0.28540055369245,0.830671998081365,1.03937962687837));
#9412=CARTESIAN_POINT('Ctrl Pts',(-0.285942110720329,0.83224822578171,1.03937962687837));
#9413=CARTESIAN_POINT('Ctrl Pts',(-0.287627554216351,0.826382260412824,
1.03588002453117));
#9414=CARTESIAN_POINT('Ctrl Pts',(-0.288175446659812,0.827956310204933,
1.03588002453117));
#9415=CARTESIAN_POINT('Ctrl Pts',(-0.288723247796983,0.829530394965931,
1.03588002453117));
#9416=CARTESIAN_POINT('Ctrl Pts',(-0.289271140240444,0.83110444475804,1.03588002453117));
#9417=CARTESIAN_POINT('Ctrl Pts',(-0.28969531178527,0.825652290270746,1.03098541249323));
#9418=CARTESIAN_POINT('Ctrl Pts',(-0.290247144495045,0.827224948482206,
1.03098541249323));
#9419=CARTESIAN_POINT('Ctrl Pts',(-0.290798880857126,0.828797645146547,
1.03098541249323));
#9420=CARTESIAN_POINT('Ctrl Pts',(-0.2913507135669,0.830370303358007,1.03098541249323));
#9421=CARTESIAN_POINT('Ctrl Pts',(-0.289958984434416,0.825559681274324,
1.02604862707438));
#9422=CARTESIAN_POINT('Ctrl Pts',(-0.29051128726191,0.827132175905322,1.02604862707438));
#9423=CARTESIAN_POINT('Ctrl Pts',(-0.291063590089404,0.828704670536321,
1.02604862707438));
#9424=CARTESIAN_POINT('Ctrl Pts',(-0.291615892916898,0.83027716516732,1.02604862707438));
#9425=CARTESIAN_POINT('',(-0.284317439636691,0.827519542680677,1.03937962687837));
#9426=CARTESIAN_POINT('Ctrl Pts',(-0.289958984434416,0.825559681274324,
1.02604862707438));
#9427=CARTESIAN_POINT('Ctrl Pts',(-0.28969531178527,0.825652290270746,1.03098541249323));
#9428=CARTESIAN_POINT('Ctrl Pts',(-0.287627554216351,0.826382260412824,
1.03588002453117));
#9429=CARTESIAN_POINT('Ctrl Pts',(-0.284317439636691,0.827519542680677,
1.03937962687837));
#9430=CARTESIAN_POINT('',(-0.285942110720329,0.83224822578171,1.03937962687837));
#9431=CARTESIAN_POINT('Ctrl Pts',(-0.285942110720329,0.83224822578171,1.03937962687837));
#9432=CARTESIAN_POINT('Ctrl Pts',(-0.289271140240444,0.83110444475804,1.03588002453117));
#9433=CARTESIAN_POINT('Ctrl Pts',(-0.2913507135669,0.830370303358007,1.03098541249323));
#9434=CARTESIAN_POINT('Ctrl Pts',(-0.291615892916898,0.83027716516732,1.02604862707438));
#9435=CARTESIAN_POINT('',(-0.284317439636691,0.827519542680677,1.03937962687837));
#9436=CARTESIAN_POINT('Ctrl Pts',(-0.294867529159273,0.823819240032366,
1.0481958614154));
#9437=CARTESIAN_POINT('Ctrl Pts',(-0.295429181595767,0.82538841953719,1.0481958614154));
#9438=CARTESIAN_POINT('Ctrl Pts',(-0.295990834032261,0.826957599042013,
1.0481958614154));
#9439=CARTESIAN_POINT('Ctrl Pts',(-0.296552486468755,0.828526778546837,
1.0481958614154));
#9440=CARTESIAN_POINT('Ctrl Pts',(-0.291358760566936,0.82507512466693,1.04525711656972));
#9441=CARTESIAN_POINT('Ctrl Pts',(-0.291913729634726,0.826646696333087,
1.04525711656972));
#9442=CARTESIAN_POINT('Ctrl Pts',(-0.292468698702385,0.828218267998869,
1.04525711656972));
#9443=CARTESIAN_POINT('Ctrl Pts',(-0.293023667770175,0.829789839665026,
1.04525711656972));
#9444=CARTESIAN_POINT('Ctrl Pts',(-0.287841968368005,0.826308592445512,
1.04231837172405));
#9445=CARTESIAN_POINT('Ctrl Pts',(-0.288390238783988,0.827882513574104,
1.04231837172405));
#9446=CARTESIAN_POINT('Ctrl Pts',(-0.288938509199839,0.829456434702322,
1.04231837172405));
#9447=CARTESIAN_POINT('Ctrl Pts',(-0.289486779615822,0.831030355830915,
1.04231837172405));
#9448=CARTESIAN_POINT('Ctrl Pts',(-0.284317439636691,0.827519542680677,
1.03937962687837));
#9449=CARTESIAN_POINT('Ctrl Pts',(-0.28485899666457,0.829095770381021,1.03937962687837));
#9450=CARTESIAN_POINT('Ctrl Pts',(-0.285400553692449,0.830671998081365,
1.03937962687837));
#9451=CARTESIAN_POINT('Ctrl Pts',(-0.285942110720329,0.83224822578171,1.03937962687837));
#9452=CARTESIAN_POINT('',(-0.294867529159273,0.823819240032366,1.0481958614154));
#9453=CARTESIAN_POINT('Ctrl Pts',(-0.284317439636691,0.827519542680677,
1.03937962687837));
#9454=CARTESIAN_POINT('Ctrl Pts',(-0.287841968368005,0.826308592445512,
1.04231837172405));
#9455=CARTESIAN_POINT('Ctrl Pts',(-0.291358760566936,0.82507512466693,1.04525711656972));
#9456=CARTESIAN_POINT('Ctrl Pts',(-0.294867529159273,0.823819240032366,
1.0481958614154));
#9457=CARTESIAN_POINT('',(-0.296552486468755,0.828526778546837,1.0481958614154));
#9458=CARTESIAN_POINT('Ctrl Pts',(-0.296552486468755,0.828526778546837,
1.0481958614154));
#9459=CARTESIAN_POINT('Ctrl Pts',(-0.293023667770175,0.829789839665026,
1.04525711656972));
#9460=CARTESIAN_POINT('Ctrl Pts',(-0.289486779615822,0.831030355830915,
1.04231837172405));
#9461=CARTESIAN_POINT('Ctrl Pts',(-0.285942110720329,0.83224822578171,1.03937962687837));
#9462=CARTESIAN_POINT('',(-0.294867529159273,0.823819240032366,1.0481958614154));
#9463=CARTESIAN_POINT('Ctrl Pts',(-0.304136509453423,0.820442553514558,
1.02501769642288));
#9464=CARTESIAN_POINT('Ctrl Pts',(-0.304715817090477,0.822005301235538,
1.02501769642288));
#9465=CARTESIAN_POINT('Ctrl Pts',(-0.305295124727531,0.823568048956518,
1.02501769642288));
#9466=CARTESIAN_POINT('Ctrl Pts',(-0.305874432364585,0.825130796677499,
1.02501769642288));
#9467=CARTESIAN_POINT('Ctrl Pts',(-0.304136509453413,0.820442553514562,
1.02718844266417));
#9468=CARTESIAN_POINT('Ctrl Pts',(-0.304715817068694,0.822005301174605,
1.02718844266417));
#9469=CARTESIAN_POINT('Ctrl Pts',(-0.305295124749294,0.823568049017459,
1.02718844266417));
#9470=CARTESIAN_POINT('Ctrl Pts',(-0.305874432364575,0.825130796677502,
1.02718844266417));
#9471=CARTESIAN_POINT('Ctrl Pts',(-0.303931158615669,0.820518764866888,
1.02935153262361));
#9472=CARTESIAN_POINT('Ctrl Pts',(-0.304510075111914,0.822081657763663,
1.02935153262361));
#9473=CARTESIAN_POINT('Ctrl Pts',(-0.305088991597228,0.823644550626494,
1.02935153262361));
#9474=CARTESIAN_POINT('Ctrl Pts',(-0.305667908093473,0.82520744352327,1.02935153262361));
#9475=CARTESIAN_POINT('Ctrl Pts',(-0.303116982050233,0.820819885481988,
1.03358152777504));
#9476=CARTESIAN_POINT('Ctrl Pts',(-0.303694347716237,0.822383351887503,
1.03358152777504));
#9477=CARTESIAN_POINT('Ctrl Pts',(-0.304271713424515,0.823946818422085,
1.03358152777504));
#9478=CARTESIAN_POINT('Ctrl Pts',(-0.30484907909052,0.8255102848276,1.03358152777504));
#9479=CARTESIAN_POINT('Ctrl Pts',(-0.302514839747748,0.821042327888949,
1.03563611059447));
#9480=CARTESIAN_POINT('Ctrl Pts',(-0.303091058493395,0.822606218047822,
1.03563611059447));
#9481=CARTESIAN_POINT('Ctrl Pts',(-0.30366727722923,0.824170108175155,1.03563611059447));
#9482=CARTESIAN_POINT('Ctrl Pts',(-0.304243495974877,0.825733998334028,
1.03563611059447));
#9483=CARTESIAN_POINT('Ctrl Pts',(-0.300130936915046,0.821918029997104,
1.04159350248302));
#9484=CARTESIAN_POINT('Ctrl Pts',(-0.300702614863573,0.823483588066313,
1.04159350248302));
#9485=CARTESIAN_POINT('Ctrl Pts',(-0.301274292891747,0.82504914638502,1.04159350248302));
#9486=CARTESIAN_POINT('Ctrl Pts',(-0.301845970840274,0.82661470445423,1.04159350248302));
#9487=CARTESIAN_POINT('Ctrl Pts',(-0.297801262318363,0.822769176370586,
1.04518519596303));
#9488=CARTESIAN_POINT('Ctrl Pts',(-0.298368502760035,0.824336355558559,
1.04518519596303));
#9489=CARTESIAN_POINT('Ctrl Pts',(-0.298935743375652,0.825903535333302,
1.04518519596303));
#9490=CARTESIAN_POINT('Ctrl Pts',(-0.299502983817325,0.827470714521275,
1.04518519596303));
#9491=CARTESIAN_POINT('Ctrl Pts',(-0.294867529159273,0.823819240032366,
1.0481958614154));
#9492=CARTESIAN_POINT('Ctrl Pts',(-0.295429181595767,0.82538841953719,1.0481958614154));
#9493=CARTESIAN_POINT('Ctrl Pts',(-0.295990834032261,0.826957599042013,
1.0481958614154));
#9494=CARTESIAN_POINT('Ctrl Pts',(-0.296552486468755,0.828526778546837,
1.0481958614154));
#9495=CARTESIAN_POINT('Ctrl Pts',(-0.294867529159273,0.823819240032366,
1.0481958614154));
#9496=CARTESIAN_POINT('Ctrl Pts',(-0.297801262318363,0.822769176370586,
1.04518519596303));
#9497=CARTESIAN_POINT('Ctrl Pts',(-0.300130936915046,0.821918029997104,
1.04159350248302));
#9498=CARTESIAN_POINT('Ctrl Pts',(-0.302514839747748,0.821042327888949,
1.03563611059447));
#9499=CARTESIAN_POINT('Ctrl Pts',(-0.303116982050233,0.820819885481988,
1.03358152777504));
#9500=CARTESIAN_POINT('Ctrl Pts',(-0.303931158615669,0.820518764866888,
1.02935153262361));
#9501=CARTESIAN_POINT('Ctrl Pts',(-0.304136509453413,0.820442553514562,
1.02718844266417));
#9502=CARTESIAN_POINT('Ctrl Pts',(-0.304136509453423,0.820442553514558,
1.02501769642288));
#9503=CARTESIAN_POINT('Ctrl Pts',(-0.305874432364585,0.825130796677499,
1.02501769642288));
#9504=CARTESIAN_POINT('Ctrl Pts',(-0.305874432364575,0.825130796677502,
1.02718844266417));
#9505=CARTESIAN_POINT('Ctrl Pts',(-0.305667908093473,0.82520744352327,1.02935153262361));
#9506=CARTESIAN_POINT('Ctrl Pts',(-0.30484907909052,0.8255102848276,1.03358152777504));
#9507=CARTESIAN_POINT('Ctrl Pts',(-0.304243495974877,0.825733998334028,
1.03563611059447));
#9508=CARTESIAN_POINT('Ctrl Pts',(-0.301845970840274,0.82661470445423,1.04159350248302));
#9509=CARTESIAN_POINT('Ctrl Pts',(-0.299502983817325,0.827470714521275,
1.04518519596303));
#9510=CARTESIAN_POINT('Ctrl Pts',(-0.296552486468755,0.828526778546837,
1.0481958614154));
#9511=CARTESIAN_POINT('Origin',(0.,0.,0.));
#9512=CARTESIAN_POINT('Origin',(0.,0.,-3.93136521581856E-234));
#9513=CARTESIAN_POINT('Origin',(0.,0.,-3.93136521581856E-234));
#9514=CARTESIAN_POINT('',(-0.302766205315405,0.820949221888242,1.19574247120725));
#9515=CARTESIAN_POINT('',(-0.244142944791344,0.840249500153741,1.21198851630175));
#9516=CARTESIAN_POINT('Ctrl Pts',(-0.302766205315405,0.820949221888242,
1.19574247120725));
#9517=CARTESIAN_POINT('Ctrl Pts',(-0.283460164065662,0.828069293012011,
1.20115781957208));
#9518=CARTESIAN_POINT('Ctrl Pts',(-0.263902865475271,0.834508056423355,
1.20657316793692));
#9519=CARTESIAN_POINT('Ctrl Pts',(-0.244142944791344,0.840249500153741,
1.21198851630175));
#9520=CARTESIAN_POINT('',(-0.244142944791344,0.840249500153741,1.22935436537975));
#9521=CARTESIAN_POINT('',(-0.244142944791344,0.840249500153741,0.));
#9522=CARTESIAN_POINT('',(-0.251336897620187,0.838125744679556,1.22747025074075));
#9523=CARTESIAN_POINT('Ctrl Pts',(-0.244142944791344,0.840249500153741,
1.22935436537975));
#9524=CARTESIAN_POINT('Ctrl Pts',(-0.246543948686706,0.839551864318954,
1.22872632716675));
#9525=CARTESIAN_POINT('Ctrl Pts',(-0.248941962333215,0.838843937157057,
1.22809828895375));
#9526=CARTESIAN_POINT('Ctrl Pts',(-0.251336897620187,0.838125744679556,
1.22747025074075));
#9527=CARTESIAN_POINT('',(-0.244143008804837,0.840249481553974,1.24414170170572));
#9528=CARTESIAN_POINT('Ctrl Pts',(-0.251336897620187,0.838125744679556,
1.22747025074075));
#9529=CARTESIAN_POINT('Ctrl Pts',(-0.24707688142464,0.83940323706205,1.23184663056259));
#9530=CARTESIAN_POINT('Ctrl Pts',(-0.244482890488573,0.840150725483632,
1.23784648745062));
#9531=CARTESIAN_POINT('Ctrl Pts',(-0.244143008804837,0.840249481553974,
1.24414170170572));
#9532=CARTESIAN_POINT('',(-0.248273931838987,0.839038172414825,1.25740440346644));
#9533=CARTESIAN_POINT('Ctrl Pts',(-0.244143008804837,0.840249481553974,
1.24414170170572));
#9534=CARTESIAN_POINT('Ctrl Pts',(-0.243565559022857,0.840417265444712,
1.24890487619838));
#9535=CARTESIAN_POINT('Ctrl Pts',(-0.245124820007806,0.839970004126222,
1.25390237330257));
#9536=CARTESIAN_POINT('Ctrl Pts',(-0.248273931838987,0.839038172414825,
1.25740440346644));
#9537=CARTESIAN_POINT('',(-0.260637491754155,0.835280251108634,1.26268347191497));
#9538=CARTESIAN_POINT('Ctrl Pts',(-0.248273931838988,0.839038172414825,
1.25740440346644));
#9539=CARTESIAN_POINT('Ctrl Pts',(-0.251399350741099,0.838113351512771,
1.26092622147339));
#9540=CARTESIAN_POINT('Ctrl Pts',(-0.256014712085505,0.836722724693003,
1.26289540487153));
#9541=CARTESIAN_POINT('Ctrl Pts',(-0.260637491754155,0.835280251108634,
1.26268347191497));
#9542=CARTESIAN_POINT('',(-0.271153479881856,0.83192595244286,1.26067493461097));
#9543=CARTESIAN_POINT('Ctrl Pts',(-0.260637491754155,0.835280251108634,
1.26268347191497));
#9544=CARTESIAN_POINT('Ctrl Pts',(-0.264217698233781,0.834163097871055,
1.26239907725246));
#9545=CARTESIAN_POINT('Ctrl Pts',(-0.26772284802549,0.833044114177466,1.26177696392846));
#9546=CARTESIAN_POINT('Ctrl Pts',(-0.271153479881856,0.83192595244286,1.26067493461097));
#9547=CARTESIAN_POINT('',(-0.301985503140899,0.821236723419465,1.25184092540747));
#9548=CARTESIAN_POINT('Ctrl Pts',(-0.271153479881856,0.831925952442861,
1.26067493461097));
#9549=CARTESIAN_POINT('Ctrl Pts',(-0.281496074444663,0.828554942681141,
1.25773026487647));
#9550=CARTESIAN_POINT('Ctrl Pts',(-0.291775798244116,0.824991040271416,
1.25478559514197));
#9551=CARTESIAN_POINT('Ctrl Pts',(-0.301985503140899,0.821236723419465,
1.25184092540747));
#9552=CARTESIAN_POINT('',(-0.301985503140899,0.821236723419465,1.23470614699297));
#9553=CARTESIAN_POINT('',(-0.301985503140899,0.821236723419465,0.));
#9554=CARTESIAN_POINT('',(-0.270426690963655,0.832162487026691,1.24359348019547));
#9555=CARTESIAN_POINT('Ctrl Pts',(-0.301985503140898,0.821236723419465,
1.23470614699297));
#9556=CARTESIAN_POINT('Ctrl Pts',(-0.29153668206187,0.825078968171552,1.2376685913938));
#9557=CARTESIAN_POINT('Ctrl Pts',(-0.281014523543056,0.828721773736244,
1.24063103579463));
#9558=CARTESIAN_POINT('Ctrl Pts',(-0.270426690963655,0.832162487026691,
1.24359348019547));
#9559=CARTESIAN_POINT('',(-0.265197916783225,0.833843549434687,1.24441111485047));
#9560=CARTESIAN_POINT('Ctrl Pts',(-0.270426690963655,0.832162487026691,
1.24359348019547));
#9561=CARTESIAN_POINT('Ctrl Pts',(-0.268692521944544,0.832726037531215,
1.24407542384041));
#9562=CARTESIAN_POINT('Ctrl Pts',(-0.266904966863643,0.833300634489218,
1.24435494107608));
#9563=CARTESIAN_POINT('Ctrl Pts',(-0.265197916783225,0.833843549434687,
1.24441111485047));
#9564=CARTESIAN_POINT('',(-0.259704100096621,0.835570930797024,1.24199376021897));
#9565=CARTESIAN_POINT('Ctrl Pts',(-0.265197916783225,0.833843549434687,
1.24441111485047));
#9566=CARTESIAN_POINT('Ctrl Pts',(-0.263045713200257,0.834528042235625,
1.24448266366659));
#9567=CARTESIAN_POINT('Ctrl Pts',(-0.261041696098542,0.835155192104869,
1.24360124675157));
#9568=CARTESIAN_POINT('Ctrl Pts',(-0.259704100096621,0.835570930797024,
1.24199376021897));
#9569=CARTESIAN_POINT('',(-0.258040163184488,0.836086283934693,1.23602147230697));
#9570=CARTESIAN_POINT('Ctrl Pts',(-0.259704100096621,0.835570930797024,
1.24199376021897));
#9571=CARTESIAN_POINT('Ctrl Pts',(-0.258355767886534,0.835990006413881,
1.24044591178065));
#9572=CARTESIAN_POINT('Ctrl Pts',(-0.25771865834596,0.836185509532089,1.23816101474847));
#9573=CARTESIAN_POINT('Ctrl Pts',(-0.258040163184488,0.836086283934693,
1.23602147230697));
#9574=CARTESIAN_POINT('',(-0.269628773803811,0.832421362254149,1.22268886547775));
#9575=CARTESIAN_POINT('Ctrl Pts',(-0.258040163184488,0.836086283934693,
1.23602147230697));
#9576=CARTESIAN_POINT('Ctrl Pts',(-0.258039838204988,0.83608638423267,1.23433272904467));
#9577=CARTESIAN_POINT('Ctrl Pts',(-0.258337415077674,0.83599470517714,1.23266989464984));
#9578=CARTESIAN_POINT('Ctrl Pts',(-0.25949618793901,0.835635741569877,1.22958774368085));
#9579=CARTESIAN_POINT('Ctrl Pts',(-0.260325409731095,0.835378277980787,
1.22819562895947));
#9580=CARTESIAN_POINT('Ctrl Pts',(-0.262416634644163,0.834723742519691,
1.22579008309131));
#9581=CARTESIAN_POINT('Ctrl Pts',(-0.263664347862315,0.834331003110812,
1.22479459899388));
#9582=CARTESIAN_POINT('Ctrl Pts',(-0.266483234498541,0.833435034331979,
1.2233030070071));
#9583=CARTESIAN_POINT('Ctrl Pts',(-0.268031081550571,0.832938869159535,
1.22284091794307));
#9584=CARTESIAN_POINT('Ctrl Pts',(-0.269628773803811,0.832421362254149,
1.22268886547775));
#9585=CARTESIAN_POINT('',(-0.302766205315404,0.820949221888242,1.21296612295425));
#9586=CARTESIAN_POINT('Ctrl Pts',(-0.269628773803811,0.832421362254149,
1.22268886547775));
#9587=CARTESIAN_POINT('Ctrl Pts',(-0.280749738268833,0.828819181738143,
1.21944795130325));
#9588=CARTESIAN_POINT('Ctrl Pts',(-0.291798506096966,0.824994111127274,
1.21620703712875));
#9589=CARTESIAN_POINT('Ctrl Pts',(-0.302766205315404,0.820949221888242,
1.21296612295425));
#9590=CARTESIAN_POINT('',(-0.302766205315414,0.820949221888239,0.));
#9591=CARTESIAN_POINT('Origin',(0.,0.,0.));
#9592=CARTESIAN_POINT('',(-0.245538047333009,0.845050925868905,1.21198851630175));
#9593=CARTESIAN_POINT('',(-0.304496297917207,0.825640360299032,1.19574247120725));
#9594=CARTESIAN_POINT('Ctrl Pts',(-0.245538047333009,0.845050925868905,
1.21198851630175));
#9595=CARTESIAN_POINT('Ctrl Pts',(-0.265410881849415,0.839276673888631,
1.20657316793692));
#9596=CARTESIAN_POINT('Ctrl Pts',(-0.285079936431752,0.832801117543508,
1.20115781957208));
#9597=CARTESIAN_POINT('Ctrl Pts',(-0.304496297917207,0.825640360299032,
1.19574247120725));
#9598=CARTESIAN_POINT('',(-0.304496297917207,0.825640360299032,1.21296612295425));
#9599=CARTESIAN_POINT('',(-0.304496297917207,0.825640360299032,1.19574247120725));
#9600=CARTESIAN_POINT('',(-0.271169509654119,0.837178055752744,1.22268886547775));
#9601=CARTESIAN_POINT('Ctrl Pts',(-0.304496297917207,0.825640360299032,
1.21296612295425));
#9602=CARTESIAN_POINT('Ctrl Pts',(-0.293465926131806,0.829708363190859,
1.21620703712875));
#9603=CARTESIAN_POINT('Ctrl Pts',(-0.282354022487512,0.833555291348075,
1.21944795130325));
#9604=CARTESIAN_POINT('Ctrl Pts',(-0.271169509654119,0.837178055752744,
1.22268886547775));
#9605=CARTESIAN_POINT('',(-0.259514678402685,0.840863919842891,1.23602147230697));
#9606=CARTESIAN_POINT('Ctrl Pts',(-0.271169509654119,0.837178055752744,
1.22268886547775));
#9607=CARTESIAN_POINT('Ctrl Pts',(-0.26956268773086,0.837698519840446,1.22284091794307));
#9608=CARTESIAN_POINT('Ctrl Pts',(-0.268005995838533,0.838197520242448,
1.2233030070071));
#9609=CARTESIAN_POINT('Ctrl Pts',(-0.265171001278671,0.839098608842873,
1.22479459899388));
#9610=CARTESIAN_POINT('Ctrl Pts',(-0.263916158270701,0.839493592476946,
1.22579008309131));
#9611=CARTESIAN_POINT('Ctrl Pts',(-0.261812983500987,0.840151868140677,
1.22819562895947));
#9612=CARTESIAN_POINT('Ctrl Pts',(-0.260979023298661,0.840410802950276,
1.22958774368085));
#9613=CARTESIAN_POINT('Ctrl Pts',(-0.259813628878118,0.840771817778152,
1.23266989464984));
#9614=CARTESIAN_POINT('Ctrl Pts',(-0.259514351566159,0.840864020714,1.23433272904467));
#9615=CARTESIAN_POINT('Ctrl Pts',(-0.259514678402685,0.840863919842891,
1.23602147230697));
#9616=CARTESIAN_POINT('',(-0.261188123525745,0.84034562183015,1.24199376021897));
#9617=CARTESIAN_POINT('Ctrl Pts',(-0.259514678402685,0.840863919842891,
1.23602147230697));
#9618=CARTESIAN_POINT('Ctrl Pts',(-0.259191336393651,0.840963712443701,
1.23816101474847));
#9619=CARTESIAN_POINT('Ctrl Pts',(-0.259832086560171,0.840767092164818,
1.24044591178065));
#9620=CARTESIAN_POINT('Ctrl Pts',(-0.261188123525745,0.84034562183015,1.24199376021897));
#9621=CARTESIAN_POINT('',(-0.266713333450558,0.838608369717171,1.24441111485047));
#9622=CARTESIAN_POINT('Ctrl Pts',(-0.261188123525745,0.84034562183015,1.24199376021897));
#9623=CARTESIAN_POINT('Ctrl Pts',(-0.262533362933391,0.839927507488326,
1.24360124675157));
#9624=CARTESIAN_POINT('Ctrl Pts',(-0.264548831561401,0.839296773905543,
1.24448266366659));
#9625=CARTESIAN_POINT('Ctrl Pts',(-0.266713333450558,0.838608369717171,
1.24441111485047));
#9626=CARTESIAN_POINT('',(-0.27197198634059,0.836917701238272,1.24359348019547));
#9627=CARTESIAN_POINT('Ctrl Pts',(-0.266713333450558,0.838608369717171,
1.24441111485047));
#9628=CARTESIAN_POINT('Ctrl Pts',(-0.268430138102863,0.838062352400585,
1.24435494107608));
#9629=CARTESIAN_POINT('Ctrl Pts',(-0.270227907784227,0.837484472031394,
1.24407542384041));
#9630=CARTESIAN_POINT('Ctrl Pts',(-0.27197198634059,0.836917701238272,1.24359348019547));
#9631=CARTESIAN_POINT('',(-0.303711134587418,0.825929504696148,1.23470614699297));
#9632=CARTESIAN_POINT('Ctrl Pts',(-0.27197198634059,0.836917701238272,1.24359348019547));
#9633=CARTESIAN_POINT('Ctrl Pts',(-0.282620320820445,0.833457326729022,
1.24063103579463));
#9634=CARTESIAN_POINT('Ctrl Pts',(-0.293202605959366,0.829793705132533,
1.2376685913938));
#9635=CARTESIAN_POINT('Ctrl Pts',(-0.303711134587418,0.825929504696148,
1.23470614699297));
#9636=CARTESIAN_POINT('',(-0.303711134587418,0.825929504696148,1.25184092540747));
#9637=CARTESIAN_POINT('',(-0.303711134587418,0.825929504696148,1.23470614699297));
#9638=CARTESIAN_POINT('',(-0.272702928338323,0.836679815028248,1.26067493461097));
#9639=CARTESIAN_POINT('Ctrl Pts',(-0.303711134587418,0.825929504696148,
1.25184092540747));
#9640=CARTESIAN_POINT('Ctrl Pts',(-0.293443088519797,0.829705274787253,
1.25478559514197));
#9641=CARTESIAN_POINT('Ctrl Pts',(-0.28310462344149,0.833289542353605,1.25773026487647));
#9642=CARTESIAN_POINT('Ctrl Pts',(-0.272702928338323,0.836679815028248,
1.26067493461097));
#9643=CARTESIAN_POINT('',(-0.262126848849893,0.840053281114969,1.26268347191497));
#9644=CARTESIAN_POINT('Ctrl Pts',(-0.272702928338323,0.836679815028248,
1.26067493461097));
#9645=CARTESIAN_POINT('Ctrl Pts',(-0.26925269287135,0.837804366258481,1.26177696392846));
#9646=CARTESIAN_POINT('Ctrl Pts',(-0.26572751365226,0.838929744144604,1.26239907725246));
#9647=CARTESIAN_POINT('Ctrl Pts',(-0.262126848849893,0.840053281114969,
1.26268347191497));
#9648=CARTESIAN_POINT('',(-0.249692640020925,0.843832676257196,1.25740440346644));
#9649=CARTESIAN_POINT('Ctrl Pts',(-0.262126848849893,0.840053281114969,
1.26268347191497));
#9650=CARTESIAN_POINT('Ctrl Pts',(-0.257477653297422,0.841503997405534,
1.26289540487153));
#9651=CARTESIAN_POINT('Ctrl Pts',(-0.252835918459619,0.842902570664272,
1.26092622147339));
#9652=CARTESIAN_POINT('Ctrl Pts',(-0.249692640020925,0.843832676257196,
1.25740440346644));
#9653=CARTESIAN_POINT('',(-0.245538111712293,0.845050907162854,1.24414170170572));
#9654=CARTESIAN_POINT('Ctrl Pts',(-0.249692640020925,0.843832676257196,
1.25740440346644));
#9655=CARTESIAN_POINT('Ctrl Pts',(-0.246525533264993,0.844769832721229,
1.25390237330257));
#9656=CARTESIAN_POINT('Ctrl Pts',(-0.244957362217273,0.845219649818682,
1.24890487619838));
#9657=CARTESIAN_POINT('Ctrl Pts',(-0.245538111712293,0.845050907162854,
1.24414170170572));
#9658=CARTESIAN_POINT('',(-0.25277310846373,0.842915034649153,1.22747025074075));
#9659=CARTESIAN_POINT('Ctrl Pts',(-0.245538111712293,0.845050907162854,
1.24414170170572));
#9660=CARTESIAN_POINT('Ctrl Pts',(-0.245879935577079,0.84495158677211,1.23784648745062));
#9661=CARTESIAN_POINT('Ctrl Pts',(-0.248488749318495,0.844199826988119,
1.23184663056259));
#9662=CARTESIAN_POINT('Ctrl Pts',(-0.25277310846373,0.842915034649153,1.22747025074075));
#9663=CARTESIAN_POINT('',(-0.245538047333009,0.845050925868905,1.22935436537975));
#9664=CARTESIAN_POINT('Ctrl Pts',(-0.25277310846373,0.842915034649153,1.22747025074075));
#9665=CARTESIAN_POINT('Ctrl Pts',(-0.250364487832262,0.843637331083669,
1.22809828895375));
#9666=CARTESIAN_POINT('Ctrl Pts',(-0.24795277125063,0.844349303543634,1.22872632716675));
#9667=CARTESIAN_POINT('Ctrl Pts',(-0.245538047333009,0.845050925868905,
1.22935436537975));
#9668=CARTESIAN_POINT('',(-0.245538047333009,0.845050925868905,1.22935436537975));
#9669=CARTESIAN_POINT('Ctrl Pts',(-0.244142944791344,0.840249500153741,
1.21198851630175));
#9670=CARTESIAN_POINT('Ctrl Pts',(-0.244607978971899,0.841849975392129,
1.21198851630175));
#9671=CARTESIAN_POINT('Ctrl Pts',(-0.245073013152454,0.843450450630517,
1.21198851630175));
#9672=CARTESIAN_POINT('Ctrl Pts',(-0.245538047333009,0.845050925868905,
1.21198851630175));
#9673=CARTESIAN_POINT('Ctrl Pts',(-0.263902865475271,0.834508056423355,
1.20657316793692));
#9674=CARTESIAN_POINT('Ctrl Pts',(-0.264405537637812,0.836097595695533,
1.20657316793692));
#9675=CARTESIAN_POINT('Ctrl Pts',(-0.264908209686874,0.837687134616454,
1.20657316793692));
#9676=CARTESIAN_POINT('Ctrl Pts',(-0.265410881849415,0.839276673888631,
1.20657316793692));
#9677=CARTESIAN_POINT('Ctrl Pts',(-0.283460164065662,0.828069293012011,
1.20115781957208));
#9678=CARTESIAN_POINT('Ctrl Pts',(-0.28400008822682,0.829646567972501,1.20115781957208));
#9679=CARTESIAN_POINT('Ctrl Pts',(-0.284540012270594,0.831223842583019,
1.20115781957208));
#9680=CARTESIAN_POINT('Ctrl Pts',(-0.285079936431752,0.832801117543508,
1.20115781957208));
#9681=CARTESIAN_POINT('Ctrl Pts',(-0.302766205315405,0.820949221888242,
1.19574247120725));
#9682=CARTESIAN_POINT('Ctrl Pts',(-0.303342902849339,0.822512934691839,
1.19574247120725));
#9683=CARTESIAN_POINT('Ctrl Pts',(-0.303919600383273,0.824076647495436,
1.19574247120725));
#9684=CARTESIAN_POINT('Ctrl Pts',(-0.304496297917207,0.825640360299032,
1.19574247120725));
#9685=CARTESIAN_POINT('',(-0.302766205315405,0.820949221888242,1.19574247120725));
#9686=CARTESIAN_POINT('',(-0.244142944791344,0.840249500153741,1.21198851630175));
#9687=CARTESIAN_POINT('Origin',(-0.302766205315405,0.820949221888242,1.20435429708075));
#9688=CARTESIAN_POINT('',(-0.302766205315404,0.820949221888242,1.21296612295425));
#9689=CARTESIAN_POINT('Ctrl Pts',(-0.302766205315404,0.820949221888242,
1.21296612295425));
#9690=CARTESIAN_POINT('Ctrl Pts',(-0.303342902849339,0.822512934691839,
1.21296612295425));
#9691=CARTESIAN_POINT('Ctrl Pts',(-0.303919600383273,0.824076647495436,
1.21296612295425));
#9692=CARTESIAN_POINT('Ctrl Pts',(-0.304496297917207,0.825640360299032,
1.21296612295425));
#9693=CARTESIAN_POINT('Ctrl Pts',(-0.291798506096966,0.824994111127274,
1.21620703712875));
#9694=CARTESIAN_POINT('Ctrl Pts',(-0.292354312779477,0.826565528493901,
1.21620703712875));
#9695=CARTESIAN_POINT('Ctrl Pts',(-0.292910119449295,0.828136945824233,
1.21620703712875));
#9696=CARTESIAN_POINT('Ctrl Pts',(-0.293465926131806,0.829708363190859,
1.21620703712875));
#9697=CARTESIAN_POINT('Ctrl Pts',(-0.280749738268833,0.828819181738143,
1.21944795130325));
#9698=CARTESIAN_POINT('Ctrl Pts',(-0.281284499679214,0.830397884953578,
1.21944795130325));
#9699=CARTESIAN_POINT('Ctrl Pts',(-0.281819261077131,0.83197658813264,1.21944795130325));
#9700=CARTESIAN_POINT('Ctrl Pts',(-0.282354022487512,0.833555291348075,
1.21944795130325));
#9701=CARTESIAN_POINT('Ctrl Pts',(-0.269628773803811,0.832421362254149,
1.22268886547775));
#9702=CARTESIAN_POINT('Ctrl Pts',(-0.27014235242058,0.834006926753681,1.22268886547775));
#9703=CARTESIAN_POINT('Ctrl Pts',(-0.27065593103735,0.835592491253213,1.22268886547775));
#9704=CARTESIAN_POINT('Ctrl Pts',(-0.271169509654119,0.837178055752744,
1.22268886547775));
#9705=CARTESIAN_POINT('',(-0.269628773803811,0.832421362254149,1.22268886547775));
#9706=CARTESIAN_POINT('Ctrl Pts',(-0.269628773803811,0.832421362254149,
1.22268886547775));
#9707=CARTESIAN_POINT('Ctrl Pts',(-0.27014235242058,0.834006926753681,1.22268886547775));
#9708=CARTESIAN_POINT('Ctrl Pts',(-0.27065593103735,0.835592491253213,1.22268886547775));
#9709=CARTESIAN_POINT('Ctrl Pts',(-0.271169509654119,0.837178055752744,
1.22268886547775));
#9710=CARTESIAN_POINT('Ctrl Pts',(-0.268031081550571,0.832938869159535,
1.22284091794307));
#9711=CARTESIAN_POINT('Ctrl Pts',(-0.268541616961918,0.834525419445483,
1.22284091794307));
#9712=CARTESIAN_POINT('Ctrl Pts',(-0.269052152319514,0.836111969554498,
1.22284091794307));
#9713=CARTESIAN_POINT('Ctrl Pts',(-0.26956268773086,0.837698519840446,1.22284091794307));
#9714=CARTESIAN_POINT('Ctrl Pts',(-0.266483234498541,0.833435034331979,
1.2233030070071));
#9715=CARTESIAN_POINT('Ctrl Pts',(-0.266990821615332,0.835022529645851,
1.2233030070071));
#9716=CARTESIAN_POINT('Ctrl Pts',(-0.267498408721742,0.836610024928576,
1.2233030070071));
#9717=CARTESIAN_POINT('Ctrl Pts',(-0.268005995838533,0.838197520242448,
1.2233030070071));
#9718=CARTESIAN_POINT('Ctrl Pts',(-0.263664347862315,0.834331003110812,
1.22479459899388));
#9719=CARTESIAN_POINT('Ctrl Pts',(-0.264166565666644,0.835920205018955,
1.22479459899388));
#9720=CARTESIAN_POINT('Ctrl Pts',(-0.264668783474343,0.83750940693473,1.22479459899388));
#9721=CARTESIAN_POINT('Ctrl Pts',(-0.265171001278671,0.839098608842873,
1.22479459899388));
#9722=CARTESIAN_POINT('Ctrl Pts',(-0.262416634644163,0.834723742519691,
1.22579008309131));
#9723=CARTESIAN_POINT('Ctrl Pts',(-0.262916475859225,0.836313692525864,
1.22579008309131));
#9724=CARTESIAN_POINT('Ctrl Pts',(-0.263416317055639,0.837903642470772,
1.22579008309131));
#9725=CARTESIAN_POINT('Ctrl Pts',(-0.263916158270701,0.839493592476946,
1.22579008309131));
#9726=CARTESIAN_POINT('Ctrl Pts',(-0.260325409731095,0.835378277980787,
1.22819562895947));
#9727=CARTESIAN_POINT('Ctrl Pts',(-0.260821267646223,0.836969474674409,
1.22819562895947));
#9728=CARTESIAN_POINT('Ctrl Pts',(-0.261317125585858,0.838560671447054,
1.22819562895947));
#9729=CARTESIAN_POINT('Ctrl Pts',(-0.261812983500987,0.840151868140677,
1.22819562895947));
#9730=CARTESIAN_POINT('Ctrl Pts',(-0.25949618793901,0.835635741569877,1.22958774368085));
#9731=CARTESIAN_POINT('Ctrl Pts',(-0.25999046639043,0.837227428691865,1.22958774368085));
#9732=CARTESIAN_POINT('Ctrl Pts',(-0.260484744847241,0.838819115828288,
1.22958774368085));
#9733=CARTESIAN_POINT('Ctrl Pts',(-0.260979023298661,0.840410802950276,
1.22958774368085));
#9734=CARTESIAN_POINT('Ctrl Pts',(-0.258337415077674,0.83599470517714,1.23266989464984));
#9735=CARTESIAN_POINT('Ctrl Pts',(-0.258829486340547,0.837587076030703,
1.23266989464984));
#9736=CARTESIAN_POINT('Ctrl Pts',(-0.259321557615245,0.839179446924588,
1.23266989464984));
#9737=CARTESIAN_POINT('Ctrl Pts',(-0.259813628878118,0.840771817778152,
1.23266989464984));
#9738=CARTESIAN_POINT('Ctrl Pts',(-0.258039838204988,0.83608638423267,1.23433272904467));
#9739=CARTESIAN_POINT('Ctrl Pts',(-0.258531342631388,0.837678929639083,
1.23433272904467));
#9740=CARTESIAN_POINT('Ctrl Pts',(-0.259022847139759,0.839271475307587,
1.23433272904467));
#9741=CARTESIAN_POINT('Ctrl Pts',(-0.259514351566159,0.840864020714,1.23433272904467));
#9742=CARTESIAN_POINT('Ctrl Pts',(-0.258040163184488,0.836086283934693,
1.23602147230697));
#9743=CARTESIAN_POINT('Ctrl Pts',(-0.258531668257221,0.837678829237425,
1.23602147230697));
#9744=CARTESIAN_POINT('Ctrl Pts',(-0.259023173329953,0.839271374540158,
1.23602147230697));
#9745=CARTESIAN_POINT('Ctrl Pts',(-0.259514678402685,0.840863919842891,
1.23602147230697));
#9746=CARTESIAN_POINT('',(-0.258040163184488,0.836086283934693,1.23602147230697));
#9747=CARTESIAN_POINT('Ctrl Pts',(-0.258040163184488,0.836086283934693,
1.23602147230697));
#9748=CARTESIAN_POINT('Ctrl Pts',(-0.258531668257221,0.837678829237425,
1.23602147230697));
#9749=CARTESIAN_POINT('Ctrl Pts',(-0.259023173329953,0.839271374540158,
1.23602147230697));
#9750=CARTESIAN_POINT('Ctrl Pts',(-0.259514678402685,0.840863919842891,
1.23602147230697));
#9751=CARTESIAN_POINT('Ctrl Pts',(-0.25771865834596,0.836185509532089,1.23816101474847));
#9752=CARTESIAN_POINT('Ctrl Pts',(-0.258209524904621,0.837778251354459,
1.23816101474847));
#9753=CARTESIAN_POINT('Ctrl Pts',(-0.258700469834989,0.839370970621331,
1.23816101474847));
#9754=CARTESIAN_POINT('Ctrl Pts',(-0.259191336393651,0.840963712443701,
1.23816101474847));
#9755=CARTESIAN_POINT('Ctrl Pts',(-0.258355767886534,0.835990006413881,
1.24044591178065));
#9756=CARTESIAN_POINT('Ctrl Pts',(-0.258847849189725,0.837582375609229,
1.24044591178065));
#9757=CARTESIAN_POINT('Ctrl Pts',(-0.25934000525698,0.83917472296947,1.24044591178065));
#9758=CARTESIAN_POINT('Ctrl Pts',(-0.259832086560171,0.840767092164818,
1.24044591178065));
#9759=CARTESIAN_POINT('Ctrl Pts',(-0.259704100096621,0.835570930797024,
1.24199376021897));
#9760=CARTESIAN_POINT('Ctrl Pts',(-0.260198774572996,0.837162494474732,
1.24199376021897));
#9761=CARTESIAN_POINT('Ctrl Pts',(-0.26069344904937,0.838754058152441,1.24199376021897));
#9762=CARTESIAN_POINT('Ctrl Pts',(-0.261188123525745,0.84034562183015,1.24199376021897));
#9763=CARTESIAN_POINT('',(-0.259704100096621,0.835570930797024,1.24199376021897));
#9764=CARTESIAN_POINT('Ctrl Pts',(-0.259704100096621,0.835570930797024,
1.24199376021897));
#9765=CARTESIAN_POINT('Ctrl Pts',(-0.260198774572996,0.837162494474732,
1.24199376021897));
#9766=CARTESIAN_POINT('Ctrl Pts',(-0.26069344904937,0.838754058152441,1.24199376021897));
#9767=CARTESIAN_POINT('Ctrl Pts',(-0.261188123525745,0.84034562183015,1.24199376021897));
#9768=CARTESIAN_POINT('Ctrl Pts',(-0.261041696098542,0.835155192104869,
1.24360124675157));
#9769=CARTESIAN_POINT('Ctrl Pts',(-0.261538909801067,0.83674596689701,1.24360124675157));
#9770=CARTESIAN_POINT('Ctrl Pts',(-0.262036149230867,0.838336732696185,
1.24360124675157));
#9771=CARTESIAN_POINT('Ctrl Pts',(-0.262533362933391,0.839927507488326,
1.24360124675157));
#9772=CARTESIAN_POINT('Ctrl Pts',(-0.263045713200257,0.834528042235625,
1.24448266366659));
#9773=CARTESIAN_POINT('Ctrl Pts',(-0.263546745673865,0.836117622090607,
1.24448266366659));
#9774=CARTESIAN_POINT('Ctrl Pts',(-0.264047799087793,0.837707194050561,
1.24448266366659));
#9775=CARTESIAN_POINT('Ctrl Pts',(-0.264548831561401,0.839296773905543,
1.24448266366659));
#9776=CARTESIAN_POINT('Ctrl Pts',(-0.265197916783225,0.833843549434687,
1.24441111485047));
#9777=CARTESIAN_POINT('Ctrl Pts',(-0.265703055672336,0.835431822862182,
1.24441111485047));
#9778=CARTESIAN_POINT('Ctrl Pts',(-0.266208194561447,0.837020096289677,
1.24441111485047));
#9779=CARTESIAN_POINT('Ctrl Pts',(-0.266713333450558,0.838608369717171,
1.24441111485047));
#9780=CARTESIAN_POINT('',(-0.265197916783225,0.833843549434687,1.24441111485047));
#9781=CARTESIAN_POINT('Ctrl Pts',(-0.265197916783225,0.833843549434687,
1.24441111485047));
#9782=CARTESIAN_POINT('Ctrl Pts',(-0.265703055672336,0.835431822862182,
1.24441111485047));
#9783=CARTESIAN_POINT('Ctrl Pts',(-0.266208194561447,0.837020096289677,
1.24441111485047));
#9784=CARTESIAN_POINT('Ctrl Pts',(-0.266713333450558,0.838608369717171,
1.24441111485047));
#9785=CARTESIAN_POINT('Ctrl Pts',(-0.266904966863643,0.833300634489218,
1.24435494107608));
#9786=CARTESIAN_POINT('Ctrl Pts',(-0.267413357177771,0.834887873950121,
1.24435494107608));
#9787=CARTESIAN_POINT('Ctrl Pts',(-0.267921747788735,0.836475112939681,
1.24435494107608));
#9788=CARTESIAN_POINT('Ctrl Pts',(-0.268430138102863,0.838062352400585,
1.24435494107608));
#9789=CARTESIAN_POINT('Ctrl Pts',(-0.268692521944544,0.832726037531215,
1.24407542384041));
#9790=CARTESIAN_POINT('Ctrl Pts',(-0.26920431723643,0.834312182487371,1.24407542384041));
#9791=CARTESIAN_POINT('Ctrl Pts',(-0.269716112492341,0.835898327075238,
1.24407542384041));
#9792=CARTESIAN_POINT('Ctrl Pts',(-0.270227907784227,0.837484472031394,
1.24407542384041));
#9793=CARTESIAN_POINT('Ctrl Pts',(-0.270426690963655,0.832162487026691,
1.24359348019547));
#9794=CARTESIAN_POINT('Ctrl Pts',(-0.270941789422633,0.833747558430552,
1.24359348019547));
#9795=CARTESIAN_POINT('Ctrl Pts',(-0.271456887881612,0.835332629834412,
1.24359348019547));
#9796=CARTESIAN_POINT('Ctrl Pts',(-0.27197198634059,0.836917701238272,1.24359348019547));
#9797=CARTESIAN_POINT('',(-0.270426690963655,0.832162487026691,1.24359348019547));
#9798=CARTESIAN_POINT('Ctrl Pts',(-0.270426690963655,0.832162487026691,
1.24359348019547));
#9799=CARTESIAN_POINT('Ctrl Pts',(-0.270941789422633,0.833747558430552,
1.24359348019547));
#9800=CARTESIAN_POINT('Ctrl Pts',(-0.271456887881612,0.835332629834412,
1.24359348019547));
#9801=CARTESIAN_POINT('Ctrl Pts',(-0.27197198634059,0.836917701238272,1.24359348019547));
#9802=CARTESIAN_POINT('Ctrl Pts',(-0.281014523543056,0.828721773736244,
1.24063103579463));
#9803=CARTESIAN_POINT('Ctrl Pts',(-0.281549789305605,0.830300291410477,
1.24063103579463));
#9804=CARTESIAN_POINT('Ctrl Pts',(-0.282085055057896,0.831878809054789,
1.24063103579463));
#9805=CARTESIAN_POINT('Ctrl Pts',(-0.282620320820445,0.833457326729022,
1.24063103579463));
#9806=CARTESIAN_POINT('Ctrl Pts',(-0.29153668206187,0.825078968171552,1.2376685913938));
#9807=CARTESIAN_POINT('Ctrl Pts',(-0.292091990031181,0.826650547168498,
1.2376685913938));
#9808=CARTESIAN_POINT('Ctrl Pts',(-0.292647297990055,0.828222126135587,
1.2376685913938));
#9809=CARTESIAN_POINT('Ctrl Pts',(-0.293202605959366,0.829793705132533,
1.2376685913938));
#9810=CARTESIAN_POINT('Ctrl Pts',(-0.301985503140898,0.821236723419465,
1.23470614699297));
#9811=CARTESIAN_POINT('Ctrl Pts',(-0.302560713623072,0.822800983845026,
1.23470614699297));
#9812=CARTESIAN_POINT('Ctrl Pts',(-0.303135924105245,0.824365244270587,
1.23470614699297));
#9813=CARTESIAN_POINT('Ctrl Pts',(-0.303711134587418,0.825929504696148,
1.23470614699297));
#9814=CARTESIAN_POINT('',(-0.301985503140899,0.821236723419465,1.23470614699297));
#9815=CARTESIAN_POINT('Origin',(-0.301985503140899,0.821236723419465,1.24327353620022));
#9816=CARTESIAN_POINT('',(-0.301985503140899,0.821236723419465,1.25184092540747));
#9817=CARTESIAN_POINT('Ctrl Pts',(-0.301985503140899,0.821236723419465,
1.25184092540747));
#9818=CARTESIAN_POINT('Ctrl Pts',(-0.302560713623072,0.822800983845026,
1.25184092540747));
#9819=CARTESIAN_POINT('Ctrl Pts',(-0.303135924105245,0.824365244270587,
1.25184092540747));
#9820=CARTESIAN_POINT('Ctrl Pts',(-0.303711134587418,0.825929504696148,
1.25184092540747));
#9821=CARTESIAN_POINT('Ctrl Pts',(-0.291775798244116,0.824991040271416,
1.25478559514197));
#9822=CARTESIAN_POINT('Ctrl Pts',(-0.292331561672518,0.826562451785766,
1.25478559514197));
#9823=CARTESIAN_POINT('Ctrl Pts',(-0.292887325091395,0.828133863272903,
1.25478559514197));
#9824=CARTESIAN_POINT('Ctrl Pts',(-0.293443088519797,0.829705274787253,
1.25478559514197));
#9825=CARTESIAN_POINT('Ctrl Pts',(-0.281496074444663,0.828554942681141,
1.25773026487647));
#9826=CARTESIAN_POINT('Ctrl Pts',(-0.282032257446727,0.830133142581052,
1.25773026487647));
#9827=CARTESIAN_POINT('Ctrl Pts',(-0.282568440439426,0.831711342453694,
1.25773026487647));
#9828=CARTESIAN_POINT('Ctrl Pts',(-0.28310462344149,0.833289542353605,1.25773026487647));
#9829=CARTESIAN_POINT('Ctrl Pts',(-0.271153479881856,0.831925952442861,
1.26067493461097));
#9830=CARTESIAN_POINT('Ctrl Pts',(-0.271669962700678,0.833510573304656,
1.26067493461097));
#9831=CARTESIAN_POINT('Ctrl Pts',(-0.272186445519501,0.835095194166453,
1.26067493461097));
#9832=CARTESIAN_POINT('Ctrl Pts',(-0.272702928338323,0.836679815028248,
1.26067493461097));
#9833=CARTESIAN_POINT('',(-0.271153479881856,0.83192595244286,1.26067493461097));
#9834=CARTESIAN_POINT('Ctrl Pts',(-0.271153479881856,0.83192595244286,1.26067493461097));
#9835=CARTESIAN_POINT('Ctrl Pts',(-0.271669962700678,0.833510573304656,
1.26067493461097));
#9836=CARTESIAN_POINT('Ctrl Pts',(-0.272186445519501,0.835095194166452,
1.26067493461097));
#9837=CARTESIAN_POINT('Ctrl Pts',(-0.272702928338323,0.836679815028248,
1.26067493461097));
#9838=CARTESIAN_POINT('Ctrl Pts',(-0.26772284802549,0.833044114177466,1.26177696392846));
#9839=CARTESIAN_POINT('Ctrl Pts',(-0.26823279630859,0.834630864867182,1.26177696392846));
#9840=CARTESIAN_POINT('Ctrl Pts',(-0.268742744588249,0.836217615568765,
1.26177696392846));
#9841=CARTESIAN_POINT('Ctrl Pts',(-0.26925269287135,0.837804366258481,1.26177696392846));
#9842=CARTESIAN_POINT('Ctrl Pts',(-0.264217698233781,0.834163097871055,
1.26239907725246));
#9843=CARTESIAN_POINT('Ctrl Pts',(-0.264720970041123,0.83575197995828,1.26239907725246));
#9844=CARTESIAN_POINT('Ctrl Pts',(-0.265224241844917,0.83734086205738,1.26239907725246));
#9845=CARTESIAN_POINT('Ctrl Pts',(-0.26572751365226,0.838929744144604,1.26239907725246));
#9846=CARTESIAN_POINT('Ctrl Pts',(-0.260637491754155,0.835280251108634,
1.26268347191497));
#9847=CARTESIAN_POINT('Ctrl Pts',(-0.261133944119401,0.836871261110746,
1.26268347191497));
#9848=CARTESIAN_POINT('Ctrl Pts',(-0.261630396484647,0.838462271112858,
1.26268347191497));
#9849=CARTESIAN_POINT('Ctrl Pts',(-0.262126848849893,0.840053281114969,
1.26268347191497));
#9850=CARTESIAN_POINT('',(-0.260637491754155,0.835280251108634,1.26268347191497));
#9851=CARTESIAN_POINT('Ctrl Pts',(-0.260637491754155,0.835280251108634,
1.26268347191497));
#9852=CARTESIAN_POINT('Ctrl Pts',(-0.261133944119401,0.836871261110746,
1.26268347191497));
#9853=CARTESIAN_POINT('Ctrl Pts',(-0.261630396484647,0.838462271112858,
1.26268347191497));
#9854=CARTESIAN_POINT('Ctrl Pts',(-0.262126848849893,0.840053281114969,
1.26268347191497));
#9855=CARTESIAN_POINT('Ctrl Pts',(-0.256014712085505,0.836722724693003,
1.26289540487153));
#9856=CARTESIAN_POINT('Ctrl Pts',(-0.256502344285574,0.838316489895746,
1.26289540487153));
#9857=CARTESIAN_POINT('Ctrl Pts',(-0.256990021097353,0.839910232202792,
1.26289540487153));
#9858=CARTESIAN_POINT('Ctrl Pts',(-0.257477653297422,0.841503997405534,
1.26289540487153));
#9859=CARTESIAN_POINT('Ctrl Pts',(-0.251399350741099,0.838113351512771,
1.26092622147339));
#9860=CARTESIAN_POINT('Ctrl Pts',(-0.251878185936354,0.839709766590705,
1.26092622147339));
#9861=CARTESIAN_POINT('Ctrl Pts',(-0.252357083264364,0.841306155586338,
1.26092622147339));
#9862=CARTESIAN_POINT('Ctrl Pts',(-0.252835918459619,0.842902570664272,
1.26092622147339));
#9863=CARTESIAN_POINT('Ctrl Pts',(-0.248273931838988,0.839038172414825,
1.25740440346644));
#9864=CARTESIAN_POINT('Ctrl Pts',(-0.2487468345663,0.840636340362282,1.25740440346644));
#9865=CARTESIAN_POINT('Ctrl Pts',(-0.249219737293612,0.842234508309739,
1.25740440346644));
#9866=CARTESIAN_POINT('Ctrl Pts',(-0.249692640020925,0.843832676257196,
1.25740440346644));
#9867=CARTESIAN_POINT('',(-0.248273931838987,0.839038172414825,1.25740440346644));
#9868=CARTESIAN_POINT('Ctrl Pts',(-0.248273931838987,0.839038172414825,
1.25740440346644));
#9869=CARTESIAN_POINT('Ctrl Pts',(-0.2487468345663,0.840636340362282,1.25740440346644));
#9870=CARTESIAN_POINT('Ctrl Pts',(-0.249219737293612,0.842234508309739,
1.25740440346644));
#9871=CARTESIAN_POINT('Ctrl Pts',(-0.249692640020925,0.843832676257196,
1.25740440346644));
#9872=CARTESIAN_POINT('Ctrl Pts',(-0.245124820007806,0.839970004126222,
1.25390237330257));
#9873=CARTESIAN_POINT('Ctrl Pts',(-0.245591674993795,0.841569959359598,
1.25390237330257));
#9874=CARTESIAN_POINT('Ctrl Pts',(-0.246058678279005,0.843169877487852,
1.25390237330257));
#9875=CARTESIAN_POINT('Ctrl Pts',(-0.246525533264993,0.844769832721229,
1.25390237330257));
#9876=CARTESIAN_POINT('Ctrl Pts',(-0.243565559022857,0.840417265444712,
1.24890487619838));
#9877=CARTESIAN_POINT('Ctrl Pts',(-0.244029441568607,0.842018072676442,
1.24890487619838));
#9878=CARTESIAN_POINT('Ctrl Pts',(-0.244493479671522,0.843618842586953,
1.24890487619838));
#9879=CARTESIAN_POINT('Ctrl Pts',(-0.244957362217273,0.845219649818682,
1.24890487619838));
#9880=CARTESIAN_POINT('Ctrl Pts',(-0.244143008804837,0.840249481553974,
1.24414170170572));
#9881=CARTESIAN_POINT('Ctrl Pts',(-0.244608043107322,0.841849956756934,
1.24414170170572));
#9882=CARTESIAN_POINT('Ctrl Pts',(-0.245073077409808,0.843450431959894,
1.24414170170572));
#9883=CARTESIAN_POINT('Ctrl Pts',(-0.245538111712293,0.845050907162854,
1.24414170170572));
#9884=CARTESIAN_POINT('',(-0.244143008804837,0.840249481553974,1.24414170170572));
#9885=CARTESIAN_POINT('Ctrl Pts',(-0.244143008804837,0.840249481553974,
1.24414170170572));
#9886=CARTESIAN_POINT('Ctrl Pts',(-0.244608043107322,0.841849956756934,
1.24414170170572));
#9887=CARTESIAN_POINT('Ctrl Pts',(-0.245073077409808,0.843450431959894,
1.24414170170572));
#9888=CARTESIAN_POINT('Ctrl Pts',(-0.245538111712293,0.845050907162854,
1.24414170170572));
#9889=CARTESIAN_POINT('Ctrl Pts',(-0.244482890488573,0.840150725483632,
1.23784648745062));
#9890=CARTESIAN_POINT('Ctrl Pts',(-0.244948538615406,0.841751019745702,
1.23784648745062));
#9891=CARTESIAN_POINT('Ctrl Pts',(-0.245414287450245,0.84335129251004,1.23784648745062));
#9892=CARTESIAN_POINT('Ctrl Pts',(-0.245879935577079,0.84495158677211,1.23784648745062));
#9893=CARTESIAN_POINT('Ctrl Pts',(-0.24707688142464,0.83940323706205,1.23184663056259));
#9894=CARTESIAN_POINT('Ctrl Pts',(-0.247547472131053,0.841002107762377,
1.23184663056259));
#9895=CARTESIAN_POINT('Ctrl Pts',(-0.248018158612082,0.842600956287792,
1.23184663056259));
#9896=CARTESIAN_POINT('Ctrl Pts',(-0.248488749318495,0.844199826988119,
1.23184663056259));
#9897=CARTESIAN_POINT('Ctrl Pts',(-0.251336897620187,0.838125744679556,
1.22747025074075));
#9898=CARTESIAN_POINT('Ctrl Pts',(-0.251815634568035,0.839722174669422,
1.22747025074075));
#9899=CARTESIAN_POINT('Ctrl Pts',(-0.252294371515883,0.841318604659288,
1.22747025074075));
#9900=CARTESIAN_POINT('Ctrl Pts',(-0.25277310846373,0.842915034649153,1.22747025074075));
#9901=CARTESIAN_POINT('',(-0.251336897620187,0.838125744679556,1.22747025074075));
#9902=CARTESIAN_POINT('Ctrl Pts',(-0.251336897620187,0.838125744679556,
1.22747025074075));
#9903=CARTESIAN_POINT('Ctrl Pts',(-0.251815634568035,0.839722174669422,
1.22747025074075));
#9904=CARTESIAN_POINT('Ctrl Pts',(-0.252294371515883,0.841318604659288,
1.22747025074075));
#9905=CARTESIAN_POINT('Ctrl Pts',(-0.25277310846373,0.842915034649153,1.22747025074075));
#9906=CARTESIAN_POINT('Ctrl Pts',(-0.248941962333215,0.838843937157057,
1.22809828895375));
#9907=CARTESIAN_POINT('Ctrl Pts',(-0.249416137499572,0.84044173513262,1.22809828895375));
#9908=CARTESIAN_POINT('Ctrl Pts',(-0.249890312665905,0.842039533108106,
1.22809828895375));
#9909=CARTESIAN_POINT('Ctrl Pts',(-0.250364487832262,0.843637331083669,
1.22809828895375));
#9910=CARTESIAN_POINT('Ctrl Pts',(-0.246543948686706,0.839551864318954,
1.22872632716675));
#9911=CARTESIAN_POINT('Ctrl Pts',(-0.247013556208021,0.841151010727206,
1.22872632716675));
#9912=CARTESIAN_POINT('Ctrl Pts',(-0.247483163729314,0.842750157135381,
1.22872632716675));
#9913=CARTESIAN_POINT('Ctrl Pts',(-0.24795277125063,0.844349303543634,1.22872632716675));
#9914=CARTESIAN_POINT('Ctrl Pts',(-0.244142944791344,0.840249500153741,
1.22935436537975));
#9915=CARTESIAN_POINT('Ctrl Pts',(-0.244607978971899,0.841849975392129,
1.22935436537975));
#9916=CARTESIAN_POINT('Ctrl Pts',(-0.245073013152454,0.843450450630517,
1.22935436537975));
#9917=CARTESIAN_POINT('Ctrl Pts',(-0.245538047333009,0.845050925868905,
1.22935436537975));
#9918=CARTESIAN_POINT('',(-0.244142944791344,0.840249500153741,1.22935436537975));
#9919=CARTESIAN_POINT('Origin',(-0.244142944791344,0.840249500153741,1.22067144084075));
#9920=CARTESIAN_POINT('Ctrl Pts',(-0.288314917578058,0.826135284503669,
1.29044750083997));
#9921=CARTESIAN_POINT('Ctrl Pts',(-0.288864088849635,0.827708875521771,
1.29044750083997));
#9922=CARTESIAN_POINT('Ctrl Pts',(-0.289413260121212,0.829282466539873,
1.29044750083997));
#9923=CARTESIAN_POINT('Ctrl Pts',(-0.28996243139279,0.830856057557976,1.29044750083997));
#9924=CARTESIAN_POINT('Ctrl Pts',(-0.286231165843931,0.826862497976749,
1.28789942105133));
#9925=CARTESIAN_POINT('Ctrl Pts',(-0.286776389938416,0.828437468438177,
1.28789942105133));
#9926=CARTESIAN_POINT('Ctrl Pts',(-0.287321548411411,0.830012456075188,
1.28789942105133));
#9927=CARTESIAN_POINT('Ctrl Pts',(-0.287866772505896,0.831587426536616,
1.28789942105133));
#9928=CARTESIAN_POINT('Ctrl Pts',(-0.282928367834985,0.828001911339719,
1.28622101701928));
#9929=CARTESIAN_POINT('Ctrl Pts',(-0.283467293195741,0.829579055228582,
1.28622101701928));
#9930=CARTESIAN_POINT('Ctrl Pts',(-0.284006176004715,0.831156206944225,
1.28622101701928));
#9931=CARTESIAN_POINT('Ctrl Pts',(-0.284545101365471,0.832733350833089,
1.28622101701928));
#9932=CARTESIAN_POINT('Ctrl Pts',(-0.279839743737179,0.829044460704678,
1.28614283965047));
#9933=CARTESIAN_POINT('Ctrl Pts',(-0.280372771820488,0.830623593010782,
1.28614283965047));
#9934=CARTESIAN_POINT('Ctrl Pts',(-0.280905799903797,0.832202725316886,
1.28614283965047));
#9935=CARTESIAN_POINT('Ctrl Pts',(-0.281438827987106,0.833781857622991,
1.28614283965047));
#9936=CARTESIAN_POINT('',(-0.279839834868157,0.829044429946846,1.28614283364764));
#9937=CARTESIAN_POINT('',(-0.288314917578058,0.826135284503669,1.29044750083997));
#9938=CARTESIAN_POINT('Ctrl Pts',(-0.279839743737179,0.829044460704678,
1.28614283965047));
#9939=CARTESIAN_POINT('Ctrl Pts',(-0.282928367834985,0.828001911339719,
1.28622101701928));
#9940=CARTESIAN_POINT('Ctrl Pts',(-0.286231165843931,0.826862497976749,
1.28789942105133));
#9941=CARTESIAN_POINT('Ctrl Pts',(-0.288314917578058,0.826135284503669,
1.29044750083997));
#9942=CARTESIAN_POINT('',(-0.281438781202454,0.833781873413389,1.28614284271468));
#9943=CARTESIAN_POINT('',(-0.279839743737179,0.829044460704678,1.28614283965047));
#9944=CARTESIAN_POINT('',(-0.28996243139279,0.830856057557976,1.29044750083997));
#9945=CARTESIAN_POINT('Ctrl Pts',(-0.28996243139279,0.830856057557976,1.29044750083997));
#9946=CARTESIAN_POINT('Ctrl Pts',(-0.287866772505896,0.831587426536616,
1.28789942105133));
#9947=CARTESIAN_POINT('Ctrl Pts',(-0.284545101365471,0.832733350833089,
1.28622101701928));
#9948=CARTESIAN_POINT('Ctrl Pts',(-0.281438827987106,0.833781857622991,
1.28614283965047));
#9949=CARTESIAN_POINT('',(-0.288314917578058,0.826135284503669,1.29044750083997));
#9950=CARTESIAN_POINT('Ctrl Pts',(-0.290948226030374,0.825211566672317,
1.30024134202947));
#9951=CARTESIAN_POINT('Ctrl Pts',(-0.291502413127574,0.826783398227883,
1.30024134202947));
#9952=CARTESIAN_POINT('Ctrl Pts',(-0.292056600224775,0.828355229783449,
1.30024134202947));
#9953=CARTESIAN_POINT('Ctrl Pts',(-0.292610787321976,0.829927061339016,
1.30024134202947));
#9954=CARTESIAN_POINT('Ctrl Pts',(-0.291466808055012,0.825028728081326,
1.29677390051769));
#9955=CARTESIAN_POINT('Ctrl Pts',(-0.292022019814267,0.826600196909548,
1.29677390051769));
#9956=CARTESIAN_POINT('Ctrl Pts',(-0.292577120913214,0.828171709127854,
1.29677390051769));
#9957=CARTESIAN_POINT('Ctrl Pts',(-0.293132332672469,0.829743177956076,
1.29677390051769));
#9958=CARTESIAN_POINT('Ctrl Pts',(-0.290473706757879,0.825381883533969,
1.29307477993915));
#9959=CARTESIAN_POINT('Ctrl Pts',(-0.291027025498684,0.826954025842359,
1.29307477993915));
#9960=CARTESIAN_POINT('Ctrl Pts',(-0.291580237769977,0.828526209131487,
1.29307477993915));
#9961=CARTESIAN_POINT('Ctrl Pts',(-0.292133556510782,0.830098351439877,
1.29307477993915));
#9962=CARTESIAN_POINT('Ctrl Pts',(-0.288314917578058,0.826135284503669,
1.29044750083997));
#9963=CARTESIAN_POINT('Ctrl Pts',(-0.288864088849635,0.827708875521771,
1.29044750083997));
#9964=CARTESIAN_POINT('Ctrl Pts',(-0.289413260121212,0.829282466539873,
1.29044750083997));
#9965=CARTESIAN_POINT('Ctrl Pts',(-0.28996243139279,0.830856057557976,1.29044750083997));
#9966=CARTESIAN_POINT('',(-0.290948226030374,0.825211566672317,1.30024134202947));
#9967=CARTESIAN_POINT('Ctrl Pts',(-0.288314917578058,0.826135284503669,
1.29044750083997));
#9968=CARTESIAN_POINT('Ctrl Pts',(-0.290473706757879,0.825381883533969,
1.29307477993915));
#9969=CARTESIAN_POINT('Ctrl Pts',(-0.291466808055012,0.825028728081326,
1.29677390051769));
#9970=CARTESIAN_POINT('Ctrl Pts',(-0.290948226030374,0.825211566672317,
1.30024134202947));
#9971=CARTESIAN_POINT('',(-0.292610787321976,0.829927061339016,1.30024134202947));
#9972=CARTESIAN_POINT('Ctrl Pts',(-0.292610787321976,0.829927061339016,
1.30024134202947));
#9973=CARTESIAN_POINT('Ctrl Pts',(-0.293132332672469,0.829743177956076,
1.29677390051769));
#9974=CARTESIAN_POINT('Ctrl Pts',(-0.292133556510782,0.830098351439877,
1.29307477993915));
#9975=CARTESIAN_POINT('Ctrl Pts',(-0.28996243139279,0.830856057557976,1.29044750083997));
#9976=CARTESIAN_POINT('',(-0.290948226030374,0.825211566672317,1.30024134202947));
#9977=CARTESIAN_POINT('Ctrl Pts',(-0.286417789894361,0.826794925983481,
1.31357234183347));
#9978=CARTESIAN_POINT('Ctrl Pts',(-0.286963347589398,0.828369773461545,
1.31357234183347));
#9979=CARTESIAN_POINT('Ctrl Pts',(-0.287508905284435,0.829944620939609,
1.31357234183347));
#9980=CARTESIAN_POINT('Ctrl Pts',(-0.288054462979472,0.831519468417672,
1.31357234183347));
#9981=CARTESIAN_POINT('Ctrl Pts',(-0.289280549793629,0.825803210459379,
1.30969393689839));
#9982=CARTESIAN_POINT('Ctrl Pts',(-0.289831577919762,0.827376161544158,
1.30969393689839));
#9983=CARTESIAN_POINT('Ctrl Pts',(-0.290382553380601,0.82894913486294,1.30969393689839));
#9984=CARTESIAN_POINT('Ctrl Pts',(-0.290933581506735,0.830522085947719,
1.30969393689839));
#9985=CARTESIAN_POINT('Ctrl Pts',(-0.290884153486278,0.825234156991932,
1.30496740168334));
#9986=CARTESIAN_POINT('Ctrl Pts',(-0.291438236597443,0.826806023723169,
1.30496740168334));
#9987=CARTESIAN_POINT('Ctrl Pts',(-0.291992265537892,0.828377914014935,
1.30496740168334));
#9988=CARTESIAN_POINT('Ctrl Pts',(-0.292546348649057,0.829949780746172,
1.30496740168334));
#9989=CARTESIAN_POINT('Ctrl Pts',(-0.290948226030374,0.825211566672316,
1.30024134202947));
#9990=CARTESIAN_POINT('Ctrl Pts',(-0.291502413127574,0.826783398227883,
1.30024134202947));
#9991=CARTESIAN_POINT('Ctrl Pts',(-0.292056600224775,0.828355229783449,
1.30024134202947));
#9992=CARTESIAN_POINT('Ctrl Pts',(-0.292610787321976,0.829927061339015,
1.30024134202947));
#9993=CARTESIAN_POINT('',(-0.286417789894361,0.826794925983481,1.31357234183347));
#9994=CARTESIAN_POINT('Ctrl Pts',(-0.290948226030374,0.825211566672316,
1.30024134202947));
#9995=CARTESIAN_POINT('Ctrl Pts',(-0.290884153486278,0.825234156991932,
1.30496740168334));
#9996=CARTESIAN_POINT('Ctrl Pts',(-0.289280549793629,0.825803210459379,
1.30969393689839));
#9997=CARTESIAN_POINT('Ctrl Pts',(-0.286417789894361,0.826794925983481,
1.31357234183347));
#9998=CARTESIAN_POINT('',(-0.288054462979472,0.831519468417672,1.31357234183347));
#9999=CARTESIAN_POINT('Ctrl Pts',(-0.288054462979472,0.831519468417672,
1.31357234183347));
#10000=CARTESIAN_POINT('Ctrl Pts',(-0.290933581506735,0.830522085947719,
1.30969393689839));
#10001=CARTESIAN_POINT('Ctrl Pts',(-0.292546348649057,0.829949780746172,
1.30496740168334));
#10002=CARTESIAN_POINT('Ctrl Pts',(-0.292610787321976,0.829927061339015,
1.30024134202947));
#10003=CARTESIAN_POINT('',(-0.286417789894361,0.826794925983481,1.31357234183347));
#10004=CARTESIAN_POINT('Ctrl Pts',(-0.296506972338964,0.823230596706889,
1.32148206838397));
#10005=CARTESIAN_POINT('Ctrl Pts',(-0.297071747524372,0.824798654986331,
1.32148206838397));
#10006=CARTESIAN_POINT('Ctrl Pts',(-0.297636522709779,0.826366713265773,
1.32148206838397));
#10007=CARTESIAN_POINT('Ctrl Pts',(-0.298201297895187,0.827934771545214,
1.32148206838397));
#10008=CARTESIAN_POINT('Ctrl Pts',(-0.293151218115295,0.82443925504485,
1.31884549286713));
#10009=CARTESIAN_POINT('Ctrl Pts',(-0.293709601387933,0.826009615530754,
1.31884549286713));
#10010=CARTESIAN_POINT('Ctrl Pts',(-0.294267984660459,0.827579976016344,
1.31884549286713));
#10011=CARTESIAN_POINT('Ctrl Pts',(-0.294826367933097,0.829150336502249,
1.31884549286713));
#10012=CARTESIAN_POINT('Ctrl Pts',(-0.289788073477206,0.825627394416971,
1.3162089173503));
#10013=CARTESIAN_POINT('Ctrl Pts',(-0.290340050760057,0.827200018025489,
1.3162089173503));
#10014=CARTESIAN_POINT('Ctrl Pts',(-0.290892028042797,0.828772641633693,
1.3162089173503));
#10015=CARTESIAN_POINT('Ctrl Pts',(-0.291444005325648,0.830345265242211,
1.3162089173503));
#10016=CARTESIAN_POINT('Ctrl Pts',(-0.286417789894361,0.826794925983481,
1.31357234183347));
#10017=CARTESIAN_POINT('Ctrl Pts',(-0.286963347589398,0.828369773461545,
1.31357234183347));
#10018=CARTESIAN_POINT('Ctrl Pts',(-0.287508905284435,0.829944620939609,
1.31357234183347));
#10019=CARTESIAN_POINT('Ctrl Pts',(-0.288054462979472,0.831519468417672,
1.31357234183347));
#10020=CARTESIAN_POINT('',(-0.296506972338964,0.823230596706889,1.32148206838397));
#10021=CARTESIAN_POINT('Ctrl Pts',(-0.286417789894361,0.826794925983481,
1.31357234183347));
#10022=CARTESIAN_POINT('Ctrl Pts',(-0.289788073477206,0.825627394416971,
1.3162089173503));
#10023=CARTESIAN_POINT('Ctrl Pts',(-0.293151218115295,0.82443925504485,
1.31884549286713));
#10024=CARTESIAN_POINT('Ctrl Pts',(-0.296506972338964,0.823230596706889,
1.32148206838397));
#10025=CARTESIAN_POINT('',(-0.298201297895187,0.827934771545214,1.32148206838397));
#10026=CARTESIAN_POINT('Ctrl Pts',(-0.298201297895187,0.827934771545214,
1.32148206838397));
#10027=CARTESIAN_POINT('Ctrl Pts',(-0.294826367933097,0.829150336502249,
1.31884549286713));
#10028=CARTESIAN_POINT('Ctrl Pts',(-0.291444005325648,0.830345265242211,
1.3162089173503));
#10029=CARTESIAN_POINT('Ctrl Pts',(-0.288054462979472,0.831519468417672,
1.31357234183347));
#10030=CARTESIAN_POINT('',(-0.296506972338964,0.823230596706889,1.32148206838397));
#10031=CARTESIAN_POINT('Ctrl Pts',(-0.304003174304463,0.820491968280501,
1.29816170605997));
#10032=CARTESIAN_POINT('Ctrl Pts',(-0.304582227969805,0.822054810124845,
1.29816170605997));
#10033=CARTESIAN_POINT('Ctrl Pts',(-0.305161281635147,0.823617651969189,
1.29816170605997));
#10034=CARTESIAN_POINT('Ctrl Pts',(-0.305740335300489,0.825180493813532,
1.29816170605997));
#10035=CARTESIAN_POINT('Ctrl Pts',(-0.304200968838439,0.820418682778006,
1.30648514459238));
#10036=CARTESIAN_POINT('Ctrl Pts',(-0.304780443775938,0.821981363326462,
1.30648514459238));
#10037=CARTESIAN_POINT('Ctrl Pts',(-0.305359785151445,0.823544108988281,
1.30648514459238));
#10038=CARTESIAN_POINT('Ctrl Pts',(-0.305939260088944,0.825106789536737,
1.30648514459238));
#10039=CARTESIAN_POINT('Ctrl Pts',(-0.301497458193412,0.821433149117937,
1.31492239752404));
#10040=CARTESIAN_POINT('Ctrl Pts',(-0.30207178222291,0.822997763598082,
1.31492239752404));
#10041=CARTESIAN_POINT('Ctrl Pts',(-0.302645976782161,0.824562438347037,
1.31492239752404));
#10042=CARTESIAN_POINT('Ctrl Pts',(-0.30322030081166,0.826127052827182,
1.31492239752404));
#10043=CARTESIAN_POINT('Ctrl Pts',(-0.296506972338964,0.823230596706889,
1.32148206838397));
#10044=CARTESIAN_POINT('Ctrl Pts',(-0.297071747524372,0.824798654986331,
1.32148206838397));
#10045=CARTESIAN_POINT('Ctrl Pts',(-0.297636522709779,0.826366713265773,
1.32148206838397));
#10046=CARTESIAN_POINT('Ctrl Pts',(-0.298201297895187,0.827934771545214,
1.32148206838397));
#10047=CARTESIAN_POINT('',(-0.304003174304463,0.820491968280501,1.29816170605997));
#10048=CARTESIAN_POINT('Ctrl Pts',(-0.296506972338964,0.823230596706889,
1.32148206838397));
#10049=CARTESIAN_POINT('Ctrl Pts',(-0.301497458193412,0.821433149117937,
1.31492239752404));
#10050=CARTESIAN_POINT('Ctrl Pts',(-0.304200968838439,0.820418682778006,
1.30648514459238));
#10051=CARTESIAN_POINT('Ctrl Pts',(-0.304003174304463,0.820491968280501,
1.29816170605997));
#10052=CARTESIAN_POINT('',(-0.305740335300489,0.825180493813532,1.29816170605997));
#10053=CARTESIAN_POINT('Ctrl Pts',(-0.305740335300489,0.825180493813532,
1.29816170605997));
#10054=CARTESIAN_POINT('Ctrl Pts',(-0.305939260088944,0.825106789536737,
1.30648514459238));
#10055=CARTESIAN_POINT('Ctrl Pts',(-0.30322030081166,0.826127052827182,
1.31492239752404));
#10056=CARTESIAN_POINT('Ctrl Pts',(-0.298201297895187,0.827934771545214,
1.32148206838397));
#10057=CARTESIAN_POINT('',(-0.304003174304463,0.820491968280501,1.29816170605997));
#10058=CARTESIAN_POINT('Ctrl Pts',(-0.297610425347106,0.822832324793281,
1.27788081169147));
#10059=CARTESIAN_POINT('Ctrl Pts',(-0.298177302347767,0.824399624459554,
1.27788081169147));
#10060=CARTESIAN_POINT('Ctrl Pts',(-0.298744179348429,0.825966924125827,
1.27788081169147));
#10061=CARTESIAN_POINT('Ctrl Pts',(-0.29931105634909,0.827534223792099,
1.27788081169147));
#10062=CARTESIAN_POINT('Ctrl Pts',(-0.298808393692785,0.82239903132854,
1.27922525981022));
#10063=CARTESIAN_POINT('Ctrl Pts',(-0.29937755253192,0.82396550565541,1.27922525981022));
#10064=CARTESIAN_POINT('Ctrl Pts',(-0.299946711389038,0.825531980037834,
1.27922525981022));
#10065=CARTESIAN_POINT('Ctrl Pts',(-0.300515870228173,0.827098454364704,
1.27922525981022));
#10066=CARTESIAN_POINT('Ctrl Pts',(-0.299863119208539,0.822014610040581,
1.28070436165903));
#10067=CARTESIAN_POINT('Ctrl Pts',(-0.300434287056677,0.82358035216027,
1.28070436165903));
#10068=CARTESIAN_POINT('Ctrl Pts',(-0.301005454898735,0.82514609426398,
1.28070436165903));
#10069=CARTESIAN_POINT('Ctrl Pts',(-0.301576622746873,0.82671183638367,
1.28070436165903));
#10070=CARTESIAN_POINT('Ctrl Pts',(-0.301641846793107,0.821363549716257,
1.28386386143915));
#10071=CARTESIAN_POINT('Ctrl Pts',(-0.302216402686493,0.822928051700968,
1.28386386143915));
#10072=CARTESIAN_POINT('Ctrl Pts',(-0.302790958595682,0.824492553729925,
1.28386386143915));
#10073=CARTESIAN_POINT('Ctrl Pts',(-0.303365514489068,0.826057055714635,
1.28386386143915));
#10074=CARTESIAN_POINT('Ctrl Pts',(-0.302364132214627,0.821097602953723,
1.28553287125097));
#10075=CARTESIAN_POINT('Ctrl Pts',(-0.302940063894153,0.822661598384921,
1.28553287125097));
#10076=CARTESIAN_POINT('Ctrl Pts',(-0.303515995576328,0.824225593825118,
1.28553287125097));
#10077=CARTESIAN_POINT('Ctrl Pts',(-0.304091927255853,0.825789589256316,
1.28553287125097));
#10078=CARTESIAN_POINT('Ctrl Pts',(-0.303458981272088,0.820693599452701,
1.28900556364839));
#10079=CARTESIAN_POINT('Ctrl Pts',(-0.30403699837518,0.822256825345421,
1.28900556364839));
#10080=CARTESIAN_POINT('Ctrl Pts',(-0.30461501549055,0.82382005127114,1.28900556364839));
#10081=CARTESIAN_POINT('Ctrl Pts',(-0.305193032593643,0.82538327716386,
1.28900556364839));
#10082=CARTESIAN_POINT('Ctrl Pts',(-0.303828785202666,0.820556584564206,
1.2908002863382));
#10083=CARTESIAN_POINT('Ctrl Pts',(-0.304407506692766,0.822119549471829,
1.2908002863382));
#10084=CARTESIAN_POINT('Ctrl Pts',(-0.304986228199439,0.823682514425522,
1.2908002863382));
#10085=CARTESIAN_POINT('Ctrl Pts',(-0.305564949689539,0.825245479333145,
1.2908002863382));
#10086=CARTESIAN_POINT('Ctrl Pts',(-0.30420062752078,0.820418805283508,
1.29446314587178));
#10087=CARTESIAN_POINT('Ctrl Pts',(-0.30478005728784,0.821981507770867,
1.29446314587178));
#10088=CARTESIAN_POINT('Ctrl Pts',(-0.305359487053839,0.823544210254912,
1.29446314587178));
#10089=CARTESIAN_POINT('Ctrl Pts',(-0.305938916820899,0.825106912742271,
1.29446314587178));
#10090=CARTESIAN_POINT('Ctrl Pts',(-0.304197313073916,0.820420037287328,
1.29632040664577));
#10091=CARTESIAN_POINT('Ctrl Pts',(-0.304776736510731,0.821982742075097,
1.29632040664577));
#10092=CARTESIAN_POINT('Ctrl Pts',(-0.305356159997523,0.823545446998343,
1.29632040664577));
#10093=CARTESIAN_POINT('Ctrl Pts',(-0.305935583434338,0.825108151786112,
1.29632040664577));
#10094=CARTESIAN_POINT('Ctrl Pts',(-0.304003174304463,0.820491968280501,
1.29816170605997));
#10095=CARTESIAN_POINT('Ctrl Pts',(-0.304582227969805,0.822054810124845,
1.29816170605997));
#10096=CARTESIAN_POINT('Ctrl Pts',(-0.305161281635147,0.823617651969189,
1.29816170605997));
#10097=CARTESIAN_POINT('Ctrl Pts',(-0.305740335300489,0.825180493813532,
1.29816170605997));
#10098=CARTESIAN_POINT('',(-0.297610425347106,0.822832324793281,1.27788081169147));
#10099=CARTESIAN_POINT('Ctrl Pts',(-0.304003174304463,0.820491968280501,
1.29816170605997));
#10100=CARTESIAN_POINT('Ctrl Pts',(-0.304197313073916,0.820420037287328,
1.29632040664577));
#10101=CARTESIAN_POINT('Ctrl Pts',(-0.30420062752078,0.820418805283508,
1.29446314587178));
#10102=CARTESIAN_POINT('Ctrl Pts',(-0.303828785202666,0.820556584564206,
1.2908002863382));
#10103=CARTESIAN_POINT('Ctrl Pts',(-0.303458981272088,0.820693599452701,
1.28900556364839));
#10104=CARTESIAN_POINT('Ctrl Pts',(-0.302364132214627,0.821097602953723,
1.28553287125097));
#10105=CARTESIAN_POINT('Ctrl Pts',(-0.301641846793107,0.821363549716257,
1.28386386143915));
#10106=CARTESIAN_POINT('Ctrl Pts',(-0.299863119208539,0.822014610040581,
1.28070436165903));
#10107=CARTESIAN_POINT('Ctrl Pts',(-0.298808393692785,0.82239903132854,
1.27922525981022));
#10108=CARTESIAN_POINT('Ctrl Pts',(-0.297610425347106,0.822832324793281,
1.27788081169147));
#10109=CARTESIAN_POINT('',(-0.29931105634909,0.827534223792099,1.27788081169147));
#10110=CARTESIAN_POINT('Ctrl Pts',(-0.29931105634909,0.827534223792099,
1.27788081169147));
#10111=CARTESIAN_POINT('Ctrl Pts',(-0.300515870228173,0.827098454364704,
1.27922525981022));
#10112=CARTESIAN_POINT('Ctrl Pts',(-0.301576622746873,0.82671183638367,
1.28070436165903));
#10113=CARTESIAN_POINT('Ctrl Pts',(-0.303365514489068,0.826057055714635,
1.28386386143915));
#10114=CARTESIAN_POINT('Ctrl Pts',(-0.304091927255853,0.825789589256316,
1.28553287125097));
#10115=CARTESIAN_POINT('Ctrl Pts',(-0.305193032593643,0.82538327716386,
1.28900556364839));
#10116=CARTESIAN_POINT('Ctrl Pts',(-0.305564949689539,0.825245479333145,
1.2908002863382));
#10117=CARTESIAN_POINT('Ctrl Pts',(-0.305938916820899,0.825106912742271,
1.29446314587178));
#10118=CARTESIAN_POINT('Ctrl Pts',(-0.305935583434338,0.825108151786112,
1.29632040664577));
#10119=CARTESIAN_POINT('Ctrl Pts',(-0.305740335300489,0.825180493813532,
1.29816170605997));
#10120=CARTESIAN_POINT('',(-0.297610425347106,0.822832324793281,1.27788081169147));
#10121=CARTESIAN_POINT('Ctrl Pts',(-0.278864831280925,0.829372899168198,
1.27004218380697));
#10122=CARTESIAN_POINT('Ctrl Pts',(-0.279396002388127,0.830952657071375,
1.27004218380697));
#10123=CARTESIAN_POINT('Ctrl Pts',(-0.279927173495329,0.832532414974553,
1.27004218380697));
#10124=CARTESIAN_POINT('Ctrl Pts',(-0.280458344602531,0.83411217287773,
1.27004218380697));
#10125=CARTESIAN_POINT('Ctrl Pts',(-0.280612500401337,0.828785270304405,
1.26993631881086));
#10126=CARTESIAN_POINT('Ctrl Pts',(-0.281147000417258,0.830363908957981,
1.26993631881086));
#10127=CARTESIAN_POINT('Ctrl Pts',(-0.281681500387709,0.83194254748114,
1.26993631881086));
#10128=CARTESIAN_POINT('Ctrl Pts',(-0.28221600040363,0.833521186134716,
1.26993631881086));
#10129=CARTESIAN_POINT('Ctrl Pts',(-0.282363475642711,0.828190311286396,
1.27003220269553));
#10130=CARTESIAN_POINT('Ctrl Pts',(-0.282901310833685,0.829767816639795,
1.27003220269553));
#10131=CARTESIAN_POINT('Ctrl Pts',(-0.283439146026838,0.831345321997491,
1.27003220269553));
#10132=CARTESIAN_POINT('Ctrl Pts',(-0.283976981217812,0.83292282735089,
1.27003220269553));
#10133=CARTESIAN_POINT('Ctrl Pts',(-0.285794385227478,0.827012591568514,
1.27061963513201));
#10134=CARTESIAN_POINT('Ctrl Pts',(-0.28633875549051,0.82858785366239,1.27061963513201));
#10135=CARTESIAN_POINT('Ctrl Pts',(-0.286883125737175,0.830163115712173,
1.27061963513201));
#10136=CARTESIAN_POINT('Ctrl Pts',(-0.287427496000207,0.831738377806049,
1.27061963513201));
#10137=CARTESIAN_POINT('Ctrl Pts',(-0.28746547753063,0.826432994777577,
1.27110566518927));
#10138=CARTESIAN_POINT('Ctrl Pts',(-0.288013030824868,0.828007152873646,
1.27110566518927));
#10139=CARTESIAN_POINT('Ctrl Pts',(-0.288560584107996,0.82958131093738,
1.27110566518927));
#10140=CARTESIAN_POINT('Ctrl Pts',(-0.289108137402234,0.831155469033449,
1.27110566518927));
#10141=CARTESIAN_POINT('Ctrl Pts',(-0.290675213498522,0.8253095232897,1.27244681258524));
#10142=CARTESIAN_POINT('Ctrl Pts',(-0.291228880572756,0.826881541431018,
1.27244681258524));
#10143=CARTESIAN_POINT('Ctrl Pts',(-0.291782547644279,0.82845355956718,
1.27244681258524));
#10144=CARTESIAN_POINT('Ctrl Pts',(-0.292336214718514,0.830025577708498,
1.27244681258524));
#10145=CARTESIAN_POINT('Ctrl Pts',(-0.292206133194477,0.824768380837004,
1.27329856689665));
#10146=CARTESIAN_POINT('Ctrl Pts',(-0.292762716310568,0.826339368243062,
1.27329856689665));
#10147=CARTESIAN_POINT('Ctrl Pts',(-0.293319299410927,0.827910355607157,
1.27329856689665));
#10148=CARTESIAN_POINT('Ctrl Pts',(-0.293875882527017,0.829481343013215,
1.27329856689665));
#10149=CARTESIAN_POINT('Ctrl Pts',(-0.295080502635842,0.823744406000192,
1.27534715606167));
#10150=CARTESIAN_POINT('Ctrl Pts',(-0.295642560733877,0.825313442957776,
1.27534715606167));
#10151=CARTESIAN_POINT('Ctrl Pts',(-0.296204618838584,0.826882479934038,
1.27534715606167));
#10152=CARTESIAN_POINT('Ctrl Pts',(-0.296766676936619,0.828451516891622,
1.27534715606167));
#10153=CARTESIAN_POINT('Ctrl Pts',(-0.296413078750831,0.823265393377327,
1.27654146708444));
#10154=CARTESIAN_POINT('Ctrl Pts',(-0.296977675097075,0.824833517949326,
1.27654146708444));
#10155=CARTESIAN_POINT('Ctrl Pts',(-0.29754227142602,0.826401642481769,
1.27654146708444));
#10156=CARTESIAN_POINT('Ctrl Pts',(-0.298106867772264,0.827969767053768,
1.27654146708444));
#10157=CARTESIAN_POINT('Ctrl Pts',(-0.297610425347106,0.822832324793281,
1.27788081169147));
#10158=CARTESIAN_POINT('Ctrl Pts',(-0.298177302347767,0.824399624459554,
1.27788081169147));
#10159=CARTESIAN_POINT('Ctrl Pts',(-0.298744179348429,0.825966924125827,
1.27788081169147));
#10160=CARTESIAN_POINT('Ctrl Pts',(-0.29931105634909,0.827534223792099,
1.27788081169147));
#10161=CARTESIAN_POINT('',(-0.278864831280925,0.829372899168198,1.27004218380697));
#10162=CARTESIAN_POINT('Ctrl Pts',(-0.297610425347106,0.822832324793281,
1.27788081169147));
#10163=CARTESIAN_POINT('Ctrl Pts',(-0.296413078750831,0.823265393377327,
1.27654146708444));
#10164=CARTESIAN_POINT('Ctrl Pts',(-0.295080502635842,0.823744406000192,
1.27534715606167));
#10165=CARTESIAN_POINT('Ctrl Pts',(-0.292206133194477,0.824768380837004,
1.27329856689665));
#10166=CARTESIAN_POINT('Ctrl Pts',(-0.290675213498522,0.8253095232897,1.27244681258524));
#10167=CARTESIAN_POINT('Ctrl Pts',(-0.28746547753063,0.826432994777577,
1.27110566518927));
#10168=CARTESIAN_POINT('Ctrl Pts',(-0.285794385227478,0.827012591568514,
1.27061963513201));
#10169=CARTESIAN_POINT('Ctrl Pts',(-0.282363475642711,0.828190311286396,
1.27003220269553));
#10170=CARTESIAN_POINT('Ctrl Pts',(-0.280612500401337,0.828785270304405,
1.26993631881086));
#10171=CARTESIAN_POINT('Ctrl Pts',(-0.278864831280925,0.829372899168198,
1.27004218380697));
#10172=CARTESIAN_POINT('',(-0.280458344602531,0.83411217287773,1.27004218380697));
#10173=CARTESIAN_POINT('Ctrl Pts',(-0.280458344602531,0.83411217287773,
1.27004218380697));
#10174=CARTESIAN_POINT('Ctrl Pts',(-0.28221600040363,0.833521186134716,
1.26993631881086));
#10175=CARTESIAN_POINT('Ctrl Pts',(-0.283976981217812,0.83292282735089,
1.27003220269553));
#10176=CARTESIAN_POINT('Ctrl Pts',(-0.287427496000207,0.831738377806049,
1.27061963513201));
#10177=CARTESIAN_POINT('Ctrl Pts',(-0.289108137402234,0.831155469033449,
1.27110566518927));
#10178=CARTESIAN_POINT('Ctrl Pts',(-0.292336214718514,0.830025577708498,
1.27244681258524));
#10179=CARTESIAN_POINT('Ctrl Pts',(-0.293875882527017,0.829481343013215,
1.27329856689665));
#10180=CARTESIAN_POINT('Ctrl Pts',(-0.296766676936619,0.828451516891622,
1.27534715606167));
#10181=CARTESIAN_POINT('Ctrl Pts',(-0.298106867772264,0.827969767053768,
1.27654146708444));
#10182=CARTESIAN_POINT('Ctrl Pts',(-0.29931105634909,0.827534223792099,
1.27788081169147));
#10183=CARTESIAN_POINT('',(-0.278864831280925,0.829372899168198,1.27004218380697));
#10184=CARTESIAN_POINT('Ctrl Pts',(-0.244145666690844,0.840248709273679,
1.30613798472594));
#10185=CARTESIAN_POINT('Ctrl Pts',(-0.24461070605597,0.841849183005629,
1.30613798472594));
#10186=CARTESIAN_POINT('Ctrl Pts',(-0.245075745421095,0.843449656737579,
1.30613798472594));
#10187=CARTESIAN_POINT('Ctrl Pts',(-0.24554078478622,0.845050130469529,
1.30613798472594));
#10188=CARTESIAN_POINT('Ctrl Pts',(-0.244351852230432,0.840188799266714,
1.28614257856674));
#10189=CARTESIAN_POINT('Ctrl Pts',(-0.24481727560332,0.841789139789061,
1.28614257856674));
#10190=CARTESIAN_POINT('Ctrl Pts',(-0.245282725156003,0.843389537597321,
1.28614257856674));
#10191=CARTESIAN_POINT('Ctrl Pts',(-0.245748148528891,0.844989878119667,
1.28614257856674));
#10192=CARTESIAN_POINT('Ctrl Pts',(-0.259979458542396,0.835722836919587,
1.27011185463959));
#10193=CARTESIAN_POINT('Ctrl Pts',(-0.260474661014705,0.837314714068323,
1.27011185463959));
#10194=CARTESIAN_POINT('Ctrl Pts',(-0.260969852976043,0.838906518838963,
1.27011185463959));
#10195=CARTESIAN_POINT('Ctrl Pts',(-0.261465055448353,0.840498395987699,
1.27011185463959));
#10196=CARTESIAN_POINT('Ctrl Pts',(-0.278864831280925,0.829372899168198,
1.27004218380697));
#10197=CARTESIAN_POINT('Ctrl Pts',(-0.279396002388127,0.830952657071375,
1.27004218380697));
#10198=CARTESIAN_POINT('Ctrl Pts',(-0.279927173495329,0.832532414974553,
1.27004218380697));
#10199=CARTESIAN_POINT('Ctrl Pts',(-0.280458344602531,0.83411217287773,
1.27004218380697));
#10200=CARTESIAN_POINT('',(-0.244145666690844,0.840248709273679,1.30613798472594));
#10201=CARTESIAN_POINT('Ctrl Pts',(-0.278864831280925,0.829372899168198,
1.27004218380697));
#10202=CARTESIAN_POINT('Ctrl Pts',(-0.259979458542396,0.835722836919587,
1.27011185463959));
#10203=CARTESIAN_POINT('Ctrl Pts',(-0.244351852230432,0.840188799266714,
1.28614257856674));
#10204=CARTESIAN_POINT('Ctrl Pts',(-0.244145666690844,0.840248709273679,
1.30613798472594));
#10205=CARTESIAN_POINT('',(-0.24554078478622,0.845050130469529,1.30613798472594));
#10206=CARTESIAN_POINT('Ctrl Pts',(-0.24554078478622,0.845050130469529,
1.30613798472594));
#10207=CARTESIAN_POINT('Ctrl Pts',(-0.245748148528891,0.844989878119667,
1.28614257856674));
#10208=CARTESIAN_POINT('Ctrl Pts',(-0.261465055448353,0.840498395987699,
1.27011185463959));
#10209=CARTESIAN_POINT('Ctrl Pts',(-0.280458344602531,0.83411217287773,
1.27004218380697));
#10210=CARTESIAN_POINT('',(-0.244145666690844,0.840248709273679,1.30613798472594));
#10211=CARTESIAN_POINT('Ctrl Pts',(-0.250266796442012,0.83844590201077,
1.32398375142439));
#10212=CARTESIAN_POINT('Ctrl Pts',(-0.250743495101901,0.840042941824123,
1.32398375142439));
#10213=CARTESIAN_POINT('Ctrl Pts',(-0.251220193761791,0.841639981637477,
1.32398375142439));
#10214=CARTESIAN_POINT('Ctrl Pts',(-0.251696892421681,0.843237021450831,
1.32398375142439));
#10215=CARTESIAN_POINT('Ctrl Pts',(-0.245915750308528,0.839744640992482,
1.3192307526503));
#10216=CARTESIAN_POINT('Ctrl Pts',(-0.246384102072205,0.841344168535398,
1.3192307526503));
#10217=CARTESIAN_POINT('Ctrl Pts',(-0.246852631403758,0.842943654255237,
1.3192307526503));
#10218=CARTESIAN_POINT('Ctrl Pts',(-0.247320983167434,0.844543181798153,
1.3192307526503));
#10219=CARTESIAN_POINT('Ctrl Pts',(-0.243627201072977,0.840399356495785,
1.31257394094866));
#10220=CARTESIAN_POINT('Ctrl Pts',(-0.244091190626245,0.842000130892958,
1.31257394094866));
#10221=CARTESIAN_POINT('Ctrl Pts',(-0.244555366954412,0.843600864135732,
1.31257394094866));
#10222=CARTESIAN_POINT('Ctrl Pts',(-0.24501935650768,0.845201638532904,
1.31257394094866));
#10223=CARTESIAN_POINT('Ctrl Pts',(-0.244145666690844,0.840248709273679,
1.30613798472594));
#10224=CARTESIAN_POINT('Ctrl Pts',(-0.24461070605597,0.841849183005629,
1.30613798472594));
#10225=CARTESIAN_POINT('Ctrl Pts',(-0.245075745421095,0.843449656737579,
1.30613798472594));
#10226=CARTESIAN_POINT('Ctrl Pts',(-0.24554078478622,0.845050130469529,
1.30613798472594));
#10227=CARTESIAN_POINT('',(-0.250266796442012,0.83844590201077,1.32398375142439));
#10228=CARTESIAN_POINT('Ctrl Pts',(-0.244145666690844,0.840248709273679,
1.30613798472594));
#10229=CARTESIAN_POINT('Ctrl Pts',(-0.243627201072977,0.840399356495785,
1.31257394094866));
#10230=CARTESIAN_POINT('Ctrl Pts',(-0.245915750308528,0.839744640992482,
1.3192307526503));
#10231=CARTESIAN_POINT('Ctrl Pts',(-0.250266796442012,0.83844590201077,
1.32398375142439));
#10232=CARTESIAN_POINT('',(-0.251696892421681,0.843237021450831,1.32398375142439));
#10233=CARTESIAN_POINT('Ctrl Pts',(-0.251696892421681,0.843237021450831,
1.32398375142439));
#10234=CARTESIAN_POINT('Ctrl Pts',(-0.247320983167434,0.844543181798153,
1.3192307526503));
#10235=CARTESIAN_POINT('Ctrl Pts',(-0.24501935650768,0.845201638532904,
1.31257394094866));
#10236=CARTESIAN_POINT('Ctrl Pts',(-0.24554078478622,0.845050130469529,
1.30613798472594));
#10237=CARTESIAN_POINT('',(-0.250266796442012,0.83844590201077,1.32398375142439));
#10238=CARTESIAN_POINT('Ctrl Pts',(-0.267128219739023,0.833227168435512,
1.33093819025873));
#10239=CARTESIAN_POINT('Ctrl Pts',(-0.267637035395669,0.83481426780396,
1.33093819025873));
#10240=CARTESIAN_POINT('Ctrl Pts',(-0.268145851052315,0.836401367172409,
1.33093819025873));
#10241=CARTESIAN_POINT('Ctrl Pts',(-0.26865466670896,0.837988466540857,
1.33093819025873));
#10242=CARTESIAN_POINT('Ctrl Pts',(-0.260929105619123,0.835214571609027,
1.33125806955714));
#10243=CARTESIAN_POINT('Ctrl Pts',(-0.261426095615392,0.836805468070222,
1.33125806955714));
#10244=CARTESIAN_POINT('Ctrl Pts',(-0.261923139083535,0.838396329842741,
1.33125806955714));
#10245=CARTESIAN_POINT('Ctrl Pts',(-0.262420129079804,0.839987226303936,
1.33125806955714));
#10246=CARTESIAN_POINT('Ctrl Pts',(-0.254619202391228,0.837146757139153,
1.32865813855716));
#10247=CARTESIAN_POINT('Ctrl Pts',(-0.255104165136813,0.838741335311366,
1.32865813855716));
#10248=CARTESIAN_POINT('Ctrl Pts',(-0.255589206516451,0.84033587472202,
1.32865813855716));
#10249=CARTESIAN_POINT('Ctrl Pts',(-0.256074169262035,0.841930452894234,
1.32865813855716));
#10250=CARTESIAN_POINT('Ctrl Pts',(-0.250266796442012,0.83844590201077,
1.32398375142439));
#10251=CARTESIAN_POINT('Ctrl Pts',(-0.250743495101901,0.840042941824123,
1.32398375142439));
#10252=CARTESIAN_POINT('Ctrl Pts',(-0.251220193761791,0.841639981637477,
1.32398375142439));
#10253=CARTESIAN_POINT('Ctrl Pts',(-0.251696892421681,0.843237021450831,
1.32398375142439));
#10254=CARTESIAN_POINT('',(-0.267128219739023,0.833227168435512,1.33093819025873));
#10255=CARTESIAN_POINT('Ctrl Pts',(-0.250266796442012,0.83844590201077,
1.32398375142439));
#10256=CARTESIAN_POINT('Ctrl Pts',(-0.254619202391228,0.837146757139153,
1.32865813855716));
#10257=CARTESIAN_POINT('Ctrl Pts',(-0.260929105619123,0.835214571609027,
1.33125806955714));
#10258=CARTESIAN_POINT('Ctrl Pts',(-0.267128219739023,0.833227168435512,
1.33093819025873));
#10259=CARTESIAN_POINT('',(-0.26865466670896,0.837988466540857,1.33093819025873));
#10260=CARTESIAN_POINT('Ctrl Pts',(-0.26865466670896,0.837988466540857,
1.33093819025873));
#10261=CARTESIAN_POINT('Ctrl Pts',(-0.262420129079804,0.839987226303936,
1.33125806955714));
#10262=CARTESIAN_POINT('Ctrl Pts',(-0.256074169262035,0.841930452894234,
1.32865813855716));
#10263=CARTESIAN_POINT('Ctrl Pts',(-0.251696892421681,0.843237021450831,
1.32398375142439));
#10264=CARTESIAN_POINT('',(-0.267128219739023,0.833227168435512,1.33093819025873));
#10265=CARTESIAN_POINT('Ctrl Pts',(-0.279791286138212,0.829060815743408,
1.32788094828947));
#10266=CARTESIAN_POINT('Ctrl Pts',(-0.280324221921332,0.830639979201967,
1.32788094828947));
#10267=CARTESIAN_POINT('Ctrl Pts',(-0.280857157704453,0.832219142660526,
1.32788094828947));
#10268=CARTESIAN_POINT('Ctrl Pts',(-0.281390093487573,0.833798306119085,
1.32788094828947));
#10269=CARTESIAN_POINT('Ctrl Pts',(-0.275744272808797,0.830426601030752,
1.32968590601853));
#10270=CARTESIAN_POINT('Ctrl Pts',(-0.276269500808148,0.83200836633224,
1.32968590601853));
#10271=CARTESIAN_POINT('Ctrl Pts',(-0.276794726368353,0.833590130592297,
1.32968590601853));
#10272=CARTESIAN_POINT('Ctrl Pts',(-0.277319954367704,0.835171895893785,
1.32968590601853));
#10273=CARTESIAN_POINT('Ctrl Pts',(-0.271431434635775,0.831847580517511,
1.33072725718083));
#10274=CARTESIAN_POINT('Ctrl Pts',(-0.271948447513304,0.833432052530826,
1.33072725718083));
#10275=CARTESIAN_POINT('Ctrl Pts',(-0.272465458527594,0.835016523250009,
1.33072725718083));
#10276=CARTESIAN_POINT('Ctrl Pts',(-0.272982471405123,0.836600995263325,
1.33072725718083));
#10277=CARTESIAN_POINT('Ctrl Pts',(-0.267128219739023,0.833227168435512,
1.33093819025873));
#10278=CARTESIAN_POINT('Ctrl Pts',(-0.267637035395669,0.83481426780396,
1.33093819025873));
#10279=CARTESIAN_POINT('Ctrl Pts',(-0.268145851052315,0.836401367172409,
1.33093819025873));
#10280=CARTESIAN_POINT('Ctrl Pts',(-0.26865466670896,0.837988466540857,
1.33093819025873));
#10281=CARTESIAN_POINT('',(-0.279791286138212,0.829060815743408,1.32788094828947));
#10282=CARTESIAN_POINT('Ctrl Pts',(-0.267128219739023,0.833227168435512,
1.33093819025873));
#10283=CARTESIAN_POINT('Ctrl Pts',(-0.271431434635775,0.831847580517511,
1.33072725718083));
#10284=CARTESIAN_POINT('Ctrl Pts',(-0.275744272808797,0.830426601030752,
1.32968590601853));
#10285=CARTESIAN_POINT('Ctrl Pts',(-0.279791286138212,0.829060815743408,
1.32788094828947));
#10286=CARTESIAN_POINT('',(-0.281390093487573,0.833798306119085,1.32788094828947));
#10287=CARTESIAN_POINT('Ctrl Pts',(-0.281390093487573,0.833798306119085,
1.32788094828947));
#10288=CARTESIAN_POINT('Ctrl Pts',(-0.277319954367704,0.835171895893785,
1.32968590601853));
#10289=CARTESIAN_POINT('Ctrl Pts',(-0.272982471405123,0.836600995263325,
1.33072725718083));
#10290=CARTESIAN_POINT('Ctrl Pts',(-0.26865466670896,0.837988466540857,
1.33093819025873));
#10291=CARTESIAN_POINT('',(-0.279791286138212,0.829060815743408,1.32788094828947));
#10292=CARTESIAN_POINT('Origin',(-0.279791286138212,0.829060815743408,1.30701348992972));
#10293=CARTESIAN_POINT('',(-0.279791286138204,0.829060815743411,0.));
#10294=CARTESIAN_POINT('',(-0.281390093487573,0.833798306119085,1.28614603156997));
#10295=CARTESIAN_POINT('Origin',(0.,0.,0.));
#10296=CARTESIAN_POINT('',(-0.270781601632722,0.837303603370497,1.2881551080359));
#10297=CARTESIAN_POINT('',(-0.271172776887942,0.837176997459249,1.2877462907084));
#10298=CARTESIAN_POINT('Origin',(0.,0.,1.28795069937215));
#10299=CARTESIAN_POINT('',(-0.25838708436224,0.841211099923664,1.30482720596197));
#10300=CARTESIAN_POINT('Ctrl Pts',(-0.271172776887942,0.837176997459249,
1.2877462907084));
#10301=CARTESIAN_POINT('Ctrl Pts',(-0.26937047880681,0.837760785806186,
1.28827144823159));
#10302=CARTESIAN_POINT('Ctrl Pts',(-0.267667146251529,0.838306004362178,
1.28909297820543));
#10303=CARTESIAN_POINT('Ctrl Pts',(-0.2646045712457,0.83927762327304,1.29125598374863));
#10304=CARTESIAN_POINT('Ctrl Pts',(-0.263263349801284,0.839698640357568,
1.29256634281682));
#10305=CARTESIAN_POINT('Ctrl Pts',(-0.261005054528386,0.840403332183055,
1.29558082137387));
#10306=CARTESIAN_POINT('Ctrl Pts',(-0.260104278067544,0.840681992635545,
1.29727101812038));
#10307=CARTESIAN_POINT('Ctrl Pts',(-0.258818112167301,0.841078853408859,
1.3009206369957));
#10308=CARTESIAN_POINT('Ctrl Pts',(-0.258454514165702,0.841190388130492,
1.30285972291833));
#10309=CARTESIAN_POINT('Ctrl Pts',(-0.25838708436224,0.841211099923664,
1.30482720596197));
#10310=CARTESIAN_POINT('',(-0.260385681672258,0.840594609059607,1.31190152319147));
#10311=CARTESIAN_POINT('Ctrl Pts',(-0.25838708436224,0.841211099923664,
1.30482720596197));
#10312=CARTESIAN_POINT('Ctrl Pts',(-0.258000254755169,0.841329918819807,
1.30733818005737));
#10313=CARTESIAN_POINT('Ctrl Pts',(-0.258749686232075,0.841101381031868,
1.30998827122402));
#10314=CARTESIAN_POINT('Ctrl Pts',(-0.260385681672258,0.840594609059607,
1.31190152319147));
#10315=CARTESIAN_POINT('',(-0.266985935208962,0.838521621904049,1.31481656710394));
#10316=CARTESIAN_POINT('Ctrl Pts',(-0.260385681672258,0.840594609059607,
1.31190152319147));
#10317=CARTESIAN_POINT('Ctrl Pts',(-0.262019231663959,0.840088594598474,
1.31381134192662));
#10318=CARTESIAN_POINT('Ctrl Pts',(-0.264456543638731,0.839326982143126,
1.31488729550912));
#10319=CARTESIAN_POINT('Ctrl Pts',(-0.266985935208962,0.838521621904049,
1.31481656710394));
#10320=CARTESIAN_POINT('',(-0.270781601359076,0.837303603458993,1.31481436386644));
#10321=CARTESIAN_POINT('Ctrl Pts',(-0.266985935208962,0.838521621904049,
1.31481656710394));
#10322=CARTESIAN_POINT('Ctrl Pts',(-0.268240992627695,0.838122010647847,
1.31503084684619));
#10323=CARTESIAN_POINT('Ctrl Pts',(-0.26952859573994,0.837708821908621,
1.31503009944474));
#10324=CARTESIAN_POINT('Ctrl Pts',(-0.270781601359076,0.837303603458993,
1.31481436386644));
#10325=CARTESIAN_POINT('',(-0.270781601495873,0.837303603414754,1.30148473595117));
#10326=CARTESIAN_POINT('Ctrl Pts',(-0.269632022473806,0.832420309973685,
1.2877462907084));
#10327=CARTESIAN_POINT('Ctrl Pts',(-0.270145607278518,0.834005872468873,
1.2877462907084));
#10328=CARTESIAN_POINT('Ctrl Pts',(-0.27065919208323,0.835591434964061,
1.2877462907084));
#10329=CARTESIAN_POINT('Ctrl Pts',(-0.271172776887942,0.837176997459249,
1.2877462907084));
#10330=CARTESIAN_POINT('Ctrl Pts',(-0.26783996472268,0.833000781341378,
1.28827144823159));
#10331=CARTESIAN_POINT('Ctrl Pts',(-0.268350136094552,0.834587449534307,
1.28827144823159));
#10332=CARTESIAN_POINT('Ctrl Pts',(-0.268860307434938,0.836174117613256,
1.28827144823159));
#10333=CARTESIAN_POINT('Ctrl Pts',(-0.26937047880681,0.837760785806186,
1.28827144823159));
#10334=CARTESIAN_POINT('Ctrl Pts',(-0.266146310193281,0.833542902064666,
1.28909297820543));
#10335=CARTESIAN_POINT('Ctrl Pts',(-0.266653255549949,0.835130602842593,
1.28909297820543));
#10336=CARTESIAN_POINT('Ctrl Pts',(-0.267160200894861,0.836718303584251,
1.28909297820543));
#10337=CARTESIAN_POINT('Ctrl Pts',(-0.267667146251529,0.838306004362178,
1.28909297820543));
#10338=CARTESIAN_POINT('Ctrl Pts',(-0.263101136181804,0.834509000413534,
1.29125598374863));
#10339=CARTESIAN_POINT('Ctrl Pts',(-0.26360228119953,0.836098541356865,
1.29125598374863));
#10340=CARTESIAN_POINT('Ctrl Pts',(-0.264103426227973,0.837688082329709,
1.29125598374863));
#10341=CARTESIAN_POINT('Ctrl Pts',(-0.2646045712457,0.83927762327304,1.29125598374863));
#10342=CARTESIAN_POINT('Ctrl Pts',(-0.261767535313776,0.834927625355537,
1.29256634281682));
#10343=CARTESIAN_POINT('Ctrl Pts',(-0.262266140147085,0.836517963704014,
1.29256634281682));
#10344=CARTESIAN_POINT('Ctrl Pts',(-0.262764744967975,0.83810830200909,
1.29256634281682));
#10345=CARTESIAN_POINT('Ctrl Pts',(-0.263263349801284,0.839698640357568,
1.29256634281682));
#10346=CARTESIAN_POINT('Ctrl Pts',(-0.25952207126402,0.835628313250197,
1.29558082137387));
#10347=CARTESIAN_POINT('Ctrl Pts',(-0.26001639901098,0.837219986202498,
1.29558082137387));
#10348=CARTESIAN_POINT('Ctrl Pts',(-0.260510726781426,0.838811659230753,
1.29558082137387));
#10349=CARTESIAN_POINT('Ctrl Pts',(-0.261005054528386,0.840403332183055,
1.29558082137387));
#10350=CARTESIAN_POINT('Ctrl Pts',(-0.258626412851251,0.835905390404662,
1.29727101812038));
#10351=CARTESIAN_POINT('Ctrl Pts',(-0.259119034585776,0.83749759113612,
1.29727101812038));
#10352=CARTESIAN_POINT('Ctrl Pts',(-0.259611656333019,0.839089791904087,
1.29727101812038));
#10353=CARTESIAN_POINT('Ctrl Pts',(-0.260104278067544,0.840681992635545,
1.29727101812038));
#10354=CARTESIAN_POINT('Ctrl Pts',(-0.257347554711805,0.836299996287218,
1.3009206369957));
#10355=CARTESIAN_POINT('Ctrl Pts',(-0.257837740528017,0.837892948652795,
1.3009206369957));
#10356=CARTESIAN_POINT('Ctrl Pts',(-0.258327926351089,0.839485901043281,
1.3009206369957));
#10357=CARTESIAN_POINT('Ctrl Pts',(-0.258818112167301,0.841078853408859,
1.3009206369957));
#10358=CARTESIAN_POINT('Ctrl Pts',(-0.256986022607942,0.836410897288842,
1.30285972291833));
#10359=CARTESIAN_POINT('Ctrl Pts',(-0.257475519766259,0.838004060814483,
1.30285972291833));
#10360=CARTESIAN_POINT('Ctrl Pts',(-0.257965017007385,0.83959722460485,
1.30285972291833));
#10361=CARTESIAN_POINT('Ctrl Pts',(-0.258454514165702,0.841190388130492,
1.30285972291833));
#10362=CARTESIAN_POINT('Ctrl Pts',(-0.256918975928363,0.836431491401371,
1.30482720596197));
#10363=CARTESIAN_POINT('Ctrl Pts',(-0.257408345406322,0.838024694242135,
1.30482720596197));
#10364=CARTESIAN_POINT('Ctrl Pts',(-0.257897714884281,0.8396178970829,1.30482720596197));
#10365=CARTESIAN_POINT('Ctrl Pts',(-0.25838708436224,0.841211099923664,
1.30482720596197));
#10366=CARTESIAN_POINT('',(-0.256918975928363,0.836431491401371,1.30482720596197));
#10367=CARTESIAN_POINT('',(-0.269632022473806,0.832420309973685,1.2877462907084));
#10368=CARTESIAN_POINT('Ctrl Pts',(-0.256918975928363,0.836431491401371,
1.30482720596197));
#10369=CARTESIAN_POINT('Ctrl Pts',(-0.256986022607942,0.836410897288842,
1.30285972291833));
#10370=CARTESIAN_POINT('Ctrl Pts',(-0.257347554711805,0.836299996287218,
1.3009206369957));
#10371=CARTESIAN_POINT('Ctrl Pts',(-0.258626412851251,0.835905390404662,
1.29727101812038));
#10372=CARTESIAN_POINT('Ctrl Pts',(-0.25952207126402,0.835628313250197,
1.29558082137387));
#10373=CARTESIAN_POINT('Ctrl Pts',(-0.261767535313776,0.834927625355537,
1.29256634281682));
#10374=CARTESIAN_POINT('Ctrl Pts',(-0.263101136181804,0.834509000413534,
1.29125598374863));
#10375=CARTESIAN_POINT('Ctrl Pts',(-0.266146310193281,0.833542902064666,
1.28909297820543));
#10376=CARTESIAN_POINT('Ctrl Pts',(-0.26783996472268,0.833000781341378,
1.28827144823159));
#10377=CARTESIAN_POINT('Ctrl Pts',(-0.269632022473806,0.832420309973685,
1.2877462907084));
#10378=CARTESIAN_POINT('',(-0.256918975928363,0.836431491401371,1.30482720596197));
#10379=CARTESIAN_POINT('',(-0.269632022473806,0.832420309973685,1.2877462907084));
#10380=CARTESIAN_POINT('Ctrl Pts',(-0.256918975928363,0.836431491401371,
1.30482720596197));
#10381=CARTESIAN_POINT('Ctrl Pts',(-0.257408345406322,0.838024694242135,
1.30482720596197));
#10382=CARTESIAN_POINT('Ctrl Pts',(-0.257897714884281,0.8396178970829,1.30482720596197));
#10383=CARTESIAN_POINT('Ctrl Pts',(-0.25838708436224,0.841211099923664,
1.30482720596197));
#10384=CARTESIAN_POINT('Ctrl Pts',(-0.256534344216787,0.836549635190149,
1.30733818005737));
#10385=CARTESIAN_POINT('Ctrl Pts',(-0.257022954747465,0.838143070356432,
1.30733818005737));
#10386=CARTESIAN_POINT('Ctrl Pts',(-0.257511644224492,0.839736483653525,
1.30733818005737));
#10387=CARTESIAN_POINT('Ctrl Pts',(-0.258000254755169,0.841329918819807,
1.30733818005737));
#10388=CARTESIAN_POINT('Ctrl Pts',(-0.257279517560302,0.836322395912368,
1.30998827122402));
#10389=CARTESIAN_POINT('Ctrl Pts',(-0.257769548490912,0.83791539808559,
1.30998827122402));
#10390=CARTESIAN_POINT('Ctrl Pts',(-0.258259655301464,0.839508378858646,
1.30998827122402));
#10391=CARTESIAN_POINT('Ctrl Pts',(-0.258749686232075,0.841101381031868,
1.30998827122402));
#10392=CARTESIAN_POINT('Ctrl Pts',(-0.258906217571847,0.835818503326314,
1.31190152319147));
#10393=CARTESIAN_POINT('Ctrl Pts',(-0.259399372271984,0.837410538570745,
1.31190152319147));
#10394=CARTESIAN_POINT('Ctrl Pts',(-0.259892526972121,0.839002573815176,
1.31190152319147));
#10395=CARTESIAN_POINT('Ctrl Pts',(-0.260385681672258,0.840594609059607,
1.31190152319147));
#10396=CARTESIAN_POINT('',(-0.258906217571847,0.835818503326314,1.31190152319147));
#10397=CARTESIAN_POINT('Ctrl Pts',(-0.258906217571847,0.835818503326314,
1.31190152319147));
#10398=CARTESIAN_POINT('Ctrl Pts',(-0.257279517560302,0.836322395912368,
1.30998827122402));
#10399=CARTESIAN_POINT('Ctrl Pts',(-0.256534344216787,0.836549635190149,
1.30733818005737));
#10400=CARTESIAN_POINT('Ctrl Pts',(-0.256918975928363,0.836431491401371,
1.30482720596197));
#10401=CARTESIAN_POINT('',(-0.258906217571847,0.835818503326314,1.31190152319147));
#10402=CARTESIAN_POINT('Ctrl Pts',(-0.258906217571847,0.835818503326314,
1.31190152319147));
#10403=CARTESIAN_POINT('Ctrl Pts',(-0.259399372271984,0.837410538570745,
1.31190152319147));
#10404=CARTESIAN_POINT('Ctrl Pts',(-0.259892526972121,0.839002573815176,
1.31190152319147));
#10405=CARTESIAN_POINT('Ctrl Pts',(-0.260385681672258,0.840594609059607,
1.31190152319147));
#10406=CARTESIAN_POINT('Ctrl Pts',(-0.260530486029505,0.835315363947346,
1.31381134192662));
#10407=CARTESIAN_POINT('Ctrl Pts',(-0.261026723643551,0.836906444823488,
1.31381134192662));
#10408=CARTESIAN_POINT('Ctrl Pts',(-0.261522994049912,0.838497513722332,
1.31381134192662));
#10409=CARTESIAN_POINT('Ctrl Pts',(-0.262019231663959,0.840088594598474,
1.31381134192662));
#10410=CARTESIAN_POINT('Ctrl Pts',(-0.262953949640784,0.834558078835494,
1.31488729550912));
#10411=CARTESIAN_POINT('Ctrl Pts',(-0.263454805864473,0.836147716685433,
1.31488729550912));
#10412=CARTESIAN_POINT('Ctrl Pts',(-0.263955687415042,0.837737344293187,
1.31488729550912));
#10413=CARTESIAN_POINT('Ctrl Pts',(-0.264456543638731,0.839326982143126,
1.31488729550912));
#10414=CARTESIAN_POINT('Ctrl Pts',(-0.265468969668002,0.833757294506867,
1.31481656710394));
#10415=CARTESIAN_POINT('Ctrl Pts',(-0.265974624848322,0.835345403639261,
1.31481656710394));
#10416=CARTESIAN_POINT('Ctrl Pts',(-0.266480280028642,0.836933512771655,
1.31481656710394));
#10417=CARTESIAN_POINT('Ctrl Pts',(-0.266985935208962,0.838521621904049,
1.31481656710394));
#10418=CARTESIAN_POINT('',(-0.265468969668002,0.833757294506867,1.31481656710394));
#10419=CARTESIAN_POINT('Ctrl Pts',(-0.265468969668002,0.833757294506867,
1.31481656710394));
#10420=CARTESIAN_POINT('Ctrl Pts',(-0.262953949640784,0.834558078835494,
1.31488729550912));
#10421=CARTESIAN_POINT('Ctrl Pts',(-0.260530486029505,0.835315363947346,
1.31381134192662));
#10422=CARTESIAN_POINT('Ctrl Pts',(-0.258906217571847,0.835818503326314,
1.31190152319147));
#10423=CARTESIAN_POINT('',(-0.265468969668002,0.833757294506867,1.31481656710394));
#10424=CARTESIAN_POINT('Ctrl Pts',(-0.265468969668002,0.833757294506867,
1.31481656710394));
#10425=CARTESIAN_POINT('Ctrl Pts',(-0.265974624848322,0.835345403639261,
1.31481656710394));
#10426=CARTESIAN_POINT('Ctrl Pts',(-0.266480280028642,0.836933512771655,
1.31481656710394));
#10427=CARTESIAN_POINT('Ctrl Pts',(-0.266985935208962,0.838521621904049,
1.31481656710394));
#10428=CARTESIAN_POINT('Ctrl Pts',(-0.266716896078674,0.833359953769166,
1.31503084684619));
#10429=CARTESIAN_POINT('Ctrl Pts',(-0.267224928256246,0.834947306109227,
1.31503084684619));
#10430=CARTESIAN_POINT('Ctrl Pts',(-0.267732960450123,0.836534658307786,
1.31503084684619));
#10431=CARTESIAN_POINT('Ctrl Pts',(-0.268240992627695,0.838122010647847,
1.31503084684619));
#10432=CARTESIAN_POINT('Ctrl Pts',(-0.267997183264145,0.832949112693231,
1.31503009944474));
#10433=CARTESIAN_POINT('Ctrl Pts',(-0.268507654122098,0.834535682466623,
1.31503009944474));
#10434=CARTESIAN_POINT('Ctrl Pts',(-0.269018124881987,0.836122252135229,
1.31503009944474));
#10435=CARTESIAN_POINT('Ctrl Pts',(-0.26952859573994,0.837708821908621,
1.31503009944474));
#10436=CARTESIAN_POINT('Ctrl Pts',(-0.269243069533172,0.832546196621158,
1.31481436386644));
#10437=CARTESIAN_POINT('Ctrl Pts',(-0.26975591347514,0.834131998900436,
1.31481436386644));
#10438=CARTESIAN_POINT('Ctrl Pts',(-0.270268757417108,0.835717801179715,
1.31481436386644));
#10439=CARTESIAN_POINT('Ctrl Pts',(-0.270781601359076,0.837303603458993,
1.31481436386644));
#10440=CARTESIAN_POINT('',(-0.269243069533172,0.832546196621158,1.31481436386644));
#10441=CARTESIAN_POINT('Ctrl Pts',(-0.269243069533172,0.832546196621158,
1.31481436386644));
#10442=CARTESIAN_POINT('Ctrl Pts',(-0.267997183264145,0.832949112693231,
1.31503009944474));
#10443=CARTESIAN_POINT('Ctrl Pts',(-0.266716896078674,0.833359953769166,
1.31503084684619));
#10444=CARTESIAN_POINT('Ctrl Pts',(-0.265468969668002,0.833757294506867,
1.31481656710394));
#10445=CARTESIAN_POINT('',(-0.269243069533172,0.832546196621158,1.31481436386644));
#10446=CARTESIAN_POINT('Origin',(-0.270012335573463,0.834924899998895,1.30237337781219));
#10447=CARTESIAN_POINT('',(-0.269243069805263,0.832546196533164,1.2881551080359));
#10448=CARTESIAN_POINT('',(-0.269243069669243,0.832546196577153,1.30148473595117));
#10449=CARTESIAN_POINT('',(-0.269243069805263,0.832546196533164,1.2881551080359));
#10450=CARTESIAN_POINT('Origin',(-0.270207371632249,0.834861788983856,1.28795069937215));
#10451=CARTESIAN_POINT('Origin',(0.,0.,1.28795069937215));
#10452=CARTESIAN_POINT('Origin',(0.,0.,-3.93136521581856E-234));
#10453=CARTESIAN_POINT('Origin',(0.,0.,-3.93136521581856E-234));
#10454=CARTESIAN_POINT('',(0.123134317931546,0.866292640940423,0.544959506147968));
#10455=CARTESIAN_POINT('',(0.180086907857757,0.856267309675099,0.487120741665468));
#10456=CARTESIAN_POINT('Ctrl Pts',(0.123134317931546,0.866292640940423,
0.544959506147968));
#10457=CARTESIAN_POINT('Ctrl Pts',(0.123134317931549,0.866292640940423,
0.51301843061796));
#10458=CARTESIAN_POINT('Ctrl Pts',(0.148829652071899,0.862841217704742,
0.487120741665474));
#10459=CARTESIAN_POINT('Ctrl Pts',(0.180086907857757,0.856267309675099,
0.487120741665468));
#10460=CARTESIAN_POINT('',(0.236184453534212,0.842521159324053,0.544959506147968));
#10461=CARTESIAN_POINT('Ctrl Pts',(0.180086907857757,0.856267309675099,
0.487120741665468));
#10462=CARTESIAN_POINT('Ctrl Pts',(0.211274587114445,0.849708034718395,
0.487120741665474));
#10463=CARTESIAN_POINT('Ctrl Pts',(0.236184453534216,0.842521159324052,
0.51301843061796));
#10464=CARTESIAN_POINT('Ctrl Pts',(0.236184453534212,0.842521159324053,
0.544959506147968));
#10465=CARTESIAN_POINT('',(0.236184453534212,0.842521159324053,0.938846113689968));
#10466=CARTESIAN_POINT('',(0.236184453534211,0.842521159324053,0.));
#10467=CARTESIAN_POINT('',(0.180086907857757,0.856267309675099,0.996684878172967));
#10468=CARTESIAN_POINT('Ctrl Pts',(0.236184453534212,0.842521159324053,
0.938846113689968));
#10469=CARTESIAN_POINT('Ctrl Pts',(0.236184453534215,0.842521159324052,
0.970787189220475));
#10470=CARTESIAN_POINT('Ctrl Pts',(0.211274587114444,0.849708034718395,
0.996684878172961));
#10471=CARTESIAN_POINT('Ctrl Pts',(0.180086907857757,0.856267309675099,
0.996684878172967));
#10472=CARTESIAN_POINT('',(0.123134317931546,0.866292640940423,0.938846113689967));
#10473=CARTESIAN_POINT('Ctrl Pts',(0.180086907857757,0.856267309675099,
0.996684878172967));
#10474=CARTESIAN_POINT('Ctrl Pts',(0.1488296520719,0.862841217704742,0.996684878172961));
#10475=CARTESIAN_POINT('Ctrl Pts',(0.123134317931549,0.866292640940423,
0.970787189220475));
#10476=CARTESIAN_POINT('Ctrl Pts',(0.123134317931546,0.866292640940423,
0.938846113689967));
#10477=CARTESIAN_POINT('',(0.123134317931546,0.866292640940423,0.));
#10478=CARTESIAN_POINT('Origin',(0.,0.,0.));
#10479=CARTESIAN_POINT('',(0.181115975902658,0.861160265730385,0.487120741665468));
#10480=CARTESIAN_POINT('',(0.123837942605441,0.87124288460294,0.544959506147968));
#10481=CARTESIAN_POINT('Ctrl Pts',(0.181115975902658,0.861160265730385,
0.487120741665468));
#10482=CARTESIAN_POINT('Ctrl Pts',(0.149680107226596,0.867771738948769,
0.487120741665474));
#10483=CARTESIAN_POINT('Ctrl Pts',(0.123837942605444,0.87124288460294,0.51301843061796));
#10484=CARTESIAN_POINT('Ctrl Pts',(0.123837942605441,0.87124288460294,0.544959506147968));
#10485=CARTESIAN_POINT('',(0.123837942605441,0.87124288460294,0.938846113689967));
#10486=CARTESIAN_POINT('',(0.123837942605441,0.87124288460294,0.544959506147968));
#10487=CARTESIAN_POINT('',(0.181115975902658,0.861160265730385,0.996684878172967));
#10488=CARTESIAN_POINT('Ctrl Pts',(0.123837942605441,0.87124288460294,0.938846113689967));
#10489=CARTESIAN_POINT('Ctrl Pts',(0.123837942605444,0.87124288460294,0.970787189220475));
#10490=CARTESIAN_POINT('Ctrl Pts',(0.149680107226596,0.867771738948769,
0.996684878172961));
#10491=CARTESIAN_POINT('Ctrl Pts',(0.181115975902658,0.861160265730385,
0.996684878172967));
#10492=CARTESIAN_POINT('',(0.237534078982979,0.847335565948762,0.938846113689968));
#10493=CARTESIAN_POINT('Ctrl Pts',(0.181115975902658,0.861160265730385,
0.996684878172967));
#10494=CARTESIAN_POINT('Ctrl Pts',(0.212481870469384,0.8545635092025,0.996684878172961));
#10495=CARTESIAN_POINT('Ctrl Pts',(0.237534078982982,0.847335565948761,
0.970787189220475));
#10496=CARTESIAN_POINT('Ctrl Pts',(0.237534078982979,0.847335565948762,
0.938846113689968));
#10497=CARTESIAN_POINT('',(0.237534078982979,0.847335565948762,0.544959506147968));
#10498=CARTESIAN_POINT('',(0.237534078982979,0.847335565948762,0.938846113689968));
#10499=CARTESIAN_POINT('Ctrl Pts',(0.237534078982979,0.847335565948762,
0.544959506147968));
#10500=CARTESIAN_POINT('Ctrl Pts',(0.237534078982983,0.847335565948761,
0.51301843061796));
#10501=CARTESIAN_POINT('Ctrl Pts',(0.212481870469384,0.8545635092025,0.487120741665474));
#10502=CARTESIAN_POINT('Ctrl Pts',(0.181115975902658,0.861160265730385,
0.487120741665468));
#10503=CARTESIAN_POINT('Ctrl Pts',(0.180086907857757,0.856267309675099,
0.487120741665468));
#10504=CARTESIAN_POINT('Ctrl Pts',(0.180429930539391,0.857898295026861,
0.487120741665468));
#10505=CARTESIAN_POINT('Ctrl Pts',(0.180772953221024,0.859529280378623,
0.487120741665468));
#10506=CARTESIAN_POINT('Ctrl Pts',(0.181115975902658,0.861160265730385,
0.487120741665468));
#10507=CARTESIAN_POINT('Ctrl Pts',(0.148829652071899,0.862841217704742,
0.487120741665474));
#10508=CARTESIAN_POINT('Ctrl Pts',(0.149113131464776,0.864484784510621,
0.487120741665474));
#10509=CARTESIAN_POINT('Ctrl Pts',(0.14939662783372,0.866128172142891,0.487120741665474));
#10510=CARTESIAN_POINT('Ctrl Pts',(0.149680107226596,0.867771738948769,
0.487120741665474));
#10511=CARTESIAN_POINT('Ctrl Pts',(0.123134317931549,0.866292640940423,
0.51301843061796));
#10512=CARTESIAN_POINT('Ctrl Pts',(0.123368838803824,0.867942665666752,
0.51301843061796));
#10513=CARTESIAN_POINT('Ctrl Pts',(0.123603421733169,0.86959285987661,0.51301843061796));
#10514=CARTESIAN_POINT('Ctrl Pts',(0.123837942605444,0.87124288460294,0.51301843061796));
#10515=CARTESIAN_POINT('Ctrl Pts',(0.123134317931546,0.866292640940423,
0.544959506147968));
#10516=CARTESIAN_POINT('Ctrl Pts',(0.123368859489511,0.867942722161262,
0.544959506147968));
#10517=CARTESIAN_POINT('Ctrl Pts',(0.123603401047476,0.869592803382101,
0.544959506147968));
#10518=CARTESIAN_POINT('Ctrl Pts',(0.123837942605441,0.87124288460294,0.544959506147968));
#10519=CARTESIAN_POINT('',(0.123134317931546,0.866292640940423,0.544959506147968));
#10520=CARTESIAN_POINT('',(0.180086907857757,0.856267309675099,0.487120741665468));
#10521=CARTESIAN_POINT('Origin',(0.123134317931546,0.866292640940423,0.741902809918968));
#10522=CARTESIAN_POINT('',(0.123134317931546,0.866292640940423,0.938846113689967));
#10523=CARTESIAN_POINT('Ctrl Pts',(0.123134317931546,0.866292640940423,
0.938846113689967));
#10524=CARTESIAN_POINT('Ctrl Pts',(0.123368859489511,0.867942722161262,
0.938846113689967));
#10525=CARTESIAN_POINT('Ctrl Pts',(0.123603401047476,0.869592803382101,
0.938846113689967));
#10526=CARTESIAN_POINT('Ctrl Pts',(0.123837942605441,0.87124288460294,0.938846113689967));
#10527=CARTESIAN_POINT('Ctrl Pts',(0.123134317931549,0.866292640940423,
0.970787189220475));
#10528=CARTESIAN_POINT('Ctrl Pts',(0.123368838803824,0.867942665666752,
0.970787189220475));
#10529=CARTESIAN_POINT('Ctrl Pts',(0.123603421733169,0.86959285987661,0.970787189220475));
#10530=CARTESIAN_POINT('Ctrl Pts',(0.123837942605444,0.87124288460294,0.970787189220475));
#10531=CARTESIAN_POINT('Ctrl Pts',(0.1488296520719,0.862841217704742,0.996684878172961));
#10532=CARTESIAN_POINT('Ctrl Pts',(0.149113131464776,0.864484784510621,
0.996684878172961));
#10533=CARTESIAN_POINT('Ctrl Pts',(0.14939662783372,0.866128172142891,0.996684878172961));
#10534=CARTESIAN_POINT('Ctrl Pts',(0.149680107226596,0.867771738948769,
0.996684878172961));
#10535=CARTESIAN_POINT('Ctrl Pts',(0.180086907857757,0.856267309675099,
0.996684878172967));
#10536=CARTESIAN_POINT('Ctrl Pts',(0.180429930539391,0.857898295026861,
0.996684878172967));
#10537=CARTESIAN_POINT('Ctrl Pts',(0.180772953221024,0.859529280378623,
0.996684878172967));
#10538=CARTESIAN_POINT('Ctrl Pts',(0.181115975902658,0.861160265730385,
0.996684878172967));
#10539=CARTESIAN_POINT('',(0.180086907857757,0.856267309675099,0.996684878172967));
#10540=CARTESIAN_POINT('Ctrl Pts',(0.180086907857757,0.856267309675099,
0.996684878172967));
#10541=CARTESIAN_POINT('Ctrl Pts',(0.180429930539391,0.857898295026861,
0.996684878172967));
#10542=CARTESIAN_POINT('Ctrl Pts',(0.180772953221024,0.859529280378623,
0.996684878172967));
#10543=CARTESIAN_POINT('Ctrl Pts',(0.181115975902658,0.861160265730385,
0.996684878172967));
#10544=CARTESIAN_POINT('Ctrl Pts',(0.211274587114444,0.849708034718395,
0.996684878172961));
#10545=CARTESIAN_POINT('Ctrl Pts',(0.211677044352268,0.851326579870145,
0.996684878172961));
#10546=CARTESIAN_POINT('Ctrl Pts',(0.212079413231561,0.85294496405075,0.996684878172961));
#10547=CARTESIAN_POINT('Ctrl Pts',(0.212481870469384,0.8545635092025,0.996684878172961));
#10548=CARTESIAN_POINT('Ctrl Pts',(0.236184453534215,0.842521159324052,
0.970787189220475));
#10549=CARTESIAN_POINT('Ctrl Pts',(0.236634325099437,0.844125902596228,
0.970787189220475));
#10550=CARTESIAN_POINT('Ctrl Pts',(0.23708420741776,0.845730822676584,0.970787189220475));
#10551=CARTESIAN_POINT('Ctrl Pts',(0.237534078982982,0.847335565948761,
0.970787189220475));
#10552=CARTESIAN_POINT('Ctrl Pts',(0.236184453534212,0.842521159324053,
0.938846113689968));
#10553=CARTESIAN_POINT('Ctrl Pts',(0.236634328683801,0.844125961532289,
0.938846113689968));
#10554=CARTESIAN_POINT('Ctrl Pts',(0.23708420383339,0.845730763740525,0.938846113689968));
#10555=CARTESIAN_POINT('Ctrl Pts',(0.237534078982979,0.847335565948762,
0.938846113689968));
#10556=CARTESIAN_POINT('',(0.236184453534212,0.842521159324053,0.938846113689968));
#10557=CARTESIAN_POINT('Origin',(0.236184453534212,0.842521159324053,0.741902809918968));
#10558=CARTESIAN_POINT('',(0.236184453534212,0.842521159324053,0.544959506147968));
#10559=CARTESIAN_POINT('Ctrl Pts',(0.236184453534212,0.842521159324053,
0.544959506147968));
#10560=CARTESIAN_POINT('Ctrl Pts',(0.236634328683801,0.844125961532289,
0.544959506147968));
#10561=CARTESIAN_POINT('Ctrl Pts',(0.23708420383339,0.845730763740525,0.544959506147968));
#10562=CARTESIAN_POINT('Ctrl Pts',(0.237534078982979,0.847335565948762,
0.544959506147968));
#10563=CARTESIAN_POINT('Ctrl Pts',(0.236184453534216,0.842521159324052,
0.51301843061796));
#10564=CARTESIAN_POINT('Ctrl Pts',(0.236634325099437,0.844125902596228,
0.51301843061796));
#10565=CARTESIAN_POINT('Ctrl Pts',(0.237084207417761,0.845730822676584,
0.51301843061796));
#10566=CARTESIAN_POINT('Ctrl Pts',(0.237534078982983,0.847335565948761,
0.51301843061796));
#10567=CARTESIAN_POINT('Ctrl Pts',(0.211274587114445,0.849708034718395,
0.487120741665474));
#10568=CARTESIAN_POINT('Ctrl Pts',(0.211677044352268,0.851326579870145,
0.487120741665474));
#10569=CARTESIAN_POINT('Ctrl Pts',(0.212079413231561,0.852944964050749,
0.487120741665474));
#10570=CARTESIAN_POINT('Ctrl Pts',(0.212481870469384,0.8545635092025,0.487120741665474));
#10571=CARTESIAN_POINT('Ctrl Pts',(0.180086907857757,0.856267309675099,
0.487120741665468));
#10572=CARTESIAN_POINT('Ctrl Pts',(0.180429930539391,0.857898295026861,
0.487120741665468));
#10573=CARTESIAN_POINT('Ctrl Pts',(0.180772953221024,0.859529280378623,
0.487120741665468));
#10574=CARTESIAN_POINT('Ctrl Pts',(0.181115975902658,0.861160265730385,
0.487120741665468));
#10575=CARTESIAN_POINT('Ctrl Pts',(0.0946173921197929,0.869869271274971,
0.351660008990468));
#10576=CARTESIAN_POINT('Ctrl Pts',(0.0947976157238307,0.871526165125019,
0.351660008990468));
#10577=CARTESIAN_POINT('Ctrl Pts',(0.0949778393278684,0.873183058975066,
0.351660008990468));
#10578=CARTESIAN_POINT('Ctrl Pts',(0.0951580629319061,0.874839952825114,
0.351660008990468));
#10579=CARTESIAN_POINT('Ctrl Pts',(0.0946183811514983,0.869869163696047,
0.336483421845369));
#10580=CARTESIAN_POINT('Ctrl Pts',(0.0947987231032358,0.87152602738304,
0.336483421845369));
#10581=CARTESIAN_POINT('Ctrl Pts',(0.0949787156634836,0.873182980944459,
0.336483421845369));
#10582=CARTESIAN_POINT('Ctrl Pts',(0.0951590576152211,0.874839844631453,
0.336483421845369));
#10583=CARTESIAN_POINT('Ctrl Pts',(0.0884415381283049,0.870584035509925,
0.321409346629493));
#10584=CARTESIAN_POINT('Ctrl Pts',(0.0886101094387881,0.872242266713312,
0.321409346629493));
#10585=CARTESIAN_POINT('Ctrl Pts',(0.0887783470356978,0.873900570223737,
0.321409346629493));
#10586=CARTESIAN_POINT('Ctrl Pts',(0.088946918346181,0.875558801427124,
0.321409346629493));
#10587=CARTESIAN_POINT('Ctrl Pts',(0.0778316008832854,0.871531549574624,
0.310760501591967));
#10588=CARTESIAN_POINT('Ctrl Pts',(0.0779798515516346,0.873191609669052,
0.310760501591967));
#10589=CARTESIAN_POINT('Ctrl Pts',(0.0781281022199837,0.87485166976348,
0.310760501591967));
#10590=CARTESIAN_POINT('Ctrl Pts',(0.0782763528883328,0.876511729857907,
0.310760501591967));
#10591=CARTESIAN_POINT('',(0.0778316008832852,0.871531549574624,0.310760501591968));
#10592=CARTESIAN_POINT('',(0.0946173921197929,0.869869271274971,0.351660008990468));
#10593=CARTESIAN_POINT('Ctrl Pts',(0.0778316008832854,0.871531549574624,
0.310760501591967));
#10594=CARTESIAN_POINT('Ctrl Pts',(0.0884415381283049,0.870584035509925,
0.321409346629493));
#10595=CARTESIAN_POINT('Ctrl Pts',(0.0946183811514983,0.869869163696047,
0.336483421845369));
#10596=CARTESIAN_POINT('Ctrl Pts',(0.0946173921197929,0.869869271274971,
0.351660008990468));
#10597=CARTESIAN_POINT('',(0.0782763528883326,0.876511729857907,0.310760501591968));
#10598=CARTESIAN_POINT('',(0.0778316008832852,0.871531549574624,0.310760501591968));
#10599=CARTESIAN_POINT('',(0.0951580629319061,0.874839952825114,0.351660008990468));
#10600=CARTESIAN_POINT('Ctrl Pts',(0.0951580629319061,0.874839952825114,
0.351660008990468));
#10601=CARTESIAN_POINT('Ctrl Pts',(0.0951590576152211,0.874839844631453,
0.336483421845369));
#10602=CARTESIAN_POINT('Ctrl Pts',(0.088946918346181,0.875558801427124,
0.321409346629493));
#10603=CARTESIAN_POINT('Ctrl Pts',(0.0782763528883328,0.876511729857907,
0.310760501591967));
#10604=CARTESIAN_POINT('',(0.0946173921197929,0.869869271274971,0.351660008990468));
#10605=CARTESIAN_POINT('Origin',(0.0946173921197928,0.869869271274971,0.548603312761218));
#10606=CARTESIAN_POINT('',(0.0946173921197928,0.869869271274971,0.745546616531968));
#10607=CARTESIAN_POINT('',(0.0946173921197928,0.869869271274971,0.));
#10608=CARTESIAN_POINT('',(0.0951580629319059,0.874839952825114,0.745546616531968));
#10609=CARTESIAN_POINT('',(0.0951580629319059,0.874839952825114,0.745546616531968));
#10610=CARTESIAN_POINT('',(0.0946173921197928,0.869869271274971,0.745546616531968));
#10611=CARTESIAN_POINT('Ctrl Pts',(0.0369530048096059,0.874219352013865,
0.803385381014968));
#10612=CARTESIAN_POINT('Ctrl Pts',(0.0370233914854337,0.875884531731986,
0.803385381014968));
#10613=CARTESIAN_POINT('Ctrl Pts',(0.0370937781612615,0.877549711450108,
0.803385381014968));
#10614=CARTESIAN_POINT('Ctrl Pts',(0.0371641648370894,0.87921489116823,
0.803385381014968));
#10615=CARTESIAN_POINT('Ctrl Pts',(0.0688655834982283,0.872870416336508,
0.803385381014968));
#10616=CARTESIAN_POINT('Ctrl Pts',(0.0689967762710865,0.874533083130523,
0.803385381014968));
#10617=CARTESIAN_POINT('Ctrl Pts',(0.06912790834536,0.876195580492987,0.803385381014968));
#10618=CARTESIAN_POINT('Ctrl Pts',(0.0692591011182182,0.877858247287002,
0.803385381014968));
#10619=CARTESIAN_POINT('Ctrl Pts',(0.0946173921197755,0.869869271274973,
0.777487692062465));
#10620=CARTESIAN_POINT('Ctrl Pts',(0.0947976218170258,0.871526105271866,
0.777487692062465));
#10621=CARTESIAN_POINT('Ctrl Pts',(0.0949778332346382,0.873183118828223,
0.777487692062465));
#10622=CARTESIAN_POINT('Ctrl Pts',(0.0951580629318885,0.874839952825116,
0.777487692062465));
#10623=CARTESIAN_POINT('Ctrl Pts',(0.0946173921197928,0.869869271274971,
0.745546616531968));
#10624=CARTESIAN_POINT('Ctrl Pts',(0.0947976157238305,0.871526165125019,
0.745546616531968));
#10625=CARTESIAN_POINT('Ctrl Pts',(0.0949778393278682,0.873183058975067,
0.745546616531968));
#10626=CARTESIAN_POINT('Ctrl Pts',(0.0951580629319059,0.874839952825114,
0.745546616531968));
#10627=CARTESIAN_POINT('',(0.0369530048096059,0.874219352013865,0.803385381014968));
#10628=CARTESIAN_POINT('Ctrl Pts',(0.0946173921197928,0.869869271274971,
0.745546616531968));
#10629=CARTESIAN_POINT('Ctrl Pts',(0.0946173921197755,0.869869271274973,
0.777487692062465));
#10630=CARTESIAN_POINT('Ctrl Pts',(0.0688655834982283,0.872870416336508,
0.803385381014968));
#10631=CARTESIAN_POINT('Ctrl Pts',(0.0369530048096059,0.874219352013865,
0.803385381014968));
#10632=CARTESIAN_POINT('',(0.0371641648370894,0.87921489116823,0.803385381014968));
#10633=CARTESIAN_POINT('Ctrl Pts',(0.0371641648370894,0.87921489116823,
0.803385381014968));
#10634=CARTESIAN_POINT('Ctrl Pts',(0.0692591011182182,0.877858247287002,
0.803385381014968));
#10635=CARTESIAN_POINT('Ctrl Pts',(0.0951580629318885,0.874839952825116,
0.777487692062465));
#10636=CARTESIAN_POINT('Ctrl Pts',(0.0951580629319059,0.874839952825114,
0.745546616531968));
#10637=CARTESIAN_POINT('',(0.0369530048096059,0.874219352013865,0.803385381014968));
#10638=CARTESIAN_POINT('Ctrl Pts',(-0.0208017077131616,0.874752701599839,
0.745546616531968));
#10639=CARTESIAN_POINT('Ctrl Pts',(-0.0208413300135676,0.876418897221934,
0.745546616531968));
#10640=CARTESIAN_POINT('Ctrl Pts',(-0.0208809523139737,0.878085092844029,
0.745546616531968));
#10641=CARTESIAN_POINT('Ctrl Pts',(-0.0209205746143797,0.879751288466123,
0.745546616531968));
#10642=CARTESIAN_POINT('Ctrl Pts',(-0.0208017077131764,0.874752701599838,
0.777487692062465));
#10643=CARTESIAN_POINT('Ctrl Pts',(-0.0208413410949598,0.876418839226158,
0.777487692062465));
#10644=CARTESIAN_POINT('Ctrl Pts',(-0.0208809412326112,0.878085150839803,
0.777487692062465));
#10645=CARTESIAN_POINT('Ctrl Pts',(-0.0209205746143946,0.879751288466123,
0.777487692062465));
#10646=CARTESIAN_POINT('Ctrl Pts',(0.00511146135430149,0.875565285051996,
0.803385381014968));
#10647=CARTESIAN_POINT('Ctrl Pts',(0.00512118218161896,0.877233087720794,
0.803385381014968));
#10648=CARTESIAN_POINT('Ctrl Pts',(0.00513094887758002,0.878900712583495,
0.803385381014968));
#10649=CARTESIAN_POINT('Ctrl Pts',(0.0051406697048975,0.880568515252293,
0.803385381014968));
#10650=CARTESIAN_POINT('Ctrl Pts',(0.0369530048096059,0.874219352013865,
0.803385381014968));
#10651=CARTESIAN_POINT('Ctrl Pts',(0.0370233914854337,0.875884531731986,
0.803385381014968));
#10652=CARTESIAN_POINT('Ctrl Pts',(0.0370937781612615,0.877549711450108,
0.803385381014968));
#10653=CARTESIAN_POINT('Ctrl Pts',(0.0371641648370894,0.87921489116823,
0.803385381014968));
#10654=CARTESIAN_POINT('',(-0.0208017077131616,0.874752701599839,0.745546616531968));
#10655=CARTESIAN_POINT('Ctrl Pts',(0.0369530048096059,0.874219352013865,
0.803385381014968));
#10656=CARTESIAN_POINT('Ctrl Pts',(0.00511146135430149,0.875565285051996,
0.803385381014968));
#10657=CARTESIAN_POINT('Ctrl Pts',(-0.0208017077131764,0.874752701599838,
0.777487692062465));
#10658=CARTESIAN_POINT('Ctrl Pts',(-0.0208017077131616,0.874752701599839,
0.745546616531968));
#10659=CARTESIAN_POINT('',(-0.0209205746143797,0.879751288466123,0.745546616531968));
#10660=CARTESIAN_POINT('Ctrl Pts',(-0.0209205746143797,0.879751288466123,
0.745546616531968));
#10661=CARTESIAN_POINT('Ctrl Pts',(-0.0209205746143946,0.879751288466123,
0.777487692062465));
#10662=CARTESIAN_POINT('Ctrl Pts',(0.0051406697048975,0.880568515252293,
0.803385381014968));
#10663=CARTESIAN_POINT('Ctrl Pts',(0.0371641648370894,0.87921489116823,
0.803385381014968));
#10664=CARTESIAN_POINT('',(-0.0208017077131616,0.874752701599839,0.745546616531968));
#10665=CARTESIAN_POINT('Origin',(-0.0208017077131616,0.874752701599839,
0.548603312761218));
#10666=CARTESIAN_POINT('',(-0.0208017077131617,0.874752701599839,0.351660008990468));
#10667=CARTESIAN_POINT('',(-0.0208017077131618,0.874752701599839,0.));
#10668=CARTESIAN_POINT('',(-0.0209205746143798,0.879751288466123,0.351660008990468));
#10669=CARTESIAN_POINT('',(-0.0209205746143798,0.879751288466123,0.351660008990468));
#10670=CARTESIAN_POINT('',(-0.0208017077131617,0.874752701599839,0.351660008990468));
#10671=CARTESIAN_POINT('Ctrl Pts',(-0.00379330000919566,0.874991777604247,
0.310689402925968));
#10672=CARTESIAN_POINT('Ctrl Pts',(-0.00380052534254651,0.876658428609208,
0.310689402925968));
#10673=CARTESIAN_POINT('Ctrl Pts',(-0.00380775067589736,0.878325079614168,
0.310689402925968));
#10674=CARTESIAN_POINT('Ctrl Pts',(-0.00381497600924821,0.879991730619129,
0.310689402925968));
#10675=CARTESIAN_POINT('Ctrl Pts',(-0.009195192495238,0.874968359099821,
0.31606490925795));
#10676=CARTESIAN_POINT('Ctrl Pts',(-0.00921270720312654,0.876634964421227,
0.31606490925795));
#10677=CARTESIAN_POINT('Ctrl Pts',(-0.00923022174446512,0.878301572973271,
0.31606490925795));
#10678=CARTESIAN_POINT('Ctrl Pts',(-0.00924773645235365,0.879968178294677,
0.31606490925795));
#10679=CARTESIAN_POINT('Ctrl Pts',(-0.0134714554096518,0.874901316759627,
0.322442542913146));
#10680=CARTESIAN_POINT('Ctrl Pts',(-0.0134971153319502,0.876567795261811,
0.322442542913146));
#10681=CARTESIAN_POINT('Ctrl Pts',(-0.0135227752325514,0.878234274353212,
0.322442542913146));
#10682=CARTESIAN_POINT('Ctrl Pts',(-0.0135484351548498,0.879900752855396,
0.322442542913146));
#10683=CARTESIAN_POINT('Ctrl Pts',(-0.0193069418481528,0.874791669757185,
0.336508342684701));
#10684=CARTESIAN_POINT('Ctrl Pts',(-0.0193437169740423,0.876457939281124,
0.336508342684701));
#10685=CARTESIAN_POINT('Ctrl Pts',(-0.0193804921042528,0.878124209774716,
0.336508342684701));
#10686=CARTESIAN_POINT('Ctrl Pts',(-0.0194172672301423,0.879790479298655,
0.336508342684701));
#10687=CARTESIAN_POINT('Ctrl Pts',(-0.0208017077131761,0.874752701599838,
0.344039283676803));
#10688=CARTESIAN_POINT('Ctrl Pts',(-0.0208413299910527,0.876418895248717,
0.344039283676803));
#10689=CARTESIAN_POINT('Ctrl Pts',(-0.0208809523365177,0.878085094817245,
0.344039283676803));
#10690=CARTESIAN_POINT('Ctrl Pts',(-0.0209205746143943,0.879751288466123,
0.344039283676803));
#10691=CARTESIAN_POINT('Ctrl Pts',(-0.0208017077131616,0.874752701599839,
0.351660008990468));
#10692=CARTESIAN_POINT('Ctrl Pts',(-0.0208413300135676,0.876418897221934,
0.351660008990468));
#10693=CARTESIAN_POINT('Ctrl Pts',(-0.0208809523139737,0.878085092844029,
0.351660008990468));
#10694=CARTESIAN_POINT('Ctrl Pts',(-0.0209205746143797,0.879751288466123,
0.351660008990468));
#10695=CARTESIAN_POINT('',(-0.00379330000919566,0.874991777604247,0.310689402925968));
#10696=CARTESIAN_POINT('Ctrl Pts',(-0.0208017077131616,0.874752701599839,
0.351660008990468));
#10697=CARTESIAN_POINT('Ctrl Pts',(-0.0208017077131761,0.874752701599838,
0.344039283676803));
#10698=CARTESIAN_POINT('Ctrl Pts',(-0.0193069418481528,0.874791669757185,
0.336508342684701));
#10699=CARTESIAN_POINT('Ctrl Pts',(-0.0134714554096518,0.874901316759627,
0.322442542913146));
#10700=CARTESIAN_POINT('Ctrl Pts',(-0.009195192495238,0.874968359099821,
0.31606490925795));
#10701=CARTESIAN_POINT('Ctrl Pts',(-0.00379330000919566,0.874991777604247,
0.310689402925968));
#10702=CARTESIAN_POINT('',(-0.00381497600924821,0.879991730619129,0.310689402925968));
#10703=CARTESIAN_POINT('Ctrl Pts',(-0.00381497600924821,0.879991730619129,
0.310689402925968));
#10704=CARTESIAN_POINT('Ctrl Pts',(-0.00924773645235365,0.879968178294677,
0.31606490925795));
#10705=CARTESIAN_POINT('Ctrl Pts',(-0.0135484351548498,0.879900752855396,
0.322442542913146));
#10706=CARTESIAN_POINT('Ctrl Pts',(-0.0194172672301423,0.879790479298655,
0.336508342684701));
#10707=CARTESIAN_POINT('Ctrl Pts',(-0.0209205746143943,0.879751288466123,
0.344039283676803));
#10708=CARTESIAN_POINT('Ctrl Pts',(-0.0209205746143797,0.879751288466123,
0.351660008990468));
#10709=CARTESIAN_POINT('',(-0.00379330000919566,0.874991777604247,0.310689402925968));
#10710=CARTESIAN_POINT('Ctrl Pts',(0.0371661094103412,0.874210318122189,
0.293750145841968));
#10711=CARTESIAN_POINT('Ctrl Pts',(0.0372369019996942,0.875875480632898,
0.293750145841968));
#10712=CARTESIAN_POINT('Ctrl Pts',(0.0373076945890472,0.877540643143607,
0.293750145841968));
#10713=CARTESIAN_POINT('Ctrl Pts',(0.0373784871784003,0.879205805654316,
0.293750145841968));
#10714=CARTESIAN_POINT('Ctrl Pts',(0.021942330100741,0.874857540690638,
0.293749847693893));
#10715=CARTESIAN_POINT('Ctrl Pts',(0.0219840814455917,0.876523963773633,
0.293749847693893));
#10716=CARTESIAN_POINT('Ctrl Pts',(0.0220259634993232,0.878190303554446,
0.293749847693893));
#10717=CARTESIAN_POINT('Ctrl Pts',(0.0220677148441738,0.879856726637441,
0.293749847693893));
#10718=CARTESIAN_POINT('Ctrl Pts',(0.00682127137293431,0.875037794326635,
0.30000053700887));
#10719=CARTESIAN_POINT('Ctrl Pts',(0.00683420514594861,0.876704555364814,
0.30000053700887));
#10720=CARTESIAN_POINT('Ctrl Pts',(0.00684731629347963,0.878371249256036,
0.30000053700887));
#10721=CARTESIAN_POINT('Ctrl Pts',(0.00686025006649393,0.880038010294216,
0.30000053700887));
#10722=CARTESIAN_POINT('Ctrl Pts',(-0.00379330000919566,0.874991777604247,
0.310689402925968));
#10723=CARTESIAN_POINT('Ctrl Pts',(-0.00380052534254651,0.876658428609208,
0.310689402925968));
#10724=CARTESIAN_POINT('Ctrl Pts',(-0.00380775067589736,0.878325079614168,
0.310689402925968));
#10725=CARTESIAN_POINT('Ctrl Pts',(-0.00381497600924821,0.879991730619129,
0.310689402925968));
#10726=CARTESIAN_POINT('',(0.0371661094103412,0.874210318122189,0.293750145841968));
#10727=CARTESIAN_POINT('Ctrl Pts',(-0.00379330000919566,0.874991777604247,
0.310689402925968));
#10728=CARTESIAN_POINT('Ctrl Pts',(0.00682127137293431,0.875037794326635,
0.30000053700887));
#10729=CARTESIAN_POINT('Ctrl Pts',(0.021942330100741,0.874857540690638,
0.293749847693893));
#10730=CARTESIAN_POINT('Ctrl Pts',(0.0371661094103412,0.874210318122189,
0.293750145841968));
#10731=CARTESIAN_POINT('',(0.0373784871784003,0.879205805654316,0.293750145841968));
#10732=CARTESIAN_POINT('Ctrl Pts',(0.0373784871784003,0.879205805654316,
0.293750145841968));
#10733=CARTESIAN_POINT('Ctrl Pts',(0.0220677148441738,0.879856726637441,
0.293749847693893));
#10734=CARTESIAN_POINT('Ctrl Pts',(0.00686025006649393,0.880038010294216,
0.30000053700887));
#10735=CARTESIAN_POINT('Ctrl Pts',(-0.00381497600924821,0.879991730619129,
0.310689402925968));
#10736=CARTESIAN_POINT('',(0.0371661094103412,0.874210318122189,0.293750145841968));
#10737=CARTESIAN_POINT('Ctrl Pts',(0.0778316008832852,0.871531549574624,
0.310760501591968));
#10738=CARTESIAN_POINT('Ctrl Pts',(0.0779798515516344,0.873191609669052,
0.310760501591968));
#10739=CARTESIAN_POINT('Ctrl Pts',(0.0781281022199835,0.87485166976348,
0.310760501591968));
#10740=CARTESIAN_POINT('Ctrl Pts',(0.0782763528883326,0.876511729857907,
0.310760501591968));
#10741=CARTESIAN_POINT('Ctrl Pts',(0.0725052637002249,0.872007214913422,
0.305386494141859));
#10742=CARTESIAN_POINT('Ctrl Pts',(0.0726433691408966,0.873668182020718,
0.305386494141859));
#10743=CARTESIAN_POINT('Ctrl Pts',(0.072781474052126,0.87532914617706,0.305386494141859));
#10744=CARTESIAN_POINT('Ctrl Pts',(0.0729195794927976,0.876990113284356,
0.305386494141859));
#10745=CARTESIAN_POINT('Ctrl Pts',(0.0661749198281488,0.872521931926113,
0.301126809251711));
#10746=CARTESIAN_POINT('Ctrl Pts',(0.0663009673240321,0.874183878646757,
0.301126809251711));
#10747=CARTESIAN_POINT('Ctrl Pts',(0.0664270147312835,0.875845824816475,
0.301126809251711));
#10748=CARTESIAN_POINT('Ctrl Pts',(0.0665530622271668,0.877507771537119,
0.301126809251711));
#10749=CARTESIAN_POINT('Ctrl Pts',(0.052221706822943,0.873468408074269,
0.295297380412207));
#10750=CARTESIAN_POINT('Ctrl Pts',(0.0523211767690754,0.875132157719169,
0.295297380412207));
#10751=CARTESIAN_POINT('Ctrl Pts',(0.0524206466300846,0.876795906475507,
0.295297380412207));
#10752=CARTESIAN_POINT('Ctrl Pts',(0.052520116576217,0.878459656120407,
0.295297380412207));
#10753=CARTESIAN_POINT('Ctrl Pts',(0.0447415677296291,0.873888255676927,
0.293785289764497));
#10754=CARTESIAN_POINT('Ctrl Pts',(0.0448267899291018,0.875552806569572,
0.293785289764497));
#10755=CARTESIAN_POINT('Ctrl Pts',(0.0449120116314685,0.877217351959578,
0.293785289764497));
#10756=CARTESIAN_POINT('Ctrl Pts',(0.0449972338309412,0.878881902852223,
0.293785289764497));
#10757=CARTESIAN_POINT('Ctrl Pts',(0.0371661094103412,0.874210318122189,
0.293750145841968));
#10758=CARTESIAN_POINT('Ctrl Pts',(0.0372369019996942,0.875875480632898,
0.293750145841968));
#10759=CARTESIAN_POINT('Ctrl Pts',(0.0373076945890472,0.877540643143607,
0.293750145841968));
#10760=CARTESIAN_POINT('Ctrl Pts',(0.0373784871784003,0.879205805654316,
0.293750145841968));
#10761=CARTESIAN_POINT('Ctrl Pts',(0.0371661094103412,0.874210318122189,
0.293750145841968));
#10762=CARTESIAN_POINT('Ctrl Pts',(0.0447415677296291,0.873888255676927,
0.293785289764497));
#10763=CARTESIAN_POINT('Ctrl Pts',(0.052221706822943,0.873468408074269,
0.295297380412207));
#10764=CARTESIAN_POINT('Ctrl Pts',(0.0661749198281488,0.872521931926113,
0.301126809251711));
#10765=CARTESIAN_POINT('Ctrl Pts',(0.0725052637002249,0.872007214913422,
0.305386494141859));
#10766=CARTESIAN_POINT('Ctrl Pts',(0.0778316008832852,0.871531549574624,
0.310760501591968));
#10767=CARTESIAN_POINT('Ctrl Pts',(0.0782763528883326,0.876511729857907,
0.310760501591968));
#10768=CARTESIAN_POINT('Ctrl Pts',(0.0729195794927976,0.876990113284356,
0.305386494141859));
#10769=CARTESIAN_POINT('Ctrl Pts',(0.0665530622271668,0.877507771537119,
0.301126809251711));
#10770=CARTESIAN_POINT('Ctrl Pts',(0.052520116576217,0.878459656120407,
0.295297380412207));
#10771=CARTESIAN_POINT('Ctrl Pts',(0.0449972338309412,0.878881902852223,
0.293785289764497));
#10772=CARTESIAN_POINT('Ctrl Pts',(0.0373784871784003,0.879205805654316,
0.293750145841968));
#10773=CARTESIAN_POINT('Origin',(0.,0.,0.));
#10774=CARTESIAN_POINT('Origin',(0.,0.,-3.93136521581856E-234));
#10775=CARTESIAN_POINT('',(-1.3120851772592E-140,1.06448996000204E-108,
0.925));
#10776=CARTESIAN_POINT('',(-1.,-2.22044604925031E-16,0.925));
#10777=UNCERTAINTY_MEASURE_WITH_UNIT(LENGTH_MEASURE(0.01),#10785,
'DISTANCE_ACCURACY_VALUE',
'Maximum model space distance between geometric entities at asserted c
onnectivities');
#10778=UNCERTAINTY_MEASURE_WITH_UNIT(LENGTH_MEASURE(0.01),#10785,
'DISTANCE_ACCURACY_VALUE',
'Maximum model space distance between geometric entities at asserted c
onnectivities');
#10779=UNCERTAINTY_MEASURE_WITH_UNIT(LENGTH_MEASURE(0.01),#10785,
'DISTANCE_ACCURACY_VALUE',
'Maximum model space distance between geometric entities at asserted c
onnectivities');
#10780=UNCERTAINTY_MEASURE_WITH_UNIT(LENGTH_MEASURE(0.01),#10785,
'DISTANCE_ACCURACY_VALUE',
'Maximum model space distance between geometric entities at asserted c
onnectivities');
#10781=(
GEOMETRIC_REPRESENTATION_CONTEXT(3)
GLOBAL_UNCERTAINTY_ASSIGNED_CONTEXT((#10777))
GLOBAL_UNIT_ASSIGNED_CONTEXT((#10785,#10787,#10788))
REPRESENTATION_CONTEXT('','3D')
);
#10782=(
GEOMETRIC_REPRESENTATION_CONTEXT(3)
GLOBAL_UNCERTAINTY_ASSIGNED_CONTEXT((#10778))
GLOBAL_UNIT_ASSIGNED_CONTEXT((#10785,#10787,#10788))
REPRESENTATION_CONTEXT('','3D')
);
#10783=(
GEOMETRIC_REPRESENTATION_CONTEXT(3)
GLOBAL_UNCERTAINTY_ASSIGNED_CONTEXT((#10779))
GLOBAL_UNIT_ASSIGNED_CONTEXT((#10785,#10787,#10788))
REPRESENTATION_CONTEXT('','3D')
);
#10784=(
GEOMETRIC_REPRESENTATION_CONTEXT(3)
GLOBAL_UNCERTAINTY_ASSIGNED_CONTEXT((#10780))
GLOBAL_UNIT_ASSIGNED_CONTEXT((#10785,#10787,#10788))
REPRESENTATION_CONTEXT('','3D')
);
#10785=(
LENGTH_UNIT()
NAMED_UNIT(*)
SI_UNIT(.MILLI.,.METRE.)
);
#10786=(
LENGTH_UNIT()
NAMED_UNIT(*)
SI_UNIT(.CENTI.,.METRE.)
);
#10787=(
NAMED_UNIT(*)
PLANE_ANGLE_UNIT()
SI_UNIT($,.RADIAN.)
);
#10788=(
NAMED_UNIT(*)
SI_UNIT($,.STERADIAN.)
SOLID_ANGLE_UNIT()
);
#10789=SHAPE_DEFINITION_REPRESENTATION(#10792,#10797);
#10790=SHAPE_DEFINITION_REPRESENTATION(#10793,#10798);
#10791=SHAPE_DEFINITION_REPRESENTATION(#10794,#10799);
#10792=PRODUCT_DEFINITION_SHAPE('',$,#10801);
#10793=PRODUCT_DEFINITION_SHAPE('',$,#10802);
#10794=PRODUCT_DEFINITION_SHAPE('',$,#10803);
#10795=PRODUCT_DEFINITION_SHAPE($,$,#17);
#10796=PRODUCT_DEFINITION_SHAPE($,$,#18);
#10797=SHAPE_REPRESENTATION('',(#4792,#4957,#4958),#10781);
#10798=SHAPE_REPRESENTATION('',(#4793),#10782);
#10799=SHAPE_REPRESENTATION('',(#4866),#10783);
#10800=PRODUCT_DEFINITION_CONTEXT('part definition',#10811,'design');
#10801=PRODUCT_DEFINITION('Ensamblaje8','Ensamblaje8',#10804,#10800);
#10802=PRODUCT_DEFINITION('c-1623927-8-ba-3d','c-1623927-8-ba-3d',#10805,
#10800);
#10803=PRODUCT_DEFINITION('Pieza77','Pieza77',#10806,#10800);
#10804=PRODUCT_DEFINITION_FORMATION('',$,#10813);
#10805=PRODUCT_DEFINITION_FORMATION('3LAST_VERSION',$,#10814);
#10806=PRODUCT_DEFINITION_FORMATION('',$,#10815);
#10807=PRODUCT_RELATED_PRODUCT_CATEGORY('Ensamblaje8','Ensamblaje8',(#10813));
#10808=PRODUCT_RELATED_PRODUCT_CATEGORY('c-1623927-8-ba-3d',
'c-1623927-8-ba-3d',(#10814));
#10809=PRODUCT_RELATED_PRODUCT_CATEGORY('Pieza77','Pieza77',(#10815));
#10810=APPLICATION_PROTOCOL_DEFINITION('international standard',
'automotive_design',2009,#10811);
#10811=APPLICATION_CONTEXT(
'Core Data for Automotive Mechanical Design Process');
#10812=PRODUCT_CONTEXT('part definition',#10811,'mechanical');
#10813=PRODUCT('Ensamblaje8','Ensamblaje8',$,(#10812));
#10814=PRODUCT('c-1623927-8-ba-3d','c-1623927-8-ba-3d',$,(#10812));
#10815=PRODUCT('Pieza77','Pieza77',$,(#10812));
ENDSEC;
END-ISO-10303-21;
