Added Component: Designator=AIN_D1_U_AND_GATE1(LED 0603_1608 BLUE)
Add component. Clean all parameters for all variants
Add component (AddParameter): Name = "Color"; Value = "Blue"; VariantName = "[No Variations]"
Add component (AddParameter): Name = "ComponentLink1Description"; Value = "Datasheet"; VariantName = "[No Variations]"
Add component (AddParameter): Name = "ComponentLink1URL"; Value = "http://www.inolux-corp.com/datasheet/SMDLED/Mono%20Color%20Top%20View/IN-S63AT%20Series_V1.1.pdf"; VariantName = "[No Variations]"
Add component (AddParameter): Name = "ComponentLink2Description"; Value = "DigiKey Link"; VariantName = "[No Variations]"
Add component (AddParameter): Name = "ComponentLink2URL"; Value = "https://www.digikey.com/en/products/detail/inolux/IN-S63AT5B/7604929"; VariantName = "[No Variations]"
Add component (AddParameter): Name = "Configuration"; Value = "Standard"; VariantName = "[No Variations]"
Add component (AddParameter): Name = "Current - Test"; Value = "5mA"; VariantName = "[No Variations]"
Add component (AddParameter): Name = "Device Package"; Value = "0603 (1608 Metric)"; VariantName = "[No Variations]"
Add component (AddParameter): Name = "Height (Max)"; Value = "0.40mm"; VariantName = "[No Variations]"
Add component (AddParameter): Name = "LastUpdated"; Value = "6/3/2024 7:57:52 PM"; VariantName = "[No Variations]"
Add component (AddParameter): Name = "Lens Color"; Value = "Clear"; VariantName = "[No Variations]"
Add component (AddParameter): Name = "Lens Size"; Value = "1.15mm x 0.80mm"; VariantName = "[No Variations]"
Add component (AddParameter): Name = "Lens Style"; Value = "Rectangle with Flat Top"; VariantName = "[No Variations]"
Add component (AddParameter): Name = "Lens Transparency"; Value = "Clear"; VariantName = "[No Variations]"
Add component (AddParameter): Name = "Lifecycle Status"; Value = "Active"; VariantName = "[No Variations]"
Add component (AddParameter): Name = "Manufacturer"; Value = "Inolux"; VariantName = "[No Variations]"
Add component (AddParameter): Name = "Millicandela Rating"; Value = "45mcd"; VariantName = "[No Variations]"
Add component (AddParameter): Name = "Minimum Order"; Value = "1"; VariantName = "[No Variations]"
Add component (AddParameter): Name = "Mounting Type"; Value = "Surface Mount"; VariantName = "[No Variations]"
Add component (AddParameter): Name = "Package / Case"; Value = "0603 (1608 Metric)"; VariantName = "[No Variations]"
Add component (AddParameter): Name = "Packaging"; Value = "TapeAndReel"; VariantName = "[No Variations]"
Add component (AddParameter): Name = "PartId"; Value = "834"; VariantName = "[No Variations]"
Add component (AddParameter): Name = "Part Number"; Value = "IN-S63AT5B"; VariantName = "[No Variations]"
Add component (AddParameter): Name = "Part Status"; Value = "Active"; VariantName = "[No Variations]"
Add component (AddParameter): Name = "Price"; Value = "0.03"; VariantName = "[No Variations]"
Add component (AddParameter): Name = "Series"; Value = "IN-S63AT"; VariantName = "[No Variations]"
Add component (AddParameter): Name = "Size / Dimension"; Value = "1.60mm L x 0.80mm W"; VariantName = "[No Variations]"
Add component (AddParameter): Name = "Supplier 1"; Value = "DigiKey"; VariantName = "[No Variations]"
Add component (AddParameter): Name = "Supplier Device Package"; Value = "0603"; VariantName = "[No Variations]"
Add component (AddParameter): Name = "Supplier Part Number 1"; Value = "1830-1061-1-ND"; VariantName = "[No Variations]"
Add component (AddParameter): Name = "Value"; Value = "Blue"; VariantName = "[No Variations]"
Add component (AddParameter): Name = "Viewing Angle"; Value = "120°"; VariantName = "[No Variations]"
Add component (AddParameter): Name = "Voltage - Forward (Vf) (Typ)"; Value = "2.8V"; VariantName = "[No Variations]"
Add component (AddParameter): Name = "Wavelength - Dominant"; Value = "470nm"; VariantName = "[No Variations]"
Add component (AddParameter): Name = "Wavelength - Peak"; Value = "468nm"; VariantName = "[No Variations]"
Added Component: Designator=AIN_D1_U_AND_GATE2(LED 0603_1608 BLUE)
Add component. Clean all parameters for all variants
Add component (AddParameter): Name = "Color"; Value = "Blue"; VariantName = "[No Variations]"
Add component (AddParameter): Name = "ComponentLink1Description"; Value = "Datasheet"; VariantName = "[No Variations]"
Add component (AddParameter): Name = "ComponentLink1URL"; Value = "http://www.inolux-corp.com/datasheet/SMDLED/Mono%20Color%20Top%20View/IN-S63AT%20Series_V1.1.pdf"; VariantName = "[No Variations]"
Add component (AddParameter): Name = "ComponentLink2Description"; Value = "DigiKey Link"; VariantName = "[No Variations]"
Add component (AddParameter): Name = "ComponentLink2URL"; Value = "https://www.digikey.com/en/products/detail/inolux/IN-S63AT5B/7604929"; VariantName = "[No Variations]"
Add component (AddParameter): Name = "Configuration"; Value = "Standard"; VariantName = "[No Variations]"
Add component (AddParameter): Name = "Current - Test"; Value = "5mA"; VariantName = "[No Variations]"
Add component (AddParameter): Name = "Device Package"; Value = "0603 (1608 Metric)"; VariantName = "[No Variations]"
Add component (AddParameter): Name = "Height (Max)"; Value = "0.40mm"; VariantName = "[No Variations]"
Add component (AddParameter): Name = "LastUpdated"; Value = "6/3/2024 7:57:52 PM"; VariantName = "[No Variations]"
Add component (AddParameter): Name = "Lens Color"; Value = "Clear"; VariantName = "[No Variations]"
Add component (AddParameter): Name = "Lens Size"; Value = "1.15mm x 0.80mm"; VariantName = "[No Variations]"
Add component (AddParameter): Name = "Lens Style"; Value = "Rectangle with Flat Top"; VariantName = "[No Variations]"
Add component (AddParameter): Name = "Lens Transparency"; Value = "Clear"; VariantName = "[No Variations]"
Add component (AddParameter): Name = "Lifecycle Status"; Value = "Active"; VariantName = "[No Variations]"
Add component (AddParameter): Name = "Manufacturer"; Value = "Inolux"; VariantName = "[No Variations]"
Add component (AddParameter): Name = "Millicandela Rating"; Value = "45mcd"; VariantName = "[No Variations]"
Add component (AddParameter): Name = "Minimum Order"; Value = "1"; VariantName = "[No Variations]"
Add component (AddParameter): Name = "Mounting Type"; Value = "Surface Mount"; VariantName = "[No Variations]"
Add component (AddParameter): Name = "Package / Case"; Value = "0603 (1608 Metric)"; VariantName = "[No Variations]"
Add component (AddParameter): Name = "Packaging"; Value = "TapeAndReel"; VariantName = "[No Variations]"
Add component (AddParameter): Name = "PartId"; Value = "834"; VariantName = "[No Variations]"
Add component (AddParameter): Name = "Part Number"; Value = "IN-S63AT5B"; VariantName = "[No Variations]"
Add component (AddParameter): Name = "Part Status"; Value = "Active"; VariantName = "[No Variations]"
Add component (AddParameter): Name = "Price"; Value = "0.03"; VariantName = "[No Variations]"
Add component (AddParameter): Name = "Series"; Value = "IN-S63AT"; VariantName = "[No Variations]"
Add component (AddParameter): Name = "Size / Dimension"; Value = "1.60mm L x 0.80mm W"; VariantName = "[No Variations]"
Add component (AddParameter): Name = "Supplier 1"; Value = "DigiKey"; VariantName = "[No Variations]"
Add component (AddParameter): Name = "Supplier Device Package"; Value = "0603"; VariantName = "[No Variations]"
Add component (AddParameter): Name = "Supplier Part Number 1"; Value = "1830-1061-1-ND"; VariantName = "[No Variations]"
Add component (AddParameter): Name = "Value"; Value = "Blue"; VariantName = "[No Variations]"
Add component (AddParameter): Name = "Viewing Angle"; Value = "120°"; VariantName = "[No Variations]"
Add component (AddParameter): Name = "Voltage - Forward (Vf) (Typ)"; Value = "2.8V"; VariantName = "[No Variations]"
Add component (AddParameter): Name = "Wavelength - Dominant"; Value = "470nm"; VariantName = "[No Variations]"
Add component (AddParameter): Name = "Wavelength - Peak"; Value = "468nm"; VariantName = "[No Variations]"
Added Component: Designator=AIN_D2_U_OR_GATE3(LED 0603_1608 BLUE)
Add component. Clean all parameters for all variants
Add component (AddParameter): Name = "Color"; Value = "Blue"; VariantName = "[No Variations]"
Add component (AddParameter): Name = "ComponentLink1Description"; Value = "Datasheet"; VariantName = "[No Variations]"
Add component (AddParameter): Name = "ComponentLink1URL"; Value = "http://www.inolux-corp.com/datasheet/SMDLED/Mono%20Color%20Top%20View/IN-S63AT%20Series_V1.1.pdf"; VariantName = "[No Variations]"
Add component (AddParameter): Name = "ComponentLink2Description"; Value = "DigiKey Link"; VariantName = "[No Variations]"
Add component (AddParameter): Name = "ComponentLink2URL"; Value = "https://www.digikey.com/en/products/detail/inolux/IN-S63AT5B/7604929"; VariantName = "[No Variations]"
Add component (AddParameter): Name = "Configuration"; Value = "Standard"; VariantName = "[No Variations]"
Add component (AddParameter): Name = "Current - Test"; Value = "5mA"; VariantName = "[No Variations]"
Add component (AddParameter): Name = "Device Package"; Value = "0603 (1608 Metric)"; VariantName = "[No Variations]"
Add component (AddParameter): Name = "Height (Max)"; Value = "0.40mm"; VariantName = "[No Variations]"
Add component (AddParameter): Name = "LastUpdated"; Value = "6/3/2024 7:57:52 PM"; VariantName = "[No Variations]"
Add component (AddParameter): Name = "Lens Color"; Value = "Clear"; VariantName = "[No Variations]"
Add component (AddParameter): Name = "Lens Size"; Value = "1.15mm x 0.80mm"; VariantName = "[No Variations]"
Add component (AddParameter): Name = "Lens Style"; Value = "Rectangle with Flat Top"; VariantName = "[No Variations]"
Add component (AddParameter): Name = "Lens Transparency"; Value = "Clear"; VariantName = "[No Variations]"
Add component (AddParameter): Name = "Lifecycle Status"; Value = "Active"; VariantName = "[No Variations]"
Add component (AddParameter): Name = "Manufacturer"; Value = "Inolux"; VariantName = "[No Variations]"
Add component (AddParameter): Name = "Millicandela Rating"; Value = "45mcd"; VariantName = "[No Variations]"
Add component (AddParameter): Name = "Minimum Order"; Value = "1"; VariantName = "[No Variations]"
Add component (AddParameter): Name = "Mounting Type"; Value = "Surface Mount"; VariantName = "[No Variations]"
Add component (AddParameter): Name = "Package / Case"; Value = "0603 (1608 Metric)"; VariantName = "[No Variations]"
Add component (AddParameter): Name = "Packaging"; Value = "TapeAndReel"; VariantName = "[No Variations]"
Add component (AddParameter): Name = "PartId"; Value = "834"; VariantName = "[No Variations]"
Add component (AddParameter): Name = "Part Number"; Value = "IN-S63AT5B"; VariantName = "[No Variations]"
Add component (AddParameter): Name = "Part Status"; Value = "Active"; VariantName = "[No Variations]"
Add component (AddParameter): Name = "Price"; Value = "0.03"; VariantName = "[No Variations]"
Add component (AddParameter): Name = "Series"; Value = "IN-S63AT"; VariantName = "[No Variations]"
Add component (AddParameter): Name = "Size / Dimension"; Value = "1.60mm L x 0.80mm W"; VariantName = "[No Variations]"
Add component (AddParameter): Name = "Supplier 1"; Value = "DigiKey"; VariantName = "[No Variations]"
Add component (AddParameter): Name = "Supplier Device Package"; Value = "0603"; VariantName = "[No Variations]"
Add component (AddParameter): Name = "Supplier Part Number 1"; Value = "1830-1061-1-ND"; VariantName = "[No Variations]"
Add component (AddParameter): Name = "Value"; Value = "Blue"; VariantName = "[No Variations]"
Add component (AddParameter): Name = "Viewing Angle"; Value = "120°"; VariantName = "[No Variations]"
Add component (AddParameter): Name = "Voltage - Forward (Vf) (Typ)"; Value = "2.8V"; VariantName = "[No Variations]"
Add component (AddParameter): Name = "Wavelength - Dominant"; Value = "470nm"; VariantName = "[No Variations]"
Add component (AddParameter): Name = "Wavelength - Peak"; Value = "468nm"; VariantName = "[No Variations]"
Added Component: Designator=AIN_D2_U_OR_GATE4(LED 0603_1608 BLUE)
Add component. Clean all parameters for all variants
Add component (AddParameter): Name = "Color"; Value = "Blue"; VariantName = "[No Variations]"
Add component (AddParameter): Name = "ComponentLink1Description"; Value = "Datasheet"; VariantName = "[No Variations]"
Add component (AddParameter): Name = "ComponentLink1URL"; Value = "http://www.inolux-corp.com/datasheet/SMDLED/Mono%20Color%20Top%20View/IN-S63AT%20Series_V1.1.pdf"; VariantName = "[No Variations]"
Add component (AddParameter): Name = "ComponentLink2Description"; Value = "DigiKey Link"; VariantName = "[No Variations]"
Add component (AddParameter): Name = "ComponentLink2URL"; Value = "https://www.digikey.com/en/products/detail/inolux/IN-S63AT5B/7604929"; VariantName = "[No Variations]"
Add component (AddParameter): Name = "Configuration"; Value = "Standard"; VariantName = "[No Variations]"
Add component (AddParameter): Name = "Current - Test"; Value = "5mA"; VariantName = "[No Variations]"
Add component (AddParameter): Name = "Device Package"; Value = "0603 (1608 Metric)"; VariantName = "[No Variations]"
Add component (AddParameter): Name = "Height (Max)"; Value = "0.40mm"; VariantName = "[No Variations]"
Add component (AddParameter): Name = "LastUpdated"; Value = "6/3/2024 7:57:52 PM"; VariantName = "[No Variations]"
Add component (AddParameter): Name = "Lens Color"; Value = "Clear"; VariantName = "[No Variations]"
Add component (AddParameter): Name = "Lens Size"; Value = "1.15mm x 0.80mm"; VariantName = "[No Variations]"
Add component (AddParameter): Name = "Lens Style"; Value = "Rectangle with Flat Top"; VariantName = "[No Variations]"
Add component (AddParameter): Name = "Lens Transparency"; Value = "Clear"; VariantName = "[No Variations]"
Add component (AddParameter): Name = "Lifecycle Status"; Value = "Active"; VariantName = "[No Variations]"
Add component (AddParameter): Name = "Manufacturer"; Value = "Inolux"; VariantName = "[No Variations]"
Add component (AddParameter): Name = "Millicandela Rating"; Value = "45mcd"; VariantName = "[No Variations]"
Add component (AddParameter): Name = "Minimum Order"; Value = "1"; VariantName = "[No Variations]"
Add component (AddParameter): Name = "Mounting Type"; Value = "Surface Mount"; VariantName = "[No Variations]"
Add component (AddParameter): Name = "Package / Case"; Value = "0603 (1608 Metric)"; VariantName = "[No Variations]"
Add component (AddParameter): Name = "Packaging"; Value = "TapeAndReel"; VariantName = "[No Variations]"
Add component (AddParameter): Name = "PartId"; Value = "834"; VariantName = "[No Variations]"
Add component (AddParameter): Name = "Part Number"; Value = "IN-S63AT5B"; VariantName = "[No Variations]"
Add component (AddParameter): Name = "Part Status"; Value = "Active"; VariantName = "[No Variations]"
Add component (AddParameter): Name = "Price"; Value = "0.03"; VariantName = "[No Variations]"
Add component (AddParameter): Name = "Series"; Value = "IN-S63AT"; VariantName = "[No Variations]"
Add component (AddParameter): Name = "Size / Dimension"; Value = "1.60mm L x 0.80mm W"; VariantName = "[No Variations]"
Add component (AddParameter): Name = "Supplier 1"; Value = "DigiKey"; VariantName = "[No Variations]"
Add component (AddParameter): Name = "Supplier Device Package"; Value = "0603"; VariantName = "[No Variations]"
Add component (AddParameter): Name = "Supplier Part Number 1"; Value = "1830-1061-1-ND"; VariantName = "[No Variations]"
Add component (AddParameter): Name = "Value"; Value = "Blue"; VariantName = "[No Variations]"
Add component (AddParameter): Name = "Viewing Angle"; Value = "120°"; VariantName = "[No Variations]"
Add component (AddParameter): Name = "Voltage - Forward (Vf) (Typ)"; Value = "2.8V"; VariantName = "[No Variations]"
Add component (AddParameter): Name = "Wavelength - Dominant"; Value = "470nm"; VariantName = "[No Variations]"
Add component (AddParameter): Name = "Wavelength - Peak"; Value = "468nm"; VariantName = "[No Variations]"
Added Component: Designator=AIN_Q1_U_AND_GATE1(MCCSEMI SOT-23-3)
Add component. Clean all parameters for all variants
Add component (AddParameter): Name = "ComponentLink1Description"; Value = "Datasheet"; VariantName = "[No Variations]"
Add component (AddParameter): Name = "ComponentLink1URL"; Value = "https://www.mccsemi.com/pdf/Products/MMSS8050(SOT-23).pdf"; VariantName = "[No Variations]"
Add component (AddParameter): Name = "ComponentLink2Description"; Value = "DigiKey Link"; VariantName = "[No Variations]"
Add component (AddParameter): Name = "ComponentLink2URL"; Value = "https://www.digikey.com/en/products/detail/micro-commercial-co/MMSS8050-L-TP/2827197"; VariantName = "[No Variations]"
Add component (AddParameter): Name = "Current - Collector (Ic) (Max)"; Value = "1.5 A"; VariantName = "[No Variations]"
Add component (AddParameter): Name = "Current - Collector Cutoff (Max)"; Value = "100nA"; VariantName = "[No Variations]"
Add component (AddParameter): Name = "DC Current Gain (hFE) (Min) @ Ic, Vce"; Value = "120 @ 100mA, 1V"; VariantName = "[No Variations]"
Add component (AddParameter): Name = "Frequency - Transition"; Value = "100MHz"; VariantName = "[No Variations]"
Add component (AddParameter): Name = "LastUpdated"; Value = "6/3/2024 8:24:16 PM"; VariantName = "[No Variations]"
Add component (AddParameter): Name = "Lifecycle Status"; Value = "Active"; VariantName = "[No Variations]"
Add component (AddParameter): Name = "Manufacturer"; Value = "Micro Commercial Co"; VariantName = "[No Variations]"
Add component (AddParameter): Name = "Minimum Order"; Value = "1"; VariantName = "[No Variations]"
Add component (AddParameter): Name = "Mounting Type"; Value = "Surface Mount"; VariantName = "[No Variations]"
Add component (AddParameter): Name = "Operating Temperature"; Value = "-55°C ~ 150°C (TJ)"; VariantName = "[No Variations]"
Add component (AddParameter): Name = "Package / Case"; Value = "TO-236-3, SC-59, SOT-23-3"; VariantName = "[No Variations]"
Add component (AddParameter): Name = "Packaging"; Value = "TapeAndReel"; VariantName = "[No Variations]"
Add component (AddParameter): Name = "PartId"; Value = "278"; VariantName = "[No Variations]"
Add component (AddParameter): Name = "Part Number"; Value = "MMSS8050-L-TP"; VariantName = "[No Variations]"
Add component (AddParameter): Name = "Part Status"; Value = "Active"; VariantName = "[No Variations]"
Add component (AddParameter): Name = "Power - Max"; Value = "625 mW"; VariantName = "[No Variations]"
Add component (AddParameter): Name = "Price"; Value = "0.01"; VariantName = "[No Variations]"
Add component (AddParameter): Name = "Series"; Value = "-"; VariantName = "[No Variations]"
Add component (AddParameter): Name = "Supplier 1"; Value = "DigiKey"; VariantName = "[No Variations]"
Add component (AddParameter): Name = "Supplier Device Package"; Value = "SOT-23"; VariantName = "[No Variations]"
Add component (AddParameter): Name = "Supplier Part Number 1"; Value = "MMSS8050-L-TPMSCT-ND"; VariantName = "[No Variations]"
Add component (AddParameter): Name = "Transistor Type"; Value = "NPN"; VariantName = "[No Variations]"
Add component (AddParameter): Name = "Vce Saturation (Max) @ Ib, Ic"; Value = "500mV @ 80mA, 800mA"; VariantName = "[No Variations]"
Add component (AddParameter): Name = "Voltage - Collector Emitter Breakdown (Max)"; Value = "25 V"; VariantName = "[No Variations]"
Added Component: Designator=AIN_Q1_U_AND_GATE2(MCCSEMI SOT-23-3)
Add component. Clean all parameters for all variants
Add component (AddParameter): Name = "ComponentLink1Description"; Value = "Datasheet"; VariantName = "[No Variations]"
Add component (AddParameter): Name = "ComponentLink1URL"; Value = "https://www.mccsemi.com/pdf/Products/MMSS8050(SOT-23).pdf"; VariantName = "[No Variations]"
Add component (AddParameter): Name = "ComponentLink2Description"; Value = "DigiKey Link"; VariantName = "[No Variations]"
Add component (AddParameter): Name = "ComponentLink2URL"; Value = "https://www.digikey.com/en/products/detail/micro-commercial-co/MMSS8050-L-TP/2827197"; VariantName = "[No Variations]"
Add component (AddParameter): Name = "Current - Collector (Ic) (Max)"; Value = "1.5 A"; VariantName = "[No Variations]"
Add component (AddParameter): Name = "Current - Collector Cutoff (Max)"; Value = "100nA"; VariantName = "[No Variations]"
Add component (AddParameter): Name = "DC Current Gain (hFE) (Min) @ Ic, Vce"; Value = "120 @ 100mA, 1V"; VariantName = "[No Variations]"
Add component (AddParameter): Name = "Frequency - Transition"; Value = "100MHz"; VariantName = "[No Variations]"
Add component (AddParameter): Name = "LastUpdated"; Value = "6/3/2024 8:24:16 PM"; VariantName = "[No Variations]"
Add component (AddParameter): Name = "Lifecycle Status"; Value = "Active"; VariantName = "[No Variations]"
Add component (AddParameter): Name = "Manufacturer"; Value = "Micro Commercial Co"; VariantName = "[No Variations]"
Add component (AddParameter): Name = "Minimum Order"; Value = "1"; VariantName = "[No Variations]"
Add component (AddParameter): Name = "Mounting Type"; Value = "Surface Mount"; VariantName = "[No Variations]"
Add component (AddParameter): Name = "Operating Temperature"; Value = "-55°C ~ 150°C (TJ)"; VariantName = "[No Variations]"
Add component (AddParameter): Name = "Package / Case"; Value = "TO-236-3, SC-59, SOT-23-3"; VariantName = "[No Variations]"
Add component (AddParameter): Name = "Packaging"; Value = "TapeAndReel"; VariantName = "[No Variations]"
Add component (AddParameter): Name = "PartId"; Value = "278"; VariantName = "[No Variations]"
Add component (AddParameter): Name = "Part Number"; Value = "MMSS8050-L-TP"; VariantName = "[No Variations]"
Add component (AddParameter): Name = "Part Status"; Value = "Active"; VariantName = "[No Variations]"
Add component (AddParameter): Name = "Power - Max"; Value = "625 mW"; VariantName = "[No Variations]"
Add component (AddParameter): Name = "Price"; Value = "0.01"; VariantName = "[No Variations]"
Add component (AddParameter): Name = "Series"; Value = "-"; VariantName = "[No Variations]"
Add component (AddParameter): Name = "Supplier 1"; Value = "DigiKey"; VariantName = "[No Variations]"
Add component (AddParameter): Name = "Supplier Device Package"; Value = "SOT-23"; VariantName = "[No Variations]"
Add component (AddParameter): Name = "Supplier Part Number 1"; Value = "MMSS8050-L-TPMSCT-ND"; VariantName = "[No Variations]"
Add component (AddParameter): Name = "Transistor Type"; Value = "NPN"; VariantName = "[No Variations]"
Add component (AddParameter): Name = "Vce Saturation (Max) @ Ib, Ic"; Value = "500mV @ 80mA, 800mA"; VariantName = "[No Variations]"
Add component (AddParameter): Name = "Voltage - Collector Emitter Breakdown (Max)"; Value = "25 V"; VariantName = "[No Variations]"
Added Component: Designator=AIN_Q2_U_OR_GATE3(MCCSEMI SOT-23-3)
Add component. Clean all parameters for all variants
Add component (AddParameter): Name = "ComponentLink1Description"; Value = "Datasheet"; VariantName = "[No Variations]"
Add component (AddParameter): Name = "ComponentLink1URL"; Value = "https://www.mccsemi.com/pdf/Products/MMSS8050(SOT-23).pdf"; VariantName = "[No Variations]"
Add component (AddParameter): Name = "ComponentLink2Description"; Value = "DigiKey Link"; VariantName = "[No Variations]"
Add component (AddParameter): Name = "ComponentLink2URL"; Value = "https://www.digikey.com/en/products/detail/micro-commercial-co/MMSS8050-L-TP/2827197"; VariantName = "[No Variations]"
Add component (AddParameter): Name = "Current - Collector (Ic) (Max)"; Value = "1.5 A"; VariantName = "[No Variations]"
Add component (AddParameter): Name = "Current - Collector Cutoff (Max)"; Value = "100nA"; VariantName = "[No Variations]"
Add component (AddParameter): Name = "DC Current Gain (hFE) (Min) @ Ic, Vce"; Value = "120 @ 100mA, 1V"; VariantName = "[No Variations]"
Add component (AddParameter): Name = "Frequency - Transition"; Value = "100MHz"; VariantName = "[No Variations]"
Add component (AddParameter): Name = "LastUpdated"; Value = "6/3/2024 8:24:16 PM"; VariantName = "[No Variations]"
Add component (AddParameter): Name = "Lifecycle Status"; Value = "Active"; VariantName = "[No Variations]"
Add component (AddParameter): Name = "Manufacturer"; Value = "Micro Commercial Co"; VariantName = "[No Variations]"
Add component (AddParameter): Name = "Minimum Order"; Value = "1"; VariantName = "[No Variations]"
Add component (AddParameter): Name = "Mounting Type"; Value = "Surface Mount"; VariantName = "[No Variations]"
Add component (AddParameter): Name = "Operating Temperature"; Value = "-55°C ~ 150°C (TJ)"; VariantName = "[No Variations]"
Add component (AddParameter): Name = "Package / Case"; Value = "TO-236-3, SC-59, SOT-23-3"; VariantName = "[No Variations]"
Add component (AddParameter): Name = "Packaging"; Value = "TapeAndReel"; VariantName = "[No Variations]"
Add component (AddParameter): Name = "PartId"; Value = "278"; VariantName = "[No Variations]"
Add component (AddParameter): Name = "Part Number"; Value = "MMSS8050-L-TP"; VariantName = "[No Variations]"
Add component (AddParameter): Name = "Part Status"; Value = "Active"; VariantName = "[No Variations]"
Add component (AddParameter): Name = "Power - Max"; Value = "625 mW"; VariantName = "[No Variations]"
Add component (AddParameter): Name = "Price"; Value = "0.01"; VariantName = "[No Variations]"
Add component (AddParameter): Name = "Series"; Value = "-"; VariantName = "[No Variations]"
Add component (AddParameter): Name = "Supplier 1"; Value = "DigiKey"; VariantName = "[No Variations]"
Add component (AddParameter): Name = "Supplier Device Package"; Value = "SOT-23"; VariantName = "[No Variations]"
Add component (AddParameter): Name = "Supplier Part Number 1"; Value = "MMSS8050-L-TPMSCT-ND"; VariantName = "[No Variations]"
Add component (AddParameter): Name = "Transistor Type"; Value = "NPN"; VariantName = "[No Variations]"
Add component (AddParameter): Name = "Vce Saturation (Max) @ Ib, Ic"; Value = "500mV @ 80mA, 800mA"; VariantName = "[No Variations]"
Add component (AddParameter): Name = "Voltage - Collector Emitter Breakdown (Max)"; Value = "25 V"; VariantName = "[No Variations]"
Added Component: Designator=AIN_Q2_U_OR_GATE4(MCCSEMI SOT-23-3)
Add component. Clean all parameters for all variants
Add component (AddParameter): Name = "ComponentLink1Description"; Value = "Datasheet"; VariantName = "[No Variations]"
Add component (AddParameter): Name = "ComponentLink1URL"; Value = "https://www.mccsemi.com/pdf/Products/MMSS8050(SOT-23).pdf"; VariantName = "[No Variations]"
Add component (AddParameter): Name = "ComponentLink2Description"; Value = "DigiKey Link"; VariantName = "[No Variations]"
Add component (AddParameter): Name = "ComponentLink2URL"; Value = "https://www.digikey.com/en/products/detail/micro-commercial-co/MMSS8050-L-TP/2827197"; VariantName = "[No Variations]"
Add component (AddParameter): Name = "Current - Collector (Ic) (Max)"; Value = "1.5 A"; VariantName = "[No Variations]"
Add component (AddParameter): Name = "Current - Collector Cutoff (Max)"; Value = "100nA"; VariantName = "[No Variations]"
Add component (AddParameter): Name = "DC Current Gain (hFE) (Min) @ Ic, Vce"; Value = "120 @ 100mA, 1V"; VariantName = "[No Variations]"
Add component (AddParameter): Name = "Frequency - Transition"; Value = "100MHz"; VariantName = "[No Variations]"
Add component (AddParameter): Name = "LastUpdated"; Value = "6/3/2024 8:24:16 PM"; VariantName = "[No Variations]"
Add component (AddParameter): Name = "Lifecycle Status"; Value = "Active"; VariantName = "[No Variations]"
Add component (AddParameter): Name = "Manufacturer"; Value = "Micro Commercial Co"; VariantName = "[No Variations]"
Add component (AddParameter): Name = "Minimum Order"; Value = "1"; VariantName = "[No Variations]"
Add component (AddParameter): Name = "Mounting Type"; Value = "Surface Mount"; VariantName = "[No Variations]"
Add component (AddParameter): Name = "Operating Temperature"; Value = "-55°C ~ 150°C (TJ)"; VariantName = "[No Variations]"
Add component (AddParameter): Name = "Package / Case"; Value = "TO-236-3, SC-59, SOT-23-3"; VariantName = "[No Variations]"
Add component (AddParameter): Name = "Packaging"; Value = "TapeAndReel"; VariantName = "[No Variations]"
Add component (AddParameter): Name = "PartId"; Value = "278"; VariantName = "[No Variations]"
Add component (AddParameter): Name = "Part Number"; Value = "MMSS8050-L-TP"; VariantName = "[No Variations]"
Add component (AddParameter): Name = "Part Status"; Value = "Active"; VariantName = "[No Variations]"
Add component (AddParameter): Name = "Power - Max"; Value = "625 mW"; VariantName = "[No Variations]"
Add component (AddParameter): Name = "Price"; Value = "0.01"; VariantName = "[No Variations]"
Add component (AddParameter): Name = "Series"; Value = "-"; VariantName = "[No Variations]"
Add component (AddParameter): Name = "Supplier 1"; Value = "DigiKey"; VariantName = "[No Variations]"
Add component (AddParameter): Name = "Supplier Device Package"; Value = "SOT-23"; VariantName = "[No Variations]"
Add component (AddParameter): Name = "Supplier Part Number 1"; Value = "MMSS8050-L-TPMSCT-ND"; VariantName = "[No Variations]"
Add component (AddParameter): Name = "Transistor Type"; Value = "NPN"; VariantName = "[No Variations]"
Add component (AddParameter): Name = "Vce Saturation (Max) @ Ib, Ic"; Value = "500mV @ 80mA, 800mA"; VariantName = "[No Variations]"
Add component (AddParameter): Name = "Voltage - Collector Emitter Breakdown (Max)"; Value = "25 V"; VariantName = "[No Variations]"
Added Component: Designator=AIN_R1_U_AND_GATE1(RES 0603_1608)
Add component. Clean all parameters for all variants
Add component (AddParameter): Name = "ComponentLink1Description"; Value = "Datasheet"; VariantName = "[No Variations]"
Add component (AddParameter): Name = "ComponentLink1URL"; Value = "https://www.te.com/commerce/DocumentDelivery/DDEController?Action=srchrtrv&DocNm=1773200&DocType=DS&DocLang=English"; VariantName = "[No Variations]"
Add component (AddParameter): Name = "ComponentLink2Description"; Value = "DigiKey Link"; VariantName = "[No Variations]"
Add component (AddParameter): Name = "ComponentLink2URL"; Value = "https://www.digikey.com/en/products/detail/te-connectivity-passive-product/CPF0603B1K0E/2390473"; VariantName = "[No Variations]"
Add component (AddParameter): Name = "Composition"; Value = "Thin Film"; VariantName = "[No Variations]"
Add component (AddParameter): Name = "Device Package"; Value = "0603 (1608 Metric)"; VariantName = "[No Variations]"
Add component (AddParameter): Name = "Height - Seated (Max)"; Value = "0.022" (0.55mm)"; VariantName = "[No Variations]"
Add component (AddParameter): Name = "LastUpdated"; Value = "2/9/2024 8:43:37 PM"; VariantName = "[No Variations]"
Add component (AddParameter): Name = "Lifecycle Status"; Value = "Active"; VariantName = "[No Variations]"
Add component (AddParameter): Name = "Manufacturer"; Value = "TE Connectivity Passive Product"; VariantName = "[No Variations]"
Add component (AddParameter): Name = "Minimum Order"; Value = "1"; VariantName = "[No Variations]"
Add component (AddParameter): Name = "Number of Terminations"; Value = "2"; VariantName = "[No Variations]"
Add component (AddParameter): Name = "Operating Temperature"; Value = "-55°C ~ 155°C"; VariantName = "[No Variations]"
Add component (AddParameter): Name = "Package / Case"; Value = "0603 (1608 Metric)"; VariantName = "[No Variations]"
Add component (AddParameter): Name = "Packaging"; Value = "TapeAndReel"; VariantName = "[No Variations]"
Add component (AddParameter): Name = "PartId"; Value = "4877"; VariantName = "[No Variations]"
Add component (AddParameter): Name = "Part Number"; Value = "CPF0603B1K0E"; VariantName = "[No Variations]"
Add component (AddParameter): Name = "Part Status"; Value = "Active"; VariantName = "[No Variations]"
Add component (AddParameter): Name = "Power (Watts)"; Value = "0.063W, 1/16W"; VariantName = "[No Variations]"
Add component (AddParameter): Name = "Price"; Value = "0.09"; VariantName = "[No Variations]"
Add component (AddParameter): Name = "Resistance"; Value = "1 kOhms"; VariantName = "[No Variations]"
Add component (AddParameter): Name = "Series"; Value = "CPF, Neohm"; VariantName = "[No Variations]"
Add component (AddParameter): Name = "Size / Dimension"; Value = "0.061" L x 0.031" W (1.55mm x 0.80mm)"; VariantName = "[No Variations]"
Add component (AddParameter): Name = "Supplier 1"; Value = "DigiKey"; VariantName = "[No Variations]"
Add component (AddParameter): Name = "Supplier Device Package"; Value = "0603"; VariantName = "[No Variations]"
Add component (AddParameter): Name = "Supplier Part Number 1"; Value = "A119887CT-ND"; VariantName = "[No Variations]"
Add component (AddParameter): Name = "Temperature Coefficient"; Value = "±25ppm/°C"; VariantName = "[No Variations]"
Add component (AddParameter): Name = "Tolerance"; Value = "±0.1%"; VariantName = "[No Variations]"
Add component (AddParameter): Name = "Value"; Value = "1 kOhms"; VariantName = "[No Variations]"
Added Component: Designator=AIN_R1_U_AND_GATE2(RES 0603_1608)
Add component. Clean all parameters for all variants
Add component (AddParameter): Name = "ComponentLink1Description"; Value = "Datasheet"; VariantName = "[No Variations]"
Add component (AddParameter): Name = "ComponentLink1URL"; Value = "https://www.te.com/commerce/DocumentDelivery/DDEController?Action=srchrtrv&DocNm=1773200&DocType=DS&DocLang=English"; VariantName = "[No Variations]"
Add component (AddParameter): Name = "ComponentLink2Description"; Value = "DigiKey Link"; VariantName = "[No Variations]"
Add component (AddParameter): Name = "ComponentLink2URL"; Value = "https://www.digikey.com/en/products/detail/te-connectivity-passive-product/CPF0603B1K0E/2390473"; VariantName = "[No Variations]"
Add component (AddParameter): Name = "Composition"; Value = "Thin Film"; VariantName = "[No Variations]"
Add component (AddParameter): Name = "Device Package"; Value = "0603 (1608 Metric)"; VariantName = "[No Variations]"
Add component (AddParameter): Name = "Height - Seated (Max)"; Value = "0.022" (0.55mm)"; VariantName = "[No Variations]"
Add component (AddParameter): Name = "LastUpdated"; Value = "2/9/2024 8:43:37 PM"; VariantName = "[No Variations]"
Add component (AddParameter): Name = "Lifecycle Status"; Value = "Active"; VariantName = "[No Variations]"
Add component (AddParameter): Name = "Manufacturer"; Value = "TE Connectivity Passive Product"; VariantName = "[No Variations]"
Add component (AddParameter): Name = "Minimum Order"; Value = "1"; VariantName = "[No Variations]"
Add component (AddParameter): Name = "Number of Terminations"; Value = "2"; VariantName = "[No Variations]"
Add component (AddParameter): Name = "Operating Temperature"; Value = "-55°C ~ 155°C"; VariantName = "[No Variations]"
Add component (AddParameter): Name = "Package / Case"; Value = "0603 (1608 Metric)"; VariantName = "[No Variations]"
Add component (AddParameter): Name = "Packaging"; Value = "TapeAndReel"; VariantName = "[No Variations]"
Add component (AddParameter): Name = "PartId"; Value = "4877"; VariantName = "[No Variations]"
Add component (AddParameter): Name = "Part Number"; Value = "CPF0603B1K0E"; VariantName = "[No Variations]"
Add component (AddParameter): Name = "Part Status"; Value = "Active"; VariantName = "[No Variations]"
Add component (AddParameter): Name = "Power (Watts)"; Value = "0.063W, 1/16W"; VariantName = "[No Variations]"
Add component (AddParameter): Name = "Price"; Value = "0.09"; VariantName = "[No Variations]"
Add component (AddParameter): Name = "Resistance"; Value = "1 kOhms"; VariantName = "[No Variations]"
Add component (AddParameter): Name = "Series"; Value = "CPF, Neohm"; VariantName = "[No Variations]"
Add component (AddParameter): Name = "Size / Dimension"; Value = "0.061" L x 0.031" W (1.55mm x 0.80mm)"; VariantName = "[No Variations]"
Add component (AddParameter): Name = "Supplier 1"; Value = "DigiKey"; VariantName = "[No Variations]"
Add component (AddParameter): Name = "Supplier Device Package"; Value = "0603"; VariantName = "[No Variations]"
Add component (AddParameter): Name = "Supplier Part Number 1"; Value = "A119887CT-ND"; VariantName = "[No Variations]"
Add component (AddParameter): Name = "Temperature Coefficient"; Value = "±25ppm/°C"; VariantName = "[No Variations]"
Add component (AddParameter): Name = "Tolerance"; Value = "±0.1%"; VariantName = "[No Variations]"
Add component (AddParameter): Name = "Value"; Value = "1 kOhms"; VariantName = "[No Variations]"
Added Component: Designator=AIN_R2_U_OR_GATE3(RES 0603_1608)
Add component. Clean all parameters for all variants
Add component (AddParameter): Name = "ComponentLink1Description"; Value = "Datasheet"; VariantName = "[No Variations]"
Add component (AddParameter): Name = "ComponentLink1URL"; Value = "https://www.te.com/commerce/DocumentDelivery/DDEController?Action=srchrtrv&DocNm=1773200&DocType=DS&DocLang=English"; VariantName = "[No Variations]"
Add component (AddParameter): Name = "ComponentLink2Description"; Value = "DigiKey Link"; VariantName = "[No Variations]"
Add component (AddParameter): Name = "ComponentLink2URL"; Value = "https://www.digikey.com/en/products/detail/te-connectivity-passive-product/CPF0603B1K0E/2390473"; VariantName = "[No Variations]"
Add component (AddParameter): Name = "Composition"; Value = "Thin Film"; VariantName = "[No Variations]"
Add component (AddParameter): Name = "Device Package"; Value = "0603 (1608 Metric)"; VariantName = "[No Variations]"
Add component (AddParameter): Name = "Height - Seated (Max)"; Value = "0.022" (0.55mm)"; VariantName = "[No Variations]"
Add component (AddParameter): Name = "LastUpdated"; Value = "2/9/2024 8:43:37 PM"; VariantName = "[No Variations]"
Add component (AddParameter): Name = "Lifecycle Status"; Value = "Active"; VariantName = "[No Variations]"
Add component (AddParameter): Name = "Manufacturer"; Value = "TE Connectivity Passive Product"; VariantName = "[No Variations]"
Add component (AddParameter): Name = "Minimum Order"; Value = "1"; VariantName = "[No Variations]"
Add component (AddParameter): Name = "Number of Terminations"; Value = "2"; VariantName = "[No Variations]"
Add component (AddParameter): Name = "Operating Temperature"; Value = "-55°C ~ 155°C"; VariantName = "[No Variations]"
Add component (AddParameter): Name = "Package / Case"; Value = "0603 (1608 Metric)"; VariantName = "[No Variations]"
Add component (AddParameter): Name = "Packaging"; Value = "TapeAndReel"; VariantName = "[No Variations]"
Add component (AddParameter): Name = "PartId"; Value = "4877"; VariantName = "[No Variations]"
Add component (AddParameter): Name = "Part Number"; Value = "CPF0603B1K0E"; VariantName = "[No Variations]"
Add component (AddParameter): Name = "Part Status"; Value = "Active"; VariantName = "[No Variations]"
Add component (AddParameter): Name = "Power (Watts)"; Value = "0.063W, 1/16W"; VariantName = "[No Variations]"
Add component (AddParameter): Name = "Price"; Value = "0.09"; VariantName = "[No Variations]"
Add component (AddParameter): Name = "Resistance"; Value = "1 kOhms"; VariantName = "[No Variations]"
Add component (AddParameter): Name = "Series"; Value = "CPF, Neohm"; VariantName = "[No Variations]"
Add component (AddParameter): Name = "Size / Dimension"; Value = "0.061" L x 0.031" W (1.55mm x 0.80mm)"; VariantName = "[No Variations]"
Add component (AddParameter): Name = "Supplier 1"; Value = "DigiKey"; VariantName = "[No Variations]"
Add component (AddParameter): Name = "Supplier Device Package"; Value = "0603"; VariantName = "[No Variations]"
Add component (AddParameter): Name = "Supplier Part Number 1"; Value = "A119887CT-ND"; VariantName = "[No Variations]"
Add component (AddParameter): Name = "Temperature Coefficient"; Value = "±25ppm/°C"; VariantName = "[No Variations]"
Add component (AddParameter): Name = "Tolerance"; Value = "±0.1%"; VariantName = "[No Variations]"
Add component (AddParameter): Name = "Value"; Value = "1 kOhms"; VariantName = "[No Variations]"
Added Component: Designator=AIN_R2_U_OR_GATE4(RES 0603_1608)
Add component. Clean all parameters for all variants
Add component (AddParameter): Name = "ComponentLink1Description"; Value = "Datasheet"; VariantName = "[No Variations]"
Add component (AddParameter): Name = "ComponentLink1URL"; Value = "https://www.te.com/commerce/DocumentDelivery/DDEController?Action=srchrtrv&DocNm=1773200&DocType=DS&DocLang=English"; VariantName = "[No Variations]"
Add component (AddParameter): Name = "ComponentLink2Description"; Value = "DigiKey Link"; VariantName = "[No Variations]"
Add component (AddParameter): Name = "ComponentLink2URL"; Value = "https://www.digikey.com/en/products/detail/te-connectivity-passive-product/CPF0603B1K0E/2390473"; VariantName = "[No Variations]"
Add component (AddParameter): Name = "Composition"; Value = "Thin Film"; VariantName = "[No Variations]"
Add component (AddParameter): Name = "Device Package"; Value = "0603 (1608 Metric)"; VariantName = "[No Variations]"
Add component (AddParameter): Name = "Height - Seated (Max)"; Value = "0.022" (0.55mm)"; VariantName = "[No Variations]"
Add component (AddParameter): Name = "LastUpdated"; Value = "2/9/2024 8:43:37 PM"; VariantName = "[No Variations]"
Add component (AddParameter): Name = "Lifecycle Status"; Value = "Active"; VariantName = "[No Variations]"
Add component (AddParameter): Name = "Manufacturer"; Value = "TE Connectivity Passive Product"; VariantName = "[No Variations]"
Add component (AddParameter): Name = "Minimum Order"; Value = "1"; VariantName = "[No Variations]"
Add component (AddParameter): Name = "Number of Terminations"; Value = "2"; VariantName = "[No Variations]"
Add component (AddParameter): Name = "Operating Temperature"; Value = "-55°C ~ 155°C"; VariantName = "[No Variations]"
Add component (AddParameter): Name = "Package / Case"; Value = "0603 (1608 Metric)"; VariantName = "[No Variations]"
Add component (AddParameter): Name = "Packaging"; Value = "TapeAndReel"; VariantName = "[No Variations]"
Add component (AddParameter): Name = "PartId"; Value = "4877"; VariantName = "[No Variations]"
Add component (AddParameter): Name = "Part Number"; Value = "CPF0603B1K0E"; VariantName = "[No Variations]"
Add component (AddParameter): Name = "Part Status"; Value = "Active"; VariantName = "[No Variations]"
Add component (AddParameter): Name = "Power (Watts)"; Value = "0.063W, 1/16W"; VariantName = "[No Variations]"
Add component (AddParameter): Name = "Price"; Value = "0.09"; VariantName = "[No Variations]"
Add component (AddParameter): Name = "Resistance"; Value = "1 kOhms"; VariantName = "[No Variations]"
Add component (AddParameter): Name = "Series"; Value = "CPF, Neohm"; VariantName = "[No Variations]"
Add component (AddParameter): Name = "Size / Dimension"; Value = "0.061" L x 0.031" W (1.55mm x 0.80mm)"; VariantName = "[No Variations]"
Add component (AddParameter): Name = "Supplier 1"; Value = "DigiKey"; VariantName = "[No Variations]"
Add component (AddParameter): Name = "Supplier Device Package"; Value = "0603"; VariantName = "[No Variations]"
Add component (AddParameter): Name = "Supplier Part Number 1"; Value = "A119887CT-ND"; VariantName = "[No Variations]"
Add component (AddParameter): Name = "Temperature Coefficient"; Value = "±25ppm/°C"; VariantName = "[No Variations]"
Add component (AddParameter): Name = "Tolerance"; Value = "±0.1%"; VariantName = "[No Variations]"
Add component (AddParameter): Name = "Value"; Value = "1 kOhms"; VariantName = "[No Variations]"
Added Component: Designator=AIN_RD1_U_AND_GATE1(RES 0603_1608)
Add component. Clean all parameters for all variants
Add component (AddParameter): Name = "ComponentLink1Description"; Value = "Datasheet"; VariantName = "[No Variations]"
Add component (AddParameter): Name = "ComponentLink1URL"; Value = "https://www.seielect.com/catalog/sei-rmcf_rmcp.pdf"; VariantName = "[No Variations]"
Add component (AddParameter): Name = "ComponentLink2Description"; Value = "DigiKey Link"; VariantName = "[No Variations]"
Add component (AddParameter): Name = "ComponentLink2URL"; Value = "https://www.digikey.com/en/products/detail/stackpole-electronics-inc/RMCF0603JT330R/1757998"; VariantName = "[No Variations]"
Add component (AddParameter): Name = "Composition"; Value = "Thick Film"; VariantName = "[No Variations]"
Add component (AddParameter): Name = "Device Package"; Value = "0603 (1608 Metric)"; VariantName = "[No Variations]"
Add component (AddParameter): Name = "Features"; Value = "Automotive AEC-Q200"; VariantName = "[No Variations]"
Add component (AddParameter): Name = "Height - Seated (Max)"; Value = "0.022" (0.55mm)"; VariantName = "[No Variations]"
Add component (AddParameter): Name = "LastUpdated"; Value = "2/9/2024 8:43:33 PM"; VariantName = "[No Variations]"
Add component (AddParameter): Name = "Lifecycle Status"; Value = "Active"; VariantName = "[No Variations]"
Add component (AddParameter): Name = "Manufacturer"; Value = "Stackpole Electronics Inc"; VariantName = "[No Variations]"
Add component (AddParameter): Name = "Minimum Order"; Value = "1"; VariantName = "[No Variations]"
Add component (AddParameter): Name = "Number of Terminations"; Value = "2"; VariantName = "[No Variations]"
Add component (AddParameter): Name = "Operating Temperature"; Value = "-55°C ~ 155°C"; VariantName = "[No Variations]"
Add component (AddParameter): Name = "Package / Case"; Value = "0603 (1608 Metric)"; VariantName = "[No Variations]"
Add component (AddParameter): Name = "Packaging"; Value = "CutTape"; VariantName = "[No Variations]"
Add component (AddParameter): Name = "PartId"; Value = "5841"; VariantName = "[No Variations]"
Add component (AddParameter): Name = "Part Number"; Value = "RMCF0603JT330R"; VariantName = "[No Variations]"
Add component (AddParameter): Name = "Part Status"; Value = "Active"; VariantName = "[No Variations]"
Add component (AddParameter): Name = "Power (Watts)"; Value = "0.1W, 1/10W"; VariantName = "[No Variations]"
Add component (AddParameter): Name = "Price"; Value = "0.01"; VariantName = "[No Variations]"
Add component (AddParameter): Name = "Ratings"; Value = "AEC-Q200"; VariantName = "[No Variations]"
Add component (AddParameter): Name = "Resistance"; Value = "330 Ohms"; VariantName = "[No Variations]"
Add component (AddParameter): Name = "Series"; Value = "RMCF"; VariantName = "[No Variations]"
Add component (AddParameter): Name = "Size / Dimension"; Value = "0.061" L x 0.031" W (1.55mm x 0.80mm)"; VariantName = "[No Variations]"
Add component (AddParameter): Name = "Supplier 1"; Value = "DigiKey"; VariantName = "[No Variations]"
Add component (AddParameter): Name = "Supplier Device Package"; Value = "0603"; VariantName = "[No Variations]"
Add component (AddParameter): Name = "Supplier Part Number 1"; Value = "RMCF0603JT330RCT-ND"; VariantName = "[No Variations]"
Add component (AddParameter): Name = "Temperature Coefficient"; Value = "±200ppm/°C"; VariantName = "[No Variations]"
Add component (AddParameter): Name = "Tolerance"; Value = "±5%"; VariantName = "[No Variations]"
Add component (AddParameter): Name = "Value"; Value = "330 Ohms"; VariantName = "[No Variations]"
Added Component: Designator=AIN_RD1_U_AND_GATE2(RES 0603_1608)
Add component. Clean all parameters for all variants
Add component (AddParameter): Name = "ComponentLink1Description"; Value = "Datasheet"; VariantName = "[No Variations]"
Add component (AddParameter): Name = "ComponentLink1URL"; Value = "https://www.seielect.com/catalog/sei-rmcf_rmcp.pdf"; VariantName = "[No Variations]"
Add component (AddParameter): Name = "ComponentLink2Description"; Value = "DigiKey Link"; VariantName = "[No Variations]"
Add component (AddParameter): Name = "ComponentLink2URL"; Value = "https://www.digikey.com/en/products/detail/stackpole-electronics-inc/RMCF0603JT330R/1757998"; VariantName = "[No Variations]"
Add component (AddParameter): Name = "Composition"; Value = "Thick Film"; VariantName = "[No Variations]"
Add component (AddParameter): Name = "Device Package"; Value = "0603 (1608 Metric)"; VariantName = "[No Variations]"
Add component (AddParameter): Name = "Features"; Value = "Automotive AEC-Q200"; VariantName = "[No Variations]"
Add component (AddParameter): Name = "Height - Seated (Max)"; Value = "0.022" (0.55mm)"; VariantName = "[No Variations]"
Add component (AddParameter): Name = "LastUpdated"; Value = "2/9/2024 8:43:33 PM"; VariantName = "[No Variations]"
Add component (AddParameter): Name = "Lifecycle Status"; Value = "Active"; VariantName = "[No Variations]"
Add component (AddParameter): Name = "Manufacturer"; Value = "Stackpole Electronics Inc"; VariantName = "[No Variations]"
Add component (AddParameter): Name = "Minimum Order"; Value = "1"; VariantName = "[No Variations]"
Add component (AddParameter): Name = "Number of Terminations"; Value = "2"; VariantName = "[No Variations]"
Add component (AddParameter): Name = "Operating Temperature"; Value = "-55°C ~ 155°C"; VariantName = "[No Variations]"
Add component (AddParameter): Name = "Package / Case"; Value = "0603 (1608 Metric)"; VariantName = "[No Variations]"
Add component (AddParameter): Name = "Packaging"; Value = "CutTape"; VariantName = "[No Variations]"
Add component (AddParameter): Name = "PartId"; Value = "5841"; VariantName = "[No Variations]"
Add component (AddParameter): Name = "Part Number"; Value = "RMCF0603JT330R"; VariantName = "[No Variations]"
Add component (AddParameter): Name = "Part Status"; Value = "Active"; VariantName = "[No Variations]"
Add component (AddParameter): Name = "Power (Watts)"; Value = "0.1W, 1/10W"; VariantName = "[No Variations]"
Add component (AddParameter): Name = "Price"; Value = "0.01"; VariantName = "[No Variations]"
Add component (AddParameter): Name = "Ratings"; Value = "AEC-Q200"; VariantName = "[No Variations]"
Add component (AddParameter): Name = "Resistance"; Value = "330 Ohms"; VariantName = "[No Variations]"
Add component (AddParameter): Name = "Series"; Value = "RMCF"; VariantName = "[No Variations]"
Add component (AddParameter): Name = "Size / Dimension"; Value = "0.061" L x 0.031" W (1.55mm x 0.80mm)"; VariantName = "[No Variations]"
Add component (AddParameter): Name = "Supplier 1"; Value = "DigiKey"; VariantName = "[No Variations]"
Add component (AddParameter): Name = "Supplier Device Package"; Value = "0603"; VariantName = "[No Variations]"
Add component (AddParameter): Name = "Supplier Part Number 1"; Value = "RMCF0603JT330RCT-ND"; VariantName = "[No Variations]"
Add component (AddParameter): Name = "Temperature Coefficient"; Value = "±200ppm/°C"; VariantName = "[No Variations]"
Add component (AddParameter): Name = "Tolerance"; Value = "±5%"; VariantName = "[No Variations]"
Add component (AddParameter): Name = "Value"; Value = "330 Ohms"; VariantName = "[No Variations]"
Added Component: Designator=AIN_RD2_U_OR_GATE3(RES 0603_1608)
Add component. Clean all parameters for all variants
Add component (AddParameter): Name = "ComponentLink1Description"; Value = "Datasheet"; VariantName = "[No Variations]"
Add component (AddParameter): Name = "ComponentLink1URL"; Value = "https://www.seielect.com/catalog/sei-rmcf_rmcp.pdf"; VariantName = "[No Variations]"
Add component (AddParameter): Name = "ComponentLink2Description"; Value = "DigiKey Link"; VariantName = "[No Variations]"
Add component (AddParameter): Name = "ComponentLink2URL"; Value = "https://www.digikey.com/en/products/detail/stackpole-electronics-inc/RMCF0603JT330R/1757998"; VariantName = "[No Variations]"
Add component (AddParameter): Name = "Composition"; Value = "Thick Film"; VariantName = "[No Variations]"
Add component (AddParameter): Name = "Device Package"; Value = "0603 (1608 Metric)"; VariantName = "[No Variations]"
Add component (AddParameter): Name = "Features"; Value = "Automotive AEC-Q200"; VariantName = "[No Variations]"
Add component (AddParameter): Name = "Height - Seated (Max)"; Value = "0.022" (0.55mm)"; VariantName = "[No Variations]"
Add component (AddParameter): Name = "LastUpdated"; Value = "2/9/2024 8:43:33 PM"; VariantName = "[No Variations]"
Add component (AddParameter): Name = "Lifecycle Status"; Value = "Active"; VariantName = "[No Variations]"
Add component (AddParameter): Name = "Manufacturer"; Value = "Stackpole Electronics Inc"; VariantName = "[No Variations]"
Add component (AddParameter): Name = "Minimum Order"; Value = "1"; VariantName = "[No Variations]"
Add component (AddParameter): Name = "Number of Terminations"; Value = "2"; VariantName = "[No Variations]"
Add component (AddParameter): Name = "Operating Temperature"; Value = "-55°C ~ 155°C"; VariantName = "[No Variations]"
Add component (AddParameter): Name = "Package / Case"; Value = "0603 (1608 Metric)"; VariantName = "[No Variations]"
Add component (AddParameter): Name = "Packaging"; Value = "CutTape"; VariantName = "[No Variations]"
Add component (AddParameter): Name = "PartId"; Value = "5841"; VariantName = "[No Variations]"
Add component (AddParameter): Name = "Part Number"; Value = "RMCF0603JT330R"; VariantName = "[No Variations]"
Add component (AddParameter): Name = "Part Status"; Value = "Active"; VariantName = "[No Variations]"
Add component (AddParameter): Name = "Power (Watts)"; Value = "0.1W, 1/10W"; VariantName = "[No Variations]"
Add component (AddParameter): Name = "Price"; Value = "0.01"; VariantName = "[No Variations]"
Add component (AddParameter): Name = "Ratings"; Value = "AEC-Q200"; VariantName = "[No Variations]"
Add component (AddParameter): Name = "Resistance"; Value = "330 Ohms"; VariantName = "[No Variations]"
Add component (AddParameter): Name = "Series"; Value = "RMCF"; VariantName = "[No Variations]"
Add component (AddParameter): Name = "Size / Dimension"; Value = "0.061" L x 0.031" W (1.55mm x 0.80mm)"; VariantName = "[No Variations]"
Add component (AddParameter): Name = "Supplier 1"; Value = "DigiKey"; VariantName = "[No Variations]"
Add component (AddParameter): Name = "Supplier Device Package"; Value = "0603"; VariantName = "[No Variations]"
Add component (AddParameter): Name = "Supplier Part Number 1"; Value = "RMCF0603JT330RCT-ND"; VariantName = "[No Variations]"
Add component (AddParameter): Name = "Temperature Coefficient"; Value = "±200ppm/°C"; VariantName = "[No Variations]"
Add component (AddParameter): Name = "Tolerance"; Value = "±5%"; VariantName = "[No Variations]"
Add component (AddParameter): Name = "Value"; Value = "330 Ohms"; VariantName = "[No Variations]"
Added Component: Designator=AIN_RD2_U_OR_GATE4(RES 0603_1608)
Add component. Clean all parameters for all variants
Add component (AddParameter): Name = "ComponentLink1Description"; Value = "Datasheet"; VariantName = "[No Variations]"
Add component (AddParameter): Name = "ComponentLink1URL"; Value = "https://www.seielect.com/catalog/sei-rmcf_rmcp.pdf"; VariantName = "[No Variations]"
Add component (AddParameter): Name = "ComponentLink2Description"; Value = "DigiKey Link"; VariantName = "[No Variations]"
Add component (AddParameter): Name = "ComponentLink2URL"; Value = "https://www.digikey.com/en/products/detail/stackpole-electronics-inc/RMCF0603JT330R/1757998"; VariantName = "[No Variations]"
Add component (AddParameter): Name = "Composition"; Value = "Thick Film"; VariantName = "[No Variations]"
Add component (AddParameter): Name = "Device Package"; Value = "0603 (1608 Metric)"; VariantName = "[No Variations]"
Add component (AddParameter): Name = "Features"; Value = "Automotive AEC-Q200"; VariantName = "[No Variations]"
Add component (AddParameter): Name = "Height - Seated (Max)"; Value = "0.022" (0.55mm)"; VariantName = "[No Variations]"
Add component (AddParameter): Name = "LastUpdated"; Value = "2/9/2024 8:43:33 PM"; VariantName = "[No Variations]"
Add component (AddParameter): Name = "Lifecycle Status"; Value = "Active"; VariantName = "[No Variations]"
Add component (AddParameter): Name = "Manufacturer"; Value = "Stackpole Electronics Inc"; VariantName = "[No Variations]"
Add component (AddParameter): Name = "Minimum Order"; Value = "1"; VariantName = "[No Variations]"
Add component (AddParameter): Name = "Number of Terminations"; Value = "2"; VariantName = "[No Variations]"
Add component (AddParameter): Name = "Operating Temperature"; Value = "-55°C ~ 155°C"; VariantName = "[No Variations]"
Add component (AddParameter): Name = "Package / Case"; Value = "0603 (1608 Metric)"; VariantName = "[No Variations]"
Add component (AddParameter): Name = "Packaging"; Value = "CutTape"; VariantName = "[No Variations]"
Add component (AddParameter): Name = "PartId"; Value = "5841"; VariantName = "[No Variations]"
Add component (AddParameter): Name = "Part Number"; Value = "RMCF0603JT330R"; VariantName = "[No Variations]"
Add component (AddParameter): Name = "Part Status"; Value = "Active"; VariantName = "[No Variations]"
Add component (AddParameter): Name = "Power (Watts)"; Value = "0.1W, 1/10W"; VariantName = "[No Variations]"
Add component (AddParameter): Name = "Price"; Value = "0.01"; VariantName = "[No Variations]"
Add component (AddParameter): Name = "Ratings"; Value = "AEC-Q200"; VariantName = "[No Variations]"
Add component (AddParameter): Name = "Resistance"; Value = "330 Ohms"; VariantName = "[No Variations]"
Add component (AddParameter): Name = "Series"; Value = "RMCF"; VariantName = "[No Variations]"
Add component (AddParameter): Name = "Size / Dimension"; Value = "0.061" L x 0.031" W (1.55mm x 0.80mm)"; VariantName = "[No Variations]"
Add component (AddParameter): Name = "Supplier 1"; Value = "DigiKey"; VariantName = "[No Variations]"
Add component (AddParameter): Name = "Supplier Device Package"; Value = "0603"; VariantName = "[No Variations]"
Add component (AddParameter): Name = "Supplier Part Number 1"; Value = "RMCF0603JT330RCT-ND"; VariantName = "[No Variations]"
Add component (AddParameter): Name = "Temperature Coefficient"; Value = "±200ppm/°C"; VariantName = "[No Variations]"
Add component (AddParameter): Name = "Tolerance"; Value = "±5%"; VariantName = "[No Variations]"
Add component (AddParameter): Name = "Value"; Value = "330 Ohms"; VariantName = "[No Variations]"
Added Component: Designator=BIN_D1_U_AND_GATE1(LED 0603_1608 BLUE)
Add component. Clean all parameters for all variants
Add component (AddParameter): Name = "Color"; Value = "Blue"; VariantName = "[No Variations]"
Add component (AddParameter): Name = "ComponentLink1Description"; Value = "Datasheet"; VariantName = "[No Variations]"
Add component (AddParameter): Name = "ComponentLink1URL"; Value = "http://www.inolux-corp.com/datasheet/SMDLED/Mono%20Color%20Top%20View/IN-S63AT%20Series_V1.1.pdf"; VariantName = "[No Variations]"
Add component (AddParameter): Name = "ComponentLink2Description"; Value = "DigiKey Link"; VariantName = "[No Variations]"
Add component (AddParameter): Name = "ComponentLink2URL"; Value = "https://www.digikey.com/en/products/detail/inolux/IN-S63AT5B/7604929"; VariantName = "[No Variations]"
Add component (AddParameter): Name = "Configuration"; Value = "Standard"; VariantName = "[No Variations]"
Add component (AddParameter): Name = "Current - Test"; Value = "5mA"; VariantName = "[No Variations]"
Add component (AddParameter): Name = "Device Package"; Value = "0603 (1608 Metric)"; VariantName = "[No Variations]"
Add component (AddParameter): Name = "Height (Max)"; Value = "0.40mm"; VariantName = "[No Variations]"
Add component (AddParameter): Name = "LastUpdated"; Value = "6/3/2024 7:57:52 PM"; VariantName = "[No Variations]"
Add component (AddParameter): Name = "Lens Color"; Value = "Clear"; VariantName = "[No Variations]"
Add component (AddParameter): Name = "Lens Size"; Value = "1.15mm x 0.80mm"; VariantName = "[No Variations]"
Add component (AddParameter): Name = "Lens Style"; Value = "Rectangle with Flat Top"; VariantName = "[No Variations]"
Add component (AddParameter): Name = "Lens Transparency"; Value = "Clear"; VariantName = "[No Variations]"
Add component (AddParameter): Name = "Lifecycle Status"; Value = "Active"; VariantName = "[No Variations]"
Add component (AddParameter): Name = "Manufacturer"; Value = "Inolux"; VariantName = "[No Variations]"
Add component (AddParameter): Name = "Millicandela Rating"; Value = "45mcd"; VariantName = "[No Variations]"
Add component (AddParameter): Name = "Minimum Order"; Value = "1"; VariantName = "[No Variations]"
Add component (AddParameter): Name = "Mounting Type"; Value = "Surface Mount"; VariantName = "[No Variations]"
Add component (AddParameter): Name = "Package / Case"; Value = "0603 (1608 Metric)"; VariantName = "[No Variations]"
Add component (AddParameter): Name = "Packaging"; Value = "TapeAndReel"; VariantName = "[No Variations]"
Add component (AddParameter): Name = "PartId"; Value = "834"; VariantName = "[No Variations]"
Add component (AddParameter): Name = "Part Number"; Value = "IN-S63AT5B"; VariantName = "[No Variations]"
Add component (AddParameter): Name = "Part Status"; Value = "Active"; VariantName = "[No Variations]"
Add component (AddParameter): Name = "Price"; Value = "0.03"; VariantName = "[No Variations]"
Add component (AddParameter): Name = "Series"; Value = "IN-S63AT"; VariantName = "[No Variations]"
Add component (AddParameter): Name = "Size / Dimension"; Value = "1.60mm L x 0.80mm W"; VariantName = "[No Variations]"
Add component (AddParameter): Name = "Supplier 1"; Value = "DigiKey"; VariantName = "[No Variations]"
Add component (AddParameter): Name = "Supplier Device Package"; Value = "0603"; VariantName = "[No Variations]"
Add component (AddParameter): Name = "Supplier Part Number 1"; Value = "1830-1061-1-ND"; VariantName = "[No Variations]"
Add component (AddParameter): Name = "Value"; Value = "Blue"; VariantName = "[No Variations]"
Add component (AddParameter): Name = "Viewing Angle"; Value = "120°"; VariantName = "[No Variations]"
Add component (AddParameter): Name = "Voltage - Forward (Vf) (Typ)"; Value = "2.8V"; VariantName = "[No Variations]"
Add component (AddParameter): Name = "Wavelength - Dominant"; Value = "470nm"; VariantName = "[No Variations]"
Add component (AddParameter): Name = "Wavelength - Peak"; Value = "468nm"; VariantName = "[No Variations]"
Added Component: Designator=BIN_D1_U_AND_GATE2(LED 0603_1608 BLUE)
Add component. Clean all parameters for all variants
Add component (AddParameter): Name = "Color"; Value = "Blue"; VariantName = "[No Variations]"
Add component (AddParameter): Name = "ComponentLink1Description"; Value = "Datasheet"; VariantName = "[No Variations]"
Add component (AddParameter): Name = "ComponentLink1URL"; Value = "http://www.inolux-corp.com/datasheet/SMDLED/Mono%20Color%20Top%20View/IN-S63AT%20Series_V1.1.pdf"; VariantName = "[No Variations]"
Add component (AddParameter): Name = "ComponentLink2Description"; Value = "DigiKey Link"; VariantName = "[No Variations]"
Add component (AddParameter): Name = "ComponentLink2URL"; Value = "https://www.digikey.com/en/products/detail/inolux/IN-S63AT5B/7604929"; VariantName = "[No Variations]"
Add component (AddParameter): Name = "Configuration"; Value = "Standard"; VariantName = "[No Variations]"
Add component (AddParameter): Name = "Current - Test"; Value = "5mA"; VariantName = "[No Variations]"
Add component (AddParameter): Name = "Device Package"; Value = "0603 (1608 Metric)"; VariantName = "[No Variations]"
Add component (AddParameter): Name = "Height (Max)"; Value = "0.40mm"; VariantName = "[No Variations]"
Add component (AddParameter): Name = "LastUpdated"; Value = "6/3/2024 7:57:52 PM"; VariantName = "[No Variations]"
Add component (AddParameter): Name = "Lens Color"; Value = "Clear"; VariantName = "[No Variations]"
Add component (AddParameter): Name = "Lens Size"; Value = "1.15mm x 0.80mm"; VariantName = "[No Variations]"
Add component (AddParameter): Name = "Lens Style"; Value = "Rectangle with Flat Top"; VariantName = "[No Variations]"
Add component (AddParameter): Name = "Lens Transparency"; Value = "Clear"; VariantName = "[No Variations]"
Add component (AddParameter): Name = "Lifecycle Status"; Value = "Active"; VariantName = "[No Variations]"
Add component (AddParameter): Name = "Manufacturer"; Value = "Inolux"; VariantName = "[No Variations]"
Add component (AddParameter): Name = "Millicandela Rating"; Value = "45mcd"; VariantName = "[No Variations]"
Add component (AddParameter): Name = "Minimum Order"; Value = "1"; VariantName = "[No Variations]"
Add component (AddParameter): Name = "Mounting Type"; Value = "Surface Mount"; VariantName = "[No Variations]"
Add component (AddParameter): Name = "Package / Case"; Value = "0603 (1608 Metric)"; VariantName = "[No Variations]"
Add component (AddParameter): Name = "Packaging"; Value = "TapeAndReel"; VariantName = "[No Variations]"
Add component (AddParameter): Name = "PartId"; Value = "834"; VariantName = "[No Variations]"
Add component (AddParameter): Name = "Part Number"; Value = "IN-S63AT5B"; VariantName = "[No Variations]"
Add component (AddParameter): Name = "Part Status"; Value = "Active"; VariantName = "[No Variations]"
Add component (AddParameter): Name = "Price"; Value = "0.03"; VariantName = "[No Variations]"
Add component (AddParameter): Name = "Series"; Value = "IN-S63AT"; VariantName = "[No Variations]"
Add component (AddParameter): Name = "Size / Dimension"; Value = "1.60mm L x 0.80mm W"; VariantName = "[No Variations]"
Add component (AddParameter): Name = "Supplier 1"; Value = "DigiKey"; VariantName = "[No Variations]"
Add component (AddParameter): Name = "Supplier Device Package"; Value = "0603"; VariantName = "[No Variations]"
Add component (AddParameter): Name = "Supplier Part Number 1"; Value = "1830-1061-1-ND"; VariantName = "[No Variations]"
Add component (AddParameter): Name = "Value"; Value = "Blue"; VariantName = "[No Variations]"
Add component (AddParameter): Name = "Viewing Angle"; Value = "120°"; VariantName = "[No Variations]"
Add component (AddParameter): Name = "Voltage - Forward (Vf) (Typ)"; Value = "2.8V"; VariantName = "[No Variations]"
Add component (AddParameter): Name = "Wavelength - Dominant"; Value = "470nm"; VariantName = "[No Variations]"
Add component (AddParameter): Name = "Wavelength - Peak"; Value = "468nm"; VariantName = "[No Variations]"
Added Component: Designator=BIN_D2_U_OR_GATE3(LED 0603_1608 BLUE)
Add component. Clean all parameters for all variants
Add component (AddParameter): Name = "Color"; Value = "Blue"; VariantName = "[No Variations]"
Add component (AddParameter): Name = "ComponentLink1Description"; Value = "Datasheet"; VariantName = "[No Variations]"
Add component (AddParameter): Name = "ComponentLink1URL"; Value = "http://www.inolux-corp.com/datasheet/SMDLED/Mono%20Color%20Top%20View/IN-S63AT%20Series_V1.1.pdf"; VariantName = "[No Variations]"
Add component (AddParameter): Name = "ComponentLink2Description"; Value = "DigiKey Link"; VariantName = "[No Variations]"
Add component (AddParameter): Name = "ComponentLink2URL"; Value = "https://www.digikey.com/en/products/detail/inolux/IN-S63AT5B/7604929"; VariantName = "[No Variations]"
Add component (AddParameter): Name = "Configuration"; Value = "Standard"; VariantName = "[No Variations]"
Add component (AddParameter): Name = "Current - Test"; Value = "5mA"; VariantName = "[No Variations]"
Add component (AddParameter): Name = "Device Package"; Value = "0603 (1608 Metric)"; VariantName = "[No Variations]"
Add component (AddParameter): Name = "Height (Max)"; Value = "0.40mm"; VariantName = "[No Variations]"
Add component (AddParameter): Name = "LastUpdated"; Value = "6/3/2024 7:57:52 PM"; VariantName = "[No Variations]"
Add component (AddParameter): Name = "Lens Color"; Value = "Clear"; VariantName = "[No Variations]"
Add component (AddParameter): Name = "Lens Size"; Value = "1.15mm x 0.80mm"; VariantName = "[No Variations]"
Add component (AddParameter): Name = "Lens Style"; Value = "Rectangle with Flat Top"; VariantName = "[No Variations]"
Add component (AddParameter): Name = "Lens Transparency"; Value = "Clear"; VariantName = "[No Variations]"
Add component (AddParameter): Name = "Lifecycle Status"; Value = "Active"; VariantName = "[No Variations]"
Add component (AddParameter): Name = "Manufacturer"; Value = "Inolux"; VariantName = "[No Variations]"
Add component (AddParameter): Name = "Millicandela Rating"; Value = "45mcd"; VariantName = "[No Variations]"
Add component (AddParameter): Name = "Minimum Order"; Value = "1"; VariantName = "[No Variations]"
Add component (AddParameter): Name = "Mounting Type"; Value = "Surface Mount"; VariantName = "[No Variations]"
Add component (AddParameter): Name = "Package / Case"; Value = "0603 (1608 Metric)"; VariantName = "[No Variations]"
Add component (AddParameter): Name = "Packaging"; Value = "TapeAndReel"; VariantName = "[No Variations]"
Add component (AddParameter): Name = "PartId"; Value = "834"; VariantName = "[No Variations]"
Add component (AddParameter): Name = "Part Number"; Value = "IN-S63AT5B"; VariantName = "[No Variations]"
Add component (AddParameter): Name = "Part Status"; Value = "Active"; VariantName = "[No Variations]"
Add component (AddParameter): Name = "Price"; Value = "0.03"; VariantName = "[No Variations]"
Add component (AddParameter): Name = "Series"; Value = "IN-S63AT"; VariantName = "[No Variations]"
Add component (AddParameter): Name = "Size / Dimension"; Value = "1.60mm L x 0.80mm W"; VariantName = "[No Variations]"
Add component (AddParameter): Name = "Supplier 1"; Value = "DigiKey"; VariantName = "[No Variations]"
Add component (AddParameter): Name = "Supplier Device Package"; Value = "0603"; VariantName = "[No Variations]"
Add component (AddParameter): Name = "Supplier Part Number 1"; Value = "1830-1061-1-ND"; VariantName = "[No Variations]"
Add component (AddParameter): Name = "Value"; Value = "Blue"; VariantName = "[No Variations]"
Add component (AddParameter): Name = "Viewing Angle"; Value = "120°"; VariantName = "[No Variations]"
Add component (AddParameter): Name = "Voltage - Forward (Vf) (Typ)"; Value = "2.8V"; VariantName = "[No Variations]"
Add component (AddParameter): Name = "Wavelength - Dominant"; Value = "470nm"; VariantName = "[No Variations]"
Add component (AddParameter): Name = "Wavelength - Peak"; Value = "468nm"; VariantName = "[No Variations]"
Added Component: Designator=BIN_D2_U_OR_GATE4(LED 0603_1608 BLUE)
Add component. Clean all parameters for all variants
Add component (AddParameter): Name = "Color"; Value = "Blue"; VariantName = "[No Variations]"
Add component (AddParameter): Name = "ComponentLink1Description"; Value = "Datasheet"; VariantName = "[No Variations]"
Add component (AddParameter): Name = "ComponentLink1URL"; Value = "http://www.inolux-corp.com/datasheet/SMDLED/Mono%20Color%20Top%20View/IN-S63AT%20Series_V1.1.pdf"; VariantName = "[No Variations]"
Add component (AddParameter): Name = "ComponentLink2Description"; Value = "DigiKey Link"; VariantName = "[No Variations]"
Add component (AddParameter): Name = "ComponentLink2URL"; Value = "https://www.digikey.com/en/products/detail/inolux/IN-S63AT5B/7604929"; VariantName = "[No Variations]"
Add component (AddParameter): Name = "Configuration"; Value = "Standard"; VariantName = "[No Variations]"
Add component (AddParameter): Name = "Current - Test"; Value = "5mA"; VariantName = "[No Variations]"
Add component (AddParameter): Name = "Device Package"; Value = "0603 (1608 Metric)"; VariantName = "[No Variations]"
Add component (AddParameter): Name = "Height (Max)"; Value = "0.40mm"; VariantName = "[No Variations]"
Add component (AddParameter): Name = "LastUpdated"; Value = "6/3/2024 7:57:52 PM"; VariantName = "[No Variations]"
Add component (AddParameter): Name = "Lens Color"; Value = "Clear"; VariantName = "[No Variations]"
Add component (AddParameter): Name = "Lens Size"; Value = "1.15mm x 0.80mm"; VariantName = "[No Variations]"
Add component (AddParameter): Name = "Lens Style"; Value = "Rectangle with Flat Top"; VariantName = "[No Variations]"
Add component (AddParameter): Name = "Lens Transparency"; Value = "Clear"; VariantName = "[No Variations]"
Add component (AddParameter): Name = "Lifecycle Status"; Value = "Active"; VariantName = "[No Variations]"
Add component (AddParameter): Name = "Manufacturer"; Value = "Inolux"; VariantName = "[No Variations]"
Add component (AddParameter): Name = "Millicandela Rating"; Value = "45mcd"; VariantName = "[No Variations]"
Add component (AddParameter): Name = "Minimum Order"; Value = "1"; VariantName = "[No Variations]"
Add component (AddParameter): Name = "Mounting Type"; Value = "Surface Mount"; VariantName = "[No Variations]"
Add component (AddParameter): Name = "Package / Case"; Value = "0603 (1608 Metric)"; VariantName = "[No Variations]"
Add component (AddParameter): Name = "Packaging"; Value = "TapeAndReel"; VariantName = "[No Variations]"
Add component (AddParameter): Name = "PartId"; Value = "834"; VariantName = "[No Variations]"
Add component (AddParameter): Name = "Part Number"; Value = "IN-S63AT5B"; VariantName = "[No Variations]"
Add component (AddParameter): Name = "Part Status"; Value = "Active"; VariantName = "[No Variations]"
Add component (AddParameter): Name = "Price"; Value = "0.03"; VariantName = "[No Variations]"
Add component (AddParameter): Name = "Series"; Value = "IN-S63AT"; VariantName = "[No Variations]"
Add component (AddParameter): Name = "Size / Dimension"; Value = "1.60mm L x 0.80mm W"; VariantName = "[No Variations]"
Add component (AddParameter): Name = "Supplier 1"; Value = "DigiKey"; VariantName = "[No Variations]"
Add component (AddParameter): Name = "Supplier Device Package"; Value = "0603"; VariantName = "[No Variations]"
Add component (AddParameter): Name = "Supplier Part Number 1"; Value = "1830-1061-1-ND"; VariantName = "[No Variations]"
Add component (AddParameter): Name = "Value"; Value = "Blue"; VariantName = "[No Variations]"
Add component (AddParameter): Name = "Viewing Angle"; Value = "120°"; VariantName = "[No Variations]"
Add component (AddParameter): Name = "Voltage - Forward (Vf) (Typ)"; Value = "2.8V"; VariantName = "[No Variations]"
Add component (AddParameter): Name = "Wavelength - Dominant"; Value = "470nm"; VariantName = "[No Variations]"
Add component (AddParameter): Name = "Wavelength - Peak"; Value = "468nm"; VariantName = "[No Variations]"
Added Component: Designator=BIN_Q1_U_AND_GATE1(MCCSEMI SOT-23-3)
Add component. Clean all parameters for all variants
Add component (AddParameter): Name = "ComponentLink1Description"; Value = "Datasheet"; VariantName = "[No Variations]"
Add component (AddParameter): Name = "ComponentLink1URL"; Value = "https://www.mccsemi.com/pdf/Products/MMSS8050(SOT-23).pdf"; VariantName = "[No Variations]"
Add component (AddParameter): Name = "ComponentLink2Description"; Value = "DigiKey Link"; VariantName = "[No Variations]"
Add component (AddParameter): Name = "ComponentLink2URL"; Value = "https://www.digikey.com/en/products/detail/micro-commercial-co/MMSS8050-L-TP/2827197"; VariantName = "[No Variations]"
Add component (AddParameter): Name = "Current - Collector (Ic) (Max)"; Value = "1.5 A"; VariantName = "[No Variations]"
Add component (AddParameter): Name = "Current - Collector Cutoff (Max)"; Value = "100nA"; VariantName = "[No Variations]"
Add component (AddParameter): Name = "DC Current Gain (hFE) (Min) @ Ic, Vce"; Value = "120 @ 100mA, 1V"; VariantName = "[No Variations]"
Add component (AddParameter): Name = "Frequency - Transition"; Value = "100MHz"; VariantName = "[No Variations]"
Add component (AddParameter): Name = "LastUpdated"; Value = "6/3/2024 8:24:16 PM"; VariantName = "[No Variations]"
Add component (AddParameter): Name = "Lifecycle Status"; Value = "Active"; VariantName = "[No Variations]"
Add component (AddParameter): Name = "Manufacturer"; Value = "Micro Commercial Co"; VariantName = "[No Variations]"
Add component (AddParameter): Name = "Minimum Order"; Value = "1"; VariantName = "[No Variations]"
Add component (AddParameter): Name = "Mounting Type"; Value = "Surface Mount"; VariantName = "[No Variations]"
Add component (AddParameter): Name = "Operating Temperature"; Value = "-55°C ~ 150°C (TJ)"; VariantName = "[No Variations]"
Add component (AddParameter): Name = "Package / Case"; Value = "TO-236-3, SC-59, SOT-23-3"; VariantName = "[No Variations]"
Add component (AddParameter): Name = "Packaging"; Value = "TapeAndReel"; VariantName = "[No Variations]"
Add component (AddParameter): Name = "PartId"; Value = "278"; VariantName = "[No Variations]"
Add component (AddParameter): Name = "Part Number"; Value = "MMSS8050-L-TP"; VariantName = "[No Variations]"
Add component (AddParameter): Name = "Part Status"; Value = "Active"; VariantName = "[No Variations]"
Add component (AddParameter): Name = "Power - Max"; Value = "625 mW"; VariantName = "[No Variations]"
Add component (AddParameter): Name = "Price"; Value = "0.01"; VariantName = "[No Variations]"
Add component (AddParameter): Name = "Series"; Value = "-"; VariantName = "[No Variations]"
Add component (AddParameter): Name = "Supplier 1"; Value = "DigiKey"; VariantName = "[No Variations]"
Add component (AddParameter): Name = "Supplier Device Package"; Value = "SOT-23"; VariantName = "[No Variations]"
Add component (AddParameter): Name = "Supplier Part Number 1"; Value = "MMSS8050-L-TPMSCT-ND"; VariantName = "[No Variations]"
Add component (AddParameter): Name = "Transistor Type"; Value = "NPN"; VariantName = "[No Variations]"
Add component (AddParameter): Name = "Vce Saturation (Max) @ Ib, Ic"; Value = "500mV @ 80mA, 800mA"; VariantName = "[No Variations]"
Add component (AddParameter): Name = "Voltage - Collector Emitter Breakdown (Max)"; Value = "25 V"; VariantName = "[No Variations]"
Added Component: Designator=BIN_Q1_U_AND_GATE2(MCCSEMI SOT-23-3)
Add component. Clean all parameters for all variants
Add component (AddParameter): Name = "ComponentLink1Description"; Value = "Datasheet"; VariantName = "[No Variations]"
Add component (AddParameter): Name = "ComponentLink1URL"; Value = "https://www.mccsemi.com/pdf/Products/MMSS8050(SOT-23).pdf"; VariantName = "[No Variations]"
Add component (AddParameter): Name = "ComponentLink2Description"; Value = "DigiKey Link"; VariantName = "[No Variations]"
Add component (AddParameter): Name = "ComponentLink2URL"; Value = "https://www.digikey.com/en/products/detail/micro-commercial-co/MMSS8050-L-TP/2827197"; VariantName = "[No Variations]"
Add component (AddParameter): Name = "Current - Collector (Ic) (Max)"; Value = "1.5 A"; VariantName = "[No Variations]"
Add component (AddParameter): Name = "Current - Collector Cutoff (Max)"; Value = "100nA"; VariantName = "[No Variations]"
Add component (AddParameter): Name = "DC Current Gain (hFE) (Min) @ Ic, Vce"; Value = "120 @ 100mA, 1V"; VariantName = "[No Variations]"
Add component (AddParameter): Name = "Frequency - Transition"; Value = "100MHz"; VariantName = "[No Variations]"
Add component (AddParameter): Name = "LastUpdated"; Value = "6/3/2024 8:24:16 PM"; VariantName = "[No Variations]"
Add component (AddParameter): Name = "Lifecycle Status"; Value = "Active"; VariantName = "[No Variations]"
Add component (AddParameter): Name = "Manufacturer"; Value = "Micro Commercial Co"; VariantName = "[No Variations]"
Add component (AddParameter): Name = "Minimum Order"; Value = "1"; VariantName = "[No Variations]"
Add component (AddParameter): Name = "Mounting Type"; Value = "Surface Mount"; VariantName = "[No Variations]"
Add component (AddParameter): Name = "Operating Temperature"; Value = "-55°C ~ 150°C (TJ)"; VariantName = "[No Variations]"
Add component (AddParameter): Name = "Package / Case"; Value = "TO-236-3, SC-59, SOT-23-3"; VariantName = "[No Variations]"
Add component (AddParameter): Name = "Packaging"; Value = "TapeAndReel"; VariantName = "[No Variations]"
Add component (AddParameter): Name = "PartId"; Value = "278"; VariantName = "[No Variations]"
Add component (AddParameter): Name = "Part Number"; Value = "MMSS8050-L-TP"; VariantName = "[No Variations]"
Add component (AddParameter): Name = "Part Status"; Value = "Active"; VariantName = "[No Variations]"
Add component (AddParameter): Name = "Power - Max"; Value = "625 mW"; VariantName = "[No Variations]"
Add component (AddParameter): Name = "Price"; Value = "0.01"; VariantName = "[No Variations]"
Add component (AddParameter): Name = "Series"; Value = "-"; VariantName = "[No Variations]"
Add component (AddParameter): Name = "Supplier 1"; Value = "DigiKey"; VariantName = "[No Variations]"
Add component (AddParameter): Name = "Supplier Device Package"; Value = "SOT-23"; VariantName = "[No Variations]"
Add component (AddParameter): Name = "Supplier Part Number 1"; Value = "MMSS8050-L-TPMSCT-ND"; VariantName = "[No Variations]"
Add component (AddParameter): Name = "Transistor Type"; Value = "NPN"; VariantName = "[No Variations]"
Add component (AddParameter): Name = "Vce Saturation (Max) @ Ib, Ic"; Value = "500mV @ 80mA, 800mA"; VariantName = "[No Variations]"
Add component (AddParameter): Name = "Voltage - Collector Emitter Breakdown (Max)"; Value = "25 V"; VariantName = "[No Variations]"
Added Component: Designator=BIN_Q2_U_OR_GATE3(MCCSEMI SOT-23-3)
Add component. Clean all parameters for all variants
Add component (AddParameter): Name = "ComponentLink1Description"; Value = "Datasheet"; VariantName = "[No Variations]"
Add component (AddParameter): Name = "ComponentLink1URL"; Value = "https://www.mccsemi.com/pdf/Products/MMSS8050(SOT-23).pdf"; VariantName = "[No Variations]"
Add component (AddParameter): Name = "ComponentLink2Description"; Value = "DigiKey Link"; VariantName = "[No Variations]"
Add component (AddParameter): Name = "ComponentLink2URL"; Value = "https://www.digikey.com/en/products/detail/micro-commercial-co/MMSS8050-L-TP/2827197"; VariantName = "[No Variations]"
Add component (AddParameter): Name = "Current - Collector (Ic) (Max)"; Value = "1.5 A"; VariantName = "[No Variations]"
Add component (AddParameter): Name = "Current - Collector Cutoff (Max)"; Value = "100nA"; VariantName = "[No Variations]"
Add component (AddParameter): Name = "DC Current Gain (hFE) (Min) @ Ic, Vce"; Value = "120 @ 100mA, 1V"; VariantName = "[No Variations]"
Add component (AddParameter): Name = "Frequency - Transition"; Value = "100MHz"; VariantName = "[No Variations]"
Add component (AddParameter): Name = "LastUpdated"; Value = "6/3/2024 8:24:16 PM"; VariantName = "[No Variations]"
Add component (AddParameter): Name = "Lifecycle Status"; Value = "Active"; VariantName = "[No Variations]"
Add component (AddParameter): Name = "Manufacturer"; Value = "Micro Commercial Co"; VariantName = "[No Variations]"
Add component (AddParameter): Name = "Minimum Order"; Value = "1"; VariantName = "[No Variations]"
Add component (AddParameter): Name = "Mounting Type"; Value = "Surface Mount"; VariantName = "[No Variations]"
Add component (AddParameter): Name = "Operating Temperature"; Value = "-55°C ~ 150°C (TJ)"; VariantName = "[No Variations]"
Add component (AddParameter): Name = "Package / Case"; Value = "TO-236-3, SC-59, SOT-23-3"; VariantName = "[No Variations]"
Add component (AddParameter): Name = "Packaging"; Value = "TapeAndReel"; VariantName = "[No Variations]"
Add component (AddParameter): Name = "PartId"; Value = "278"; VariantName = "[No Variations]"
Add component (AddParameter): Name = "Part Number"; Value = "MMSS8050-L-TP"; VariantName = "[No Variations]"
Add component (AddParameter): Name = "Part Status"; Value = "Active"; VariantName = "[No Variations]"
Add component (AddParameter): Name = "Power - Max"; Value = "625 mW"; VariantName = "[No Variations]"
Add component (AddParameter): Name = "Price"; Value = "0.01"; VariantName = "[No Variations]"
Add component (AddParameter): Name = "Series"; Value = "-"; VariantName = "[No Variations]"
Add component (AddParameter): Name = "Supplier 1"; Value = "DigiKey"; VariantName = "[No Variations]"
Add component (AddParameter): Name = "Supplier Device Package"; Value = "SOT-23"; VariantName = "[No Variations]"
Add component (AddParameter): Name = "Supplier Part Number 1"; Value = "MMSS8050-L-TPMSCT-ND"; VariantName = "[No Variations]"
Add component (AddParameter): Name = "Transistor Type"; Value = "NPN"; VariantName = "[No Variations]"
Add component (AddParameter): Name = "Vce Saturation (Max) @ Ib, Ic"; Value = "500mV @ 80mA, 800mA"; VariantName = "[No Variations]"
Add component (AddParameter): Name = "Voltage - Collector Emitter Breakdown (Max)"; Value = "25 V"; VariantName = "[No Variations]"
Added Component: Designator=BIN_Q2_U_OR_GATE4(MCCSEMI SOT-23-3)
Add component. Clean all parameters for all variants
Add component (AddParameter): Name = "ComponentLink1Description"; Value = "Datasheet"; VariantName = "[No Variations]"
Add component (AddParameter): Name = "ComponentLink1URL"; Value = "https://www.mccsemi.com/pdf/Products/MMSS8050(SOT-23).pdf"; VariantName = "[No Variations]"
Add component (AddParameter): Name = "ComponentLink2Description"; Value = "DigiKey Link"; VariantName = "[No Variations]"
Add component (AddParameter): Name = "ComponentLink2URL"; Value = "https://www.digikey.com/en/products/detail/micro-commercial-co/MMSS8050-L-TP/2827197"; VariantName = "[No Variations]"
Add component (AddParameter): Name = "Current - Collector (Ic) (Max)"; Value = "1.5 A"; VariantName = "[No Variations]"
Add component (AddParameter): Name = "Current - Collector Cutoff (Max)"; Value = "100nA"; VariantName = "[No Variations]"
Add component (AddParameter): Name = "DC Current Gain (hFE) (Min) @ Ic, Vce"; Value = "120 @ 100mA, 1V"; VariantName = "[No Variations]"
Add component (AddParameter): Name = "Frequency - Transition"; Value = "100MHz"; VariantName = "[No Variations]"
Add component (AddParameter): Name = "LastUpdated"; Value = "6/3/2024 8:24:16 PM"; VariantName = "[No Variations]"
Add component (AddParameter): Name = "Lifecycle Status"; Value = "Active"; VariantName = "[No Variations]"
Add component (AddParameter): Name = "Manufacturer"; Value = "Micro Commercial Co"; VariantName = "[No Variations]"
Add component (AddParameter): Name = "Minimum Order"; Value = "1"; VariantName = "[No Variations]"
Add component (AddParameter): Name = "Mounting Type"; Value = "Surface Mount"; VariantName = "[No Variations]"
Add component (AddParameter): Name = "Operating Temperature"; Value = "-55°C ~ 150°C (TJ)"; VariantName = "[No Variations]"
Add component (AddParameter): Name = "Package / Case"; Value = "TO-236-3, SC-59, SOT-23-3"; VariantName = "[No Variations]"
Add component (AddParameter): Name = "Packaging"; Value = "TapeAndReel"; VariantName = "[No Variations]"
Add component (AddParameter): Name = "PartId"; Value = "278"; VariantName = "[No Variations]"
Add component (AddParameter): Name = "Part Number"; Value = "MMSS8050-L-TP"; VariantName = "[No Variations]"
Add component (AddParameter): Name = "Part Status"; Value = "Active"; VariantName = "[No Variations]"
Add component (AddParameter): Name = "Power - Max"; Value = "625 mW"; VariantName = "[No Variations]"
Add component (AddParameter): Name = "Price"; Value = "0.01"; VariantName = "[No Variations]"
Add component (AddParameter): Name = "Series"; Value = "-"; VariantName = "[No Variations]"
Add component (AddParameter): Name = "Supplier 1"; Value = "DigiKey"; VariantName = "[No Variations]"
Add component (AddParameter): Name = "Supplier Device Package"; Value = "SOT-23"; VariantName = "[No Variations]"
Add component (AddParameter): Name = "Supplier Part Number 1"; Value = "MMSS8050-L-TPMSCT-ND"; VariantName = "[No Variations]"
Add component (AddParameter): Name = "Transistor Type"; Value = "NPN"; VariantName = "[No Variations]"
Add component (AddParameter): Name = "Vce Saturation (Max) @ Ib, Ic"; Value = "500mV @ 80mA, 800mA"; VariantName = "[No Variations]"
Add component (AddParameter): Name = "Voltage - Collector Emitter Breakdown (Max)"; Value = "25 V"; VariantName = "[No Variations]"
Added Component: Designator=BIN_R1_U_AND_GATE1(RES 0603_1608)
Add component. Clean all parameters for all variants
Add component (AddParameter): Name = "ComponentLink1Description"; Value = "Datasheet"; VariantName = "[No Variations]"
Add component (AddParameter): Name = "ComponentLink1URL"; Value = "https://www.te.com/commerce/DocumentDelivery/DDEController?Action=srchrtrv&DocNm=1773200&DocType=DS&DocLang=English"; VariantName = "[No Variations]"
Add component (AddParameter): Name = "ComponentLink2Description"; Value = "DigiKey Link"; VariantName = "[No Variations]"
Add component (AddParameter): Name = "ComponentLink2URL"; Value = "https://www.digikey.com/en/products/detail/te-connectivity-passive-product/CPF0603B1K0E/2390473"; VariantName = "[No Variations]"
Add component (AddParameter): Name = "Composition"; Value = "Thin Film"; VariantName = "[No Variations]"
Add component (AddParameter): Name = "Device Package"; Value = "0603 (1608 Metric)"; VariantName = "[No Variations]"
Add component (AddParameter): Name = "Height - Seated (Max)"; Value = "0.022" (0.55mm)"; VariantName = "[No Variations]"
Add component (AddParameter): Name = "LastUpdated"; Value = "2/9/2024 8:43:37 PM"; VariantName = "[No Variations]"
Add component (AddParameter): Name = "Lifecycle Status"; Value = "Active"; VariantName = "[No Variations]"
Add component (AddParameter): Name = "Manufacturer"; Value = "TE Connectivity Passive Product"; VariantName = "[No Variations]"
Add component (AddParameter): Name = "Minimum Order"; Value = "1"; VariantName = "[No Variations]"
Add component (AddParameter): Name = "Number of Terminations"; Value = "2"; VariantName = "[No Variations]"
Add component (AddParameter): Name = "Operating Temperature"; Value = "-55°C ~ 155°C"; VariantName = "[No Variations]"
Add component (AddParameter): Name = "Package / Case"; Value = "0603 (1608 Metric)"; VariantName = "[No Variations]"
Add component (AddParameter): Name = "Packaging"; Value = "TapeAndReel"; VariantName = "[No Variations]"
Add component (AddParameter): Name = "PartId"; Value = "4877"; VariantName = "[No Variations]"
Add component (AddParameter): Name = "Part Number"; Value = "CPF0603B1K0E"; VariantName = "[No Variations]"
Add component (AddParameter): Name = "Part Status"; Value = "Active"; VariantName = "[No Variations]"
Add component (AddParameter): Name = "Power (Watts)"; Value = "0.063W, 1/16W"; VariantName = "[No Variations]"
Add component (AddParameter): Name = "Price"; Value = "0.09"; VariantName = "[No Variations]"
Add component (AddParameter): Name = "Resistance"; Value = "1 kOhms"; VariantName = "[No Variations]"
Add component (AddParameter): Name = "Series"; Value = "CPF, Neohm"; VariantName = "[No Variations]"
Add component (AddParameter): Name = "Size / Dimension"; Value = "0.061" L x 0.031" W (1.55mm x 0.80mm)"; VariantName = "[No Variations]"
Add component (AddParameter): Name = "Supplier 1"; Value = "DigiKey"; VariantName = "[No Variations]"
Add component (AddParameter): Name = "Supplier Device Package"; Value = "0603"; VariantName = "[No Variations]"
Add component (AddParameter): Name = "Supplier Part Number 1"; Value = "A119887CT-ND"; VariantName = "[No Variations]"
Add component (AddParameter): Name = "Temperature Coefficient"; Value = "±25ppm/°C"; VariantName = "[No Variations]"
Add component (AddParameter): Name = "Tolerance"; Value = "±0.1%"; VariantName = "[No Variations]"
Add component (AddParameter): Name = "Value"; Value = "1 kOhms"; VariantName = "[No Variations]"
Added Component: Designator=BIN_R1_U_AND_GATE2(RES 0603_1608)
Add component. Clean all parameters for all variants
Add component (AddParameter): Name = "ComponentLink1Description"; Value = "Datasheet"; VariantName = "[No Variations]"
Add component (AddParameter): Name = "ComponentLink1URL"; Value = "https://www.te.com/commerce/DocumentDelivery/DDEController?Action=srchrtrv&DocNm=1773200&DocType=DS&DocLang=English"; VariantName = "[No Variations]"
Add component (AddParameter): Name = "ComponentLink2Description"; Value = "DigiKey Link"; VariantName = "[No Variations]"
Add component (AddParameter): Name = "ComponentLink2URL"; Value = "https://www.digikey.com/en/products/detail/te-connectivity-passive-product/CPF0603B1K0E/2390473"; VariantName = "[No Variations]"
Add component (AddParameter): Name = "Composition"; Value = "Thin Film"; VariantName = "[No Variations]"
Add component (AddParameter): Name = "Device Package"; Value = "0603 (1608 Metric)"; VariantName = "[No Variations]"
Add component (AddParameter): Name = "Height - Seated (Max)"; Value = "0.022" (0.55mm)"; VariantName = "[No Variations]"
Add component (AddParameter): Name = "LastUpdated"; Value = "2/9/2024 8:43:37 PM"; VariantName = "[No Variations]"
Add component (AddParameter): Name = "Lifecycle Status"; Value = "Active"; VariantName = "[No Variations]"
Add component (AddParameter): Name = "Manufacturer"; Value = "TE Connectivity Passive Product"; VariantName = "[No Variations]"
Add component (AddParameter): Name = "Minimum Order"; Value = "1"; VariantName = "[No Variations]"
Add component (AddParameter): Name = "Number of Terminations"; Value = "2"; VariantName = "[No Variations]"
Add component (AddParameter): Name = "Operating Temperature"; Value = "-55°C ~ 155°C"; VariantName = "[No Variations]"
Add component (AddParameter): Name = "Package / Case"; Value = "0603 (1608 Metric)"; VariantName = "[No Variations]"
Add component (AddParameter): Name = "Packaging"; Value = "TapeAndReel"; VariantName = "[No Variations]"
Add component (AddParameter): Name = "PartId"; Value = "4877"; VariantName = "[No Variations]"
Add component (AddParameter): Name = "Part Number"; Value = "CPF0603B1K0E"; VariantName = "[No Variations]"
Add component (AddParameter): Name = "Part Status"; Value = "Active"; VariantName = "[No Variations]"
Add component (AddParameter): Name = "Power (Watts)"; Value = "0.063W, 1/16W"; VariantName = "[No Variations]"
Add component (AddParameter): Name = "Price"; Value = "0.09"; VariantName = "[No Variations]"
Add component (AddParameter): Name = "Resistance"; Value = "1 kOhms"; VariantName = "[No Variations]"
Add component (AddParameter): Name = "Series"; Value = "CPF, Neohm"; VariantName = "[No Variations]"
Add component (AddParameter): Name = "Size / Dimension"; Value = "0.061" L x 0.031" W (1.55mm x 0.80mm)"; VariantName = "[No Variations]"
Add component (AddParameter): Name = "Supplier 1"; Value = "DigiKey"; VariantName = "[No Variations]"
Add component (AddParameter): Name = "Supplier Device Package"; Value = "0603"; VariantName = "[No Variations]"
Add component (AddParameter): Name = "Supplier Part Number 1"; Value = "A119887CT-ND"; VariantName = "[No Variations]"
Add component (AddParameter): Name = "Temperature Coefficient"; Value = "±25ppm/°C"; VariantName = "[No Variations]"
Add component (AddParameter): Name = "Tolerance"; Value = "±0.1%"; VariantName = "[No Variations]"
Add component (AddParameter): Name = "Value"; Value = "1 kOhms"; VariantName = "[No Variations]"
Added Component: Designator=BIN_R2_U_OR_GATE3(RES 0603_1608)
Add component. Clean all parameters for all variants
Add component (AddParameter): Name = "ComponentLink1Description"; Value = "Datasheet"; VariantName = "[No Variations]"
Add component (AddParameter): Name = "ComponentLink1URL"; Value = "https://www.te.com/commerce/DocumentDelivery/DDEController?Action=srchrtrv&DocNm=1773200&DocType=DS&DocLang=English"; VariantName = "[No Variations]"
Add component (AddParameter): Name = "ComponentLink2Description"; Value = "DigiKey Link"; VariantName = "[No Variations]"
Add component (AddParameter): Name = "ComponentLink2URL"; Value = "https://www.digikey.com/en/products/detail/te-connectivity-passive-product/CPF0603B1K0E/2390473"; VariantName = "[No Variations]"
Add component (AddParameter): Name = "Composition"; Value = "Thin Film"; VariantName = "[No Variations]"
Add component (AddParameter): Name = "Device Package"; Value = "0603 (1608 Metric)"; VariantName = "[No Variations]"
Add component (AddParameter): Name = "Height - Seated (Max)"; Value = "0.022" (0.55mm)"; VariantName = "[No Variations]"
Add component (AddParameter): Name = "LastUpdated"; Value = "2/9/2024 8:43:37 PM"; VariantName = "[No Variations]"
Add component (AddParameter): Name = "Lifecycle Status"; Value = "Active"; VariantName = "[No Variations]"
Add component (AddParameter): Name = "Manufacturer"; Value = "TE Connectivity Passive Product"; VariantName = "[No Variations]"
Add component (AddParameter): Name = "Minimum Order"; Value = "1"; VariantName = "[No Variations]"
Add component (AddParameter): Name = "Number of Terminations"; Value = "2"; VariantName = "[No Variations]"
Add component (AddParameter): Name = "Operating Temperature"; Value = "-55°C ~ 155°C"; VariantName = "[No Variations]"
Add component (AddParameter): Name = "Package / Case"; Value = "0603 (1608 Metric)"; VariantName = "[No Variations]"
Add component (AddParameter): Name = "Packaging"; Value = "TapeAndReel"; VariantName = "[No Variations]"
Add component (AddParameter): Name = "PartId"; Value = "4877"; VariantName = "[No Variations]"
Add component (AddParameter): Name = "Part Number"; Value = "CPF0603B1K0E"; VariantName = "[No Variations]"
Add component (AddParameter): Name = "Part Status"; Value = "Active"; VariantName = "[No Variations]"
Add component (AddParameter): Name = "Power (Watts)"; Value = "0.063W, 1/16W"; VariantName = "[No Variations]"
Add component (AddParameter): Name = "Price"; Value = "0.09"; VariantName = "[No Variations]"
Add component (AddParameter): Name = "Resistance"; Value = "1 kOhms"; VariantName = "[No Variations]"
Add component (AddParameter): Name = "Series"; Value = "CPF, Neohm"; VariantName = "[No Variations]"
Add component (AddParameter): Name = "Size / Dimension"; Value = "0.061" L x 0.031" W (1.55mm x 0.80mm)"; VariantName = "[No Variations]"
Add component (AddParameter): Name = "Supplier 1"; Value = "DigiKey"; VariantName = "[No Variations]"
Add component (AddParameter): Name = "Supplier Device Package"; Value = "0603"; VariantName = "[No Variations]"
Add component (AddParameter): Name = "Supplier Part Number 1"; Value = "A119887CT-ND"; VariantName = "[No Variations]"
Add component (AddParameter): Name = "Temperature Coefficient"; Value = "±25ppm/°C"; VariantName = "[No Variations]"
Add component (AddParameter): Name = "Tolerance"; Value = "±0.1%"; VariantName = "[No Variations]"
Add component (AddParameter): Name = "Value"; Value = "1 kOhms"; VariantName = "[No Variations]"
Added Component: Designator=BIN_R2_U_OR_GATE4(RES 0603_1608)
Add component. Clean all parameters for all variants
Add component (AddParameter): Name = "ComponentLink1Description"; Value = "Datasheet"; VariantName = "[No Variations]"
Add component (AddParameter): Name = "ComponentLink1URL"; Value = "https://www.te.com/commerce/DocumentDelivery/DDEController?Action=srchrtrv&DocNm=1773200&DocType=DS&DocLang=English"; VariantName = "[No Variations]"
Add component (AddParameter): Name = "ComponentLink2Description"; Value = "DigiKey Link"; VariantName = "[No Variations]"
Add component (AddParameter): Name = "ComponentLink2URL"; Value = "https://www.digikey.com/en/products/detail/te-connectivity-passive-product/CPF0603B1K0E/2390473"; VariantName = "[No Variations]"
Add component (AddParameter): Name = "Composition"; Value = "Thin Film"; VariantName = "[No Variations]"
Add component (AddParameter): Name = "Device Package"; Value = "0603 (1608 Metric)"; VariantName = "[No Variations]"
Add component (AddParameter): Name = "Height - Seated (Max)"; Value = "0.022" (0.55mm)"; VariantName = "[No Variations]"
Add component (AddParameter): Name = "LastUpdated"; Value = "2/9/2024 8:43:37 PM"; VariantName = "[No Variations]"
Add component (AddParameter): Name = "Lifecycle Status"; Value = "Active"; VariantName = "[No Variations]"
Add component (AddParameter): Name = "Manufacturer"; Value = "TE Connectivity Passive Product"; VariantName = "[No Variations]"
Add component (AddParameter): Name = "Minimum Order"; Value = "1"; VariantName = "[No Variations]"
Add component (AddParameter): Name = "Number of Terminations"; Value = "2"; VariantName = "[No Variations]"
Add component (AddParameter): Name = "Operating Temperature"; Value = "-55°C ~ 155°C"; VariantName = "[No Variations]"
Add component (AddParameter): Name = "Package / Case"; Value = "0603 (1608 Metric)"; VariantName = "[No Variations]"
Add component (AddParameter): Name = "Packaging"; Value = "TapeAndReel"; VariantName = "[No Variations]"
Add component (AddParameter): Name = "PartId"; Value = "4877"; VariantName = "[No Variations]"
Add component (AddParameter): Name = "Part Number"; Value = "CPF0603B1K0E"; VariantName = "[No Variations]"
Add component (AddParameter): Name = "Part Status"; Value = "Active"; VariantName = "[No Variations]"
Add component (AddParameter): Name = "Power (Watts)"; Value = "0.063W, 1/16W"; VariantName = "[No Variations]"
Add component (AddParameter): Name = "Price"; Value = "0.09"; VariantName = "[No Variations]"
Add component (AddParameter): Name = "Resistance"; Value = "1 kOhms"; VariantName = "[No Variations]"
Add component (AddParameter): Name = "Series"; Value = "CPF, Neohm"; VariantName = "[No Variations]"
Add component (AddParameter): Name = "Size / Dimension"; Value = "0.061" L x 0.031" W (1.55mm x 0.80mm)"; VariantName = "[No Variations]"
Add component (AddParameter): Name = "Supplier 1"; Value = "DigiKey"; VariantName = "[No Variations]"
Add component (AddParameter): Name = "Supplier Device Package"; Value = "0603"; VariantName = "[No Variations]"
Add component (AddParameter): Name = "Supplier Part Number 1"; Value = "A119887CT-ND"; VariantName = "[No Variations]"
Add component (AddParameter): Name = "Temperature Coefficient"; Value = "±25ppm/°C"; VariantName = "[No Variations]"
Add component (AddParameter): Name = "Tolerance"; Value = "±0.1%"; VariantName = "[No Variations]"
Add component (AddParameter): Name = "Value"; Value = "1 kOhms"; VariantName = "[No Variations]"
Added Component: Designator=BIN_RD1_U_AND_GATE1(RES 0603_1608)
Add component. Clean all parameters for all variants
Add component (AddParameter): Name = "ComponentLink1Description"; Value = "Datasheet"; VariantName = "[No Variations]"
Add component (AddParameter): Name = "ComponentLink1URL"; Value = "https://www.seielect.com/catalog/sei-rmcf_rmcp.pdf"; VariantName = "[No Variations]"
Add component (AddParameter): Name = "ComponentLink2Description"; Value = "DigiKey Link"; VariantName = "[No Variations]"
Add component (AddParameter): Name = "ComponentLink2URL"; Value = "https://www.digikey.com/en/products/detail/stackpole-electronics-inc/RMCF0603JT330R/1757998"; VariantName = "[No Variations]"
Add component (AddParameter): Name = "Composition"; Value = "Thick Film"; VariantName = "[No Variations]"
Add component (AddParameter): Name = "Device Package"; Value = "0603 (1608 Metric)"; VariantName = "[No Variations]"
Add component (AddParameter): Name = "Features"; Value = "Automotive AEC-Q200"; VariantName = "[No Variations]"
Add component (AddParameter): Name = "Height - Seated (Max)"; Value = "0.022" (0.55mm)"; VariantName = "[No Variations]"
Add component (AddParameter): Name = "LastUpdated"; Value = "2/9/2024 8:43:33 PM"; VariantName = "[No Variations]"
Add component (AddParameter): Name = "Lifecycle Status"; Value = "Active"; VariantName = "[No Variations]"
Add component (AddParameter): Name = "Manufacturer"; Value = "Stackpole Electronics Inc"; VariantName = "[No Variations]"
Add component (AddParameter): Name = "Minimum Order"; Value = "1"; VariantName = "[No Variations]"
Add component (AddParameter): Name = "Number of Terminations"; Value = "2"; VariantName = "[No Variations]"
Add component (AddParameter): Name = "Operating Temperature"; Value = "-55°C ~ 155°C"; VariantName = "[No Variations]"
Add component (AddParameter): Name = "Package / Case"; Value = "0603 (1608 Metric)"; VariantName = "[No Variations]"
Add component (AddParameter): Name = "Packaging"; Value = "CutTape"; VariantName = "[No Variations]"
Add component (AddParameter): Name = "PartId"; Value = "5841"; VariantName = "[No Variations]"
Add component (AddParameter): Name = "Part Number"; Value = "RMCF0603JT330R"; VariantName = "[No Variations]"
Add component (AddParameter): Name = "Part Status"; Value = "Active"; VariantName = "[No Variations]"
Add component (AddParameter): Name = "Power (Watts)"; Value = "0.1W, 1/10W"; VariantName = "[No Variations]"
Add component (AddParameter): Name = "Price"; Value = "0.01"; VariantName = "[No Variations]"
Add component (AddParameter): Name = "Ratings"; Value = "AEC-Q200"; VariantName = "[No Variations]"
Add component (AddParameter): Name = "Resistance"; Value = "330 Ohms"; VariantName = "[No Variations]"
Add component (AddParameter): Name = "Series"; Value = "RMCF"; VariantName = "[No Variations]"
Add component (AddParameter): Name = "Size / Dimension"; Value = "0.061" L x 0.031" W (1.55mm x 0.80mm)"; VariantName = "[No Variations]"
Add component (AddParameter): Name = "Supplier 1"; Value = "DigiKey"; VariantName = "[No Variations]"
Add component (AddParameter): Name = "Supplier Device Package"; Value = "0603"; VariantName = "[No Variations]"
Add component (AddParameter): Name = "Supplier Part Number 1"; Value = "RMCF0603JT330RCT-ND"; VariantName = "[No Variations]"
Add component (AddParameter): Name = "Temperature Coefficient"; Value = "±200ppm/°C"; VariantName = "[No Variations]"
Add component (AddParameter): Name = "Tolerance"; Value = "±5%"; VariantName = "[No Variations]"
Add component (AddParameter): Name = "Value"; Value = "330 Ohms"; VariantName = "[No Variations]"
Added Component: Designator=BIN_RD1_U_AND_GATE2(RES 0603_1608)
Add component. Clean all parameters for all variants
Add component (AddParameter): Name = "ComponentLink1Description"; Value = "Datasheet"; VariantName = "[No Variations]"
Add component (AddParameter): Name = "ComponentLink1URL"; Value = "https://www.seielect.com/catalog/sei-rmcf_rmcp.pdf"; VariantName = "[No Variations]"
Add component (AddParameter): Name = "ComponentLink2Description"; Value = "DigiKey Link"; VariantName = "[No Variations]"
Add component (AddParameter): Name = "ComponentLink2URL"; Value = "https://www.digikey.com/en/products/detail/stackpole-electronics-inc/RMCF0603JT330R/1757998"; VariantName = "[No Variations]"
Add component (AddParameter): Name = "Composition"; Value = "Thick Film"; VariantName = "[No Variations]"
Add component (AddParameter): Name = "Device Package"; Value = "0603 (1608 Metric)"; VariantName = "[No Variations]"
Add component (AddParameter): Name = "Features"; Value = "Automotive AEC-Q200"; VariantName = "[No Variations]"
Add component (AddParameter): Name = "Height - Seated (Max)"; Value = "0.022" (0.55mm)"; VariantName = "[No Variations]"
Add component (AddParameter): Name = "LastUpdated"; Value = "2/9/2024 8:43:33 PM"; VariantName = "[No Variations]"
Add component (AddParameter): Name = "Lifecycle Status"; Value = "Active"; VariantName = "[No Variations]"
Add component (AddParameter): Name = "Manufacturer"; Value = "Stackpole Electronics Inc"; VariantName = "[No Variations]"
Add component (AddParameter): Name = "Minimum Order"; Value = "1"; VariantName = "[No Variations]"
Add component (AddParameter): Name = "Number of Terminations"; Value = "2"; VariantName = "[No Variations]"
Add component (AddParameter): Name = "Operating Temperature"; Value = "-55°C ~ 155°C"; VariantName = "[No Variations]"
Add component (AddParameter): Name = "Package / Case"; Value = "0603 (1608 Metric)"; VariantName = "[No Variations]"
Add component (AddParameter): Name = "Packaging"; Value = "CutTape"; VariantName = "[No Variations]"
Add component (AddParameter): Name = "PartId"; Value = "5841"; VariantName = "[No Variations]"
Add component (AddParameter): Name = "Part Number"; Value = "RMCF0603JT330R"; VariantName = "[No Variations]"
Add component (AddParameter): Name = "Part Status"; Value = "Active"; VariantName = "[No Variations]"
Add component (AddParameter): Name = "Power (Watts)"; Value = "0.1W, 1/10W"; VariantName = "[No Variations]"
Add component (AddParameter): Name = "Price"; Value = "0.01"; VariantName = "[No Variations]"
Add component (AddParameter): Name = "Ratings"; Value = "AEC-Q200"; VariantName = "[No Variations]"
Add component (AddParameter): Name = "Resistance"; Value = "330 Ohms"; VariantName = "[No Variations]"
Add component (AddParameter): Name = "Series"; Value = "RMCF"; VariantName = "[No Variations]"
Add component (AddParameter): Name = "Size / Dimension"; Value = "0.061" L x 0.031" W (1.55mm x 0.80mm)"; VariantName = "[No Variations]"
Add component (AddParameter): Name = "Supplier 1"; Value = "DigiKey"; VariantName = "[No Variations]"
Add component (AddParameter): Name = "Supplier Device Package"; Value = "0603"; VariantName = "[No Variations]"
Add component (AddParameter): Name = "Supplier Part Number 1"; Value = "RMCF0603JT330RCT-ND"; VariantName = "[No Variations]"
Add component (AddParameter): Name = "Temperature Coefficient"; Value = "±200ppm/°C"; VariantName = "[No Variations]"
Add component (AddParameter): Name = "Tolerance"; Value = "±5%"; VariantName = "[No Variations]"
Add component (AddParameter): Name = "Value"; Value = "330 Ohms"; VariantName = "[No Variations]"
Added Component: Designator=BIN_RD2_U_OR_GATE3(RES 0603_1608)
Add component. Clean all parameters for all variants
Add component (AddParameter): Name = "ComponentLink1Description"; Value = "Datasheet"; VariantName = "[No Variations]"
Add component (AddParameter): Name = "ComponentLink1URL"; Value = "https://www.seielect.com/catalog/sei-rmcf_rmcp.pdf"; VariantName = "[No Variations]"
Add component (AddParameter): Name = "ComponentLink2Description"; Value = "DigiKey Link"; VariantName = "[No Variations]"
Add component (AddParameter): Name = "ComponentLink2URL"; Value = "https://www.digikey.com/en/products/detail/stackpole-electronics-inc/RMCF0603JT330R/1757998"; VariantName = "[No Variations]"
Add component (AddParameter): Name = "Composition"; Value = "Thick Film"; VariantName = "[No Variations]"
Add component (AddParameter): Name = "Device Package"; Value = "0603 (1608 Metric)"; VariantName = "[No Variations]"
Add component (AddParameter): Name = "Features"; Value = "Automotive AEC-Q200"; VariantName = "[No Variations]"
Add component (AddParameter): Name = "Height - Seated (Max)"; Value = "0.022" (0.55mm)"; VariantName = "[No Variations]"
Add component (AddParameter): Name = "LastUpdated"; Value = "2/9/2024 8:43:33 PM"; VariantName = "[No Variations]"
Add component (AddParameter): Name = "Lifecycle Status"; Value = "Active"; VariantName = "[No Variations]"
Add component (AddParameter): Name = "Manufacturer"; Value = "Stackpole Electronics Inc"; VariantName = "[No Variations]"
Add component (AddParameter): Name = "Minimum Order"; Value = "1"; VariantName = "[No Variations]"
Add component (AddParameter): Name = "Number of Terminations"; Value = "2"; VariantName = "[No Variations]"
Add component (AddParameter): Name = "Operating Temperature"; Value = "-55°C ~ 155°C"; VariantName = "[No Variations]"
Add component (AddParameter): Name = "Package / Case"; Value = "0603 (1608 Metric)"; VariantName = "[No Variations]"
Add component (AddParameter): Name = "Packaging"; Value = "CutTape"; VariantName = "[No Variations]"
Add component (AddParameter): Name = "PartId"; Value = "5841"; VariantName = "[No Variations]"
Add component (AddParameter): Name = "Part Number"; Value = "RMCF0603JT330R"; VariantName = "[No Variations]"
Add component (AddParameter): Name = "Part Status"; Value = "Active"; VariantName = "[No Variations]"
Add component (AddParameter): Name = "Power (Watts)"; Value = "0.1W, 1/10W"; VariantName = "[No Variations]"
Add component (AddParameter): Name = "Price"; Value = "0.01"; VariantName = "[No Variations]"
Add component (AddParameter): Name = "Ratings"; Value = "AEC-Q200"; VariantName = "[No Variations]"
Add component (AddParameter): Name = "Resistance"; Value = "330 Ohms"; VariantName = "[No Variations]"
Add component (AddParameter): Name = "Series"; Value = "RMCF"; VariantName = "[No Variations]"
Add component (AddParameter): Name = "Size / Dimension"; Value = "0.061" L x 0.031" W (1.55mm x 0.80mm)"; VariantName = "[No Variations]"
Add component (AddParameter): Name = "Supplier 1"; Value = "DigiKey"; VariantName = "[No Variations]"
Add component (AddParameter): Name = "Supplier Device Package"; Value = "0603"; VariantName = "[No Variations]"
Add component (AddParameter): Name = "Supplier Part Number 1"; Value = "RMCF0603JT330RCT-ND"; VariantName = "[No Variations]"
Add component (AddParameter): Name = "Temperature Coefficient"; Value = "±200ppm/°C"; VariantName = "[No Variations]"
Add component (AddParameter): Name = "Tolerance"; Value = "±5%"; VariantName = "[No Variations]"
Add component (AddParameter): Name = "Value"; Value = "330 Ohms"; VariantName = "[No Variations]"
Added Component: Designator=BIN_RD2_U_OR_GATE4(RES 0603_1608)
Add component. Clean all parameters for all variants
Add component (AddParameter): Name = "ComponentLink1Description"; Value = "Datasheet"; VariantName = "[No Variations]"
Add component (AddParameter): Name = "ComponentLink1URL"; Value = "https://www.seielect.com/catalog/sei-rmcf_rmcp.pdf"; VariantName = "[No Variations]"
Add component (AddParameter): Name = "ComponentLink2Description"; Value = "DigiKey Link"; VariantName = "[No Variations]"
Add component (AddParameter): Name = "ComponentLink2URL"; Value = "https://www.digikey.com/en/products/detail/stackpole-electronics-inc/RMCF0603JT330R/1757998"; VariantName = "[No Variations]"
Add component (AddParameter): Name = "Composition"; Value = "Thick Film"; VariantName = "[No Variations]"
Add component (AddParameter): Name = "Device Package"; Value = "0603 (1608 Metric)"; VariantName = "[No Variations]"
Add component (AddParameter): Name = "Features"; Value = "Automotive AEC-Q200"; VariantName = "[No Variations]"
Add component (AddParameter): Name = "Height - Seated (Max)"; Value = "0.022" (0.55mm)"; VariantName = "[No Variations]"
Add component (AddParameter): Name = "LastUpdated"; Value = "2/9/2024 8:43:33 PM"; VariantName = "[No Variations]"
Add component (AddParameter): Name = "Lifecycle Status"; Value = "Active"; VariantName = "[No Variations]"
Add component (AddParameter): Name = "Manufacturer"; Value = "Stackpole Electronics Inc"; VariantName = "[No Variations]"
Add component (AddParameter): Name = "Minimum Order"; Value = "1"; VariantName = "[No Variations]"
Add component (AddParameter): Name = "Number of Terminations"; Value = "2"; VariantName = "[No Variations]"
Add component (AddParameter): Name = "Operating Temperature"; Value = "-55°C ~ 155°C"; VariantName = "[No Variations]"
Add component (AddParameter): Name = "Package / Case"; Value = "0603 (1608 Metric)"; VariantName = "[No Variations]"
Add component (AddParameter): Name = "Packaging"; Value = "CutTape"; VariantName = "[No Variations]"
Add component (AddParameter): Name = "PartId"; Value = "5841"; VariantName = "[No Variations]"
Add component (AddParameter): Name = "Part Number"; Value = "RMCF0603JT330R"; VariantName = "[No Variations]"
Add component (AddParameter): Name = "Part Status"; Value = "Active"; VariantName = "[No Variations]"
Add component (AddParameter): Name = "Power (Watts)"; Value = "0.1W, 1/10W"; VariantName = "[No Variations]"
Add component (AddParameter): Name = "Price"; Value = "0.01"; VariantName = "[No Variations]"
Add component (AddParameter): Name = "Ratings"; Value = "AEC-Q200"; VariantName = "[No Variations]"
Add component (AddParameter): Name = "Resistance"; Value = "330 Ohms"; VariantName = "[No Variations]"
Add component (AddParameter): Name = "Series"; Value = "RMCF"; VariantName = "[No Variations]"
Add component (AddParameter): Name = "Size / Dimension"; Value = "0.061" L x 0.031" W (1.55mm x 0.80mm)"; VariantName = "[No Variations]"
Add component (AddParameter): Name = "Supplier 1"; Value = "DigiKey"; VariantName = "[No Variations]"
Add component (AddParameter): Name = "Supplier Device Package"; Value = "0603"; VariantName = "[No Variations]"
Add component (AddParameter): Name = "Supplier Part Number 1"; Value = "RMCF0603JT330RCT-ND"; VariantName = "[No Variations]"
Add component (AddParameter): Name = "Temperature Coefficient"; Value = "±200ppm/°C"; VariantName = "[No Variations]"
Add component (AddParameter): Name = "Tolerance"; Value = "±5%"; VariantName = "[No Variations]"
Add component (AddParameter): Name = "Value"; Value = "330 Ohms"; VariantName = "[No Variations]"
Added Component: Designator=Q1_U_AND_GATE1(MCCSEMI SOT-23-3)
Add component. Clean all parameters for all variants
Add component (AddParameter): Name = "ComponentLink1Description"; Value = "Datasheet"; VariantName = "[No Variations]"
Add component (AddParameter): Name = "ComponentLink1URL"; Value = "https://www.mccsemi.com/pdf/Products/MMSS8050(SOT-23).pdf"; VariantName = "[No Variations]"
Add component (AddParameter): Name = "ComponentLink2Description"; Value = "DigiKey Link"; VariantName = "[No Variations]"
Add component (AddParameter): Name = "ComponentLink2URL"; Value = "https://www.digikey.com/en/products/detail/micro-commercial-co/MMSS8050-L-TP/2827197"; VariantName = "[No Variations]"
Add component (AddParameter): Name = "Current - Collector (Ic) (Max)"; Value = "1.5 A"; VariantName = "[No Variations]"
Add component (AddParameter): Name = "Current - Collector Cutoff (Max)"; Value = "100nA"; VariantName = "[No Variations]"
Add component (AddParameter): Name = "DC Current Gain (hFE) (Min) @ Ic, Vce"; Value = "120 @ 100mA, 1V"; VariantName = "[No Variations]"
Add component (AddParameter): Name = "Frequency - Transition"; Value = "100MHz"; VariantName = "[No Variations]"
Add component (AddParameter): Name = "LastUpdated"; Value = "6/3/2024 8:24:16 PM"; VariantName = "[No Variations]"
Add component (AddParameter): Name = "Lifecycle Status"; Value = "Active"; VariantName = "[No Variations]"
Add component (AddParameter): Name = "Manufacturer"; Value = "Micro Commercial Co"; VariantName = "[No Variations]"
Add component (AddParameter): Name = "Minimum Order"; Value = "1"; VariantName = "[No Variations]"
Add component (AddParameter): Name = "Mounting Type"; Value = "Surface Mount"; VariantName = "[No Variations]"
Add component (AddParameter): Name = "Operating Temperature"; Value = "-55°C ~ 150°C (TJ)"; VariantName = "[No Variations]"
Add component (AddParameter): Name = "Package / Case"; Value = "TO-236-3, SC-59, SOT-23-3"; VariantName = "[No Variations]"
Add component (AddParameter): Name = "Packaging"; Value = "TapeAndReel"; VariantName = "[No Variations]"
Add component (AddParameter): Name = "PartId"; Value = "278"; VariantName = "[No Variations]"
Add component (AddParameter): Name = "Part Number"; Value = "MMSS8050-L-TP"; VariantName = "[No Variations]"
Add component (AddParameter): Name = "Part Status"; Value = "Active"; VariantName = "[No Variations]"
Add component (AddParameter): Name = "Power - Max"; Value = "625 mW"; VariantName = "[No Variations]"
Add component (AddParameter): Name = "Price"; Value = "0.01"; VariantName = "[No Variations]"
Add component (AddParameter): Name = "Series"; Value = "-"; VariantName = "[No Variations]"
Add component (AddParameter): Name = "Supplier 1"; Value = "DigiKey"; VariantName = "[No Variations]"
Add component (AddParameter): Name = "Supplier Device Package"; Value = "SOT-23"; VariantName = "[No Variations]"
Add component (AddParameter): Name = "Supplier Part Number 1"; Value = "MMSS8050-L-TPMSCT-ND"; VariantName = "[No Variations]"
Add component (AddParameter): Name = "Transistor Type"; Value = "NPN"; VariantName = "[No Variations]"
Add component (AddParameter): Name = "Vce Saturation (Max) @ Ib, Ic"; Value = "500mV @ 80mA, 800mA"; VariantName = "[No Variations]"
Add component (AddParameter): Name = "Voltage - Collector Emitter Breakdown (Max)"; Value = "25 V"; VariantName = "[No Variations]"
Added Component: Designator=Q1_U_AND_GATE2(MCCSEMI SOT-23-3)
Add component. Clean all parameters for all variants
Add component (AddParameter): Name = "ComponentLink1Description"; Value = "Datasheet"; VariantName = "[No Variations]"
Add component (AddParameter): Name = "ComponentLink1URL"; Value = "https://www.mccsemi.com/pdf/Products/MMSS8050(SOT-23).pdf"; VariantName = "[No Variations]"
Add component (AddParameter): Name = "ComponentLink2Description"; Value = "DigiKey Link"; VariantName = "[No Variations]"
Add component (AddParameter): Name = "ComponentLink2URL"; Value = "https://www.digikey.com/en/products/detail/micro-commercial-co/MMSS8050-L-TP/2827197"; VariantName = "[No Variations]"
Add component (AddParameter): Name = "Current - Collector (Ic) (Max)"; Value = "1.5 A"; VariantName = "[No Variations]"
Add component (AddParameter): Name = "Current - Collector Cutoff (Max)"; Value = "100nA"; VariantName = "[No Variations]"
Add component (AddParameter): Name = "DC Current Gain (hFE) (Min) @ Ic, Vce"; Value = "120 @ 100mA, 1V"; VariantName = "[No Variations]"
Add component (AddParameter): Name = "Frequency - Transition"; Value = "100MHz"; VariantName = "[No Variations]"
Add component (AddParameter): Name = "LastUpdated"; Value = "6/3/2024 8:24:16 PM"; VariantName = "[No Variations]"
Add component (AddParameter): Name = "Lifecycle Status"; Value = "Active"; VariantName = "[No Variations]"
Add component (AddParameter): Name = "Manufacturer"; Value = "Micro Commercial Co"; VariantName = "[No Variations]"
Add component (AddParameter): Name = "Minimum Order"; Value = "1"; VariantName = "[No Variations]"
Add component (AddParameter): Name = "Mounting Type"; Value = "Surface Mount"; VariantName = "[No Variations]"
Add component (AddParameter): Name = "Operating Temperature"; Value = "-55°C ~ 150°C (TJ)"; VariantName = "[No Variations]"
Add component (AddParameter): Name = "Package / Case"; Value = "TO-236-3, SC-59, SOT-23-3"; VariantName = "[No Variations]"
Add component (AddParameter): Name = "Packaging"; Value = "TapeAndReel"; VariantName = "[No Variations]"
Add component (AddParameter): Name = "PartId"; Value = "278"; VariantName = "[No Variations]"
Add component (AddParameter): Name = "Part Number"; Value = "MMSS8050-L-TP"; VariantName = "[No Variations]"
Add component (AddParameter): Name = "Part Status"; Value = "Active"; VariantName = "[No Variations]"
Add component (AddParameter): Name = "Power - Max"; Value = "625 mW"; VariantName = "[No Variations]"
Add component (AddParameter): Name = "Price"; Value = "0.01"; VariantName = "[No Variations]"
Add component (AddParameter): Name = "Series"; Value = "-"; VariantName = "[No Variations]"
Add component (AddParameter): Name = "Supplier 1"; Value = "DigiKey"; VariantName = "[No Variations]"
Add component (AddParameter): Name = "Supplier Device Package"; Value = "SOT-23"; VariantName = "[No Variations]"
Add component (AddParameter): Name = "Supplier Part Number 1"; Value = "MMSS8050-L-TPMSCT-ND"; VariantName = "[No Variations]"
Add component (AddParameter): Name = "Transistor Type"; Value = "NPN"; VariantName = "[No Variations]"
Add component (AddParameter): Name = "Vce Saturation (Max) @ Ib, Ic"; Value = "500mV @ 80mA, 800mA"; VariantName = "[No Variations]"
Add component (AddParameter): Name = "Voltage - Collector Emitter Breakdown (Max)"; Value = "25 V"; VariantName = "[No Variations]"
Added Component: Designator=Q2_U_AND_GATE1(MCCSEMI SOT-23-3)
Add component. Clean all parameters for all variants
Add component (AddParameter): Name = "ComponentLink1Description"; Value = "Datasheet"; VariantName = "[No Variations]"
Add component (AddParameter): Name = "ComponentLink1URL"; Value = "https://www.mccsemi.com/pdf/Products/MMSS8050(SOT-23).pdf"; VariantName = "[No Variations]"
Add component (AddParameter): Name = "ComponentLink2Description"; Value = "DigiKey Link"; VariantName = "[No Variations]"
Add component (AddParameter): Name = "ComponentLink2URL"; Value = "https://www.digikey.com/en/products/detail/micro-commercial-co/MMSS8050-L-TP/2827197"; VariantName = "[No Variations]"
Add component (AddParameter): Name = "Current - Collector (Ic) (Max)"; Value = "1.5 A"; VariantName = "[No Variations]"
Add component (AddParameter): Name = "Current - Collector Cutoff (Max)"; Value = "100nA"; VariantName = "[No Variations]"
Add component (AddParameter): Name = "DC Current Gain (hFE) (Min) @ Ic, Vce"; Value = "120 @ 100mA, 1V"; VariantName = "[No Variations]"
Add component (AddParameter): Name = "Frequency - Transition"; Value = "100MHz"; VariantName = "[No Variations]"
Add component (AddParameter): Name = "LastUpdated"; Value = "6/3/2024 8:24:16 PM"; VariantName = "[No Variations]"
Add component (AddParameter): Name = "Lifecycle Status"; Value = "Active"; VariantName = "[No Variations]"
Add component (AddParameter): Name = "Manufacturer"; Value = "Micro Commercial Co"; VariantName = "[No Variations]"
Add component (AddParameter): Name = "Minimum Order"; Value = "1"; VariantName = "[No Variations]"
Add component (AddParameter): Name = "Mounting Type"; Value = "Surface Mount"; VariantName = "[No Variations]"
Add component (AddParameter): Name = "Operating Temperature"; Value = "-55°C ~ 150°C (TJ)"; VariantName = "[No Variations]"
Add component (AddParameter): Name = "Package / Case"; Value = "TO-236-3, SC-59, SOT-23-3"; VariantName = "[No Variations]"
Add component (AddParameter): Name = "Packaging"; Value = "TapeAndReel"; VariantName = "[No Variations]"
Add component (AddParameter): Name = "PartId"; Value = "278"; VariantName = "[No Variations]"
Add component (AddParameter): Name = "Part Number"; Value = "MMSS8050-L-TP"; VariantName = "[No Variations]"
Add component (AddParameter): Name = "Part Status"; Value = "Active"; VariantName = "[No Variations]"
Add component (AddParameter): Name = "Power - Max"; Value = "625 mW"; VariantName = "[No Variations]"
Add component (AddParameter): Name = "Price"; Value = "0.01"; VariantName = "[No Variations]"
Add component (AddParameter): Name = "Series"; Value = "-"; VariantName = "[No Variations]"
Add component (AddParameter): Name = "Supplier 1"; Value = "DigiKey"; VariantName = "[No Variations]"
Add component (AddParameter): Name = "Supplier Device Package"; Value = "SOT-23"; VariantName = "[No Variations]"
Add component (AddParameter): Name = "Supplier Part Number 1"; Value = "MMSS8050-L-TPMSCT-ND"; VariantName = "[No Variations]"
Add component (AddParameter): Name = "Transistor Type"; Value = "NPN"; VariantName = "[No Variations]"
Add component (AddParameter): Name = "Vce Saturation (Max) @ Ib, Ic"; Value = "500mV @ 80mA, 800mA"; VariantName = "[No Variations]"
Add component (AddParameter): Name = "Voltage - Collector Emitter Breakdown (Max)"; Value = "25 V"; VariantName = "[No Variations]"
Added Component: Designator=Q2_U_AND_GATE2(MCCSEMI SOT-23-3)
Add component. Clean all parameters for all variants
Add component (AddParameter): Name = "ComponentLink1Description"; Value = "Datasheet"; VariantName = "[No Variations]"
Add component (AddParameter): Name = "ComponentLink1URL"; Value = "https://www.mccsemi.com/pdf/Products/MMSS8050(SOT-23).pdf"; VariantName = "[No Variations]"
Add component (AddParameter): Name = "ComponentLink2Description"; Value = "DigiKey Link"; VariantName = "[No Variations]"
Add component (AddParameter): Name = "ComponentLink2URL"; Value = "https://www.digikey.com/en/products/detail/micro-commercial-co/MMSS8050-L-TP/2827197"; VariantName = "[No Variations]"
Add component (AddParameter): Name = "Current - Collector (Ic) (Max)"; Value = "1.5 A"; VariantName = "[No Variations]"
Add component (AddParameter): Name = "Current - Collector Cutoff (Max)"; Value = "100nA"; VariantName = "[No Variations]"
Add component (AddParameter): Name = "DC Current Gain (hFE) (Min) @ Ic, Vce"; Value = "120 @ 100mA, 1V"; VariantName = "[No Variations]"
Add component (AddParameter): Name = "Frequency - Transition"; Value = "100MHz"; VariantName = "[No Variations]"
Add component (AddParameter): Name = "LastUpdated"; Value = "6/3/2024 8:24:16 PM"; VariantName = "[No Variations]"
Add component (AddParameter): Name = "Lifecycle Status"; Value = "Active"; VariantName = "[No Variations]"
Add component (AddParameter): Name = "Manufacturer"; Value = "Micro Commercial Co"; VariantName = "[No Variations]"
Add component (AddParameter): Name = "Minimum Order"; Value = "1"; VariantName = "[No Variations]"
Add component (AddParameter): Name = "Mounting Type"; Value = "Surface Mount"; VariantName = "[No Variations]"
Add component (AddParameter): Name = "Operating Temperature"; Value = "-55°C ~ 150°C (TJ)"; VariantName = "[No Variations]"
Add component (AddParameter): Name = "Package / Case"; Value = "TO-236-3, SC-59, SOT-23-3"; VariantName = "[No Variations]"
Add component (AddParameter): Name = "Packaging"; Value = "TapeAndReel"; VariantName = "[No Variations]"
Add component (AddParameter): Name = "PartId"; Value = "278"; VariantName = "[No Variations]"
Add component (AddParameter): Name = "Part Number"; Value = "MMSS8050-L-TP"; VariantName = "[No Variations]"
Add component (AddParameter): Name = "Part Status"; Value = "Active"; VariantName = "[No Variations]"
Add component (AddParameter): Name = "Power - Max"; Value = "625 mW"; VariantName = "[No Variations]"
Add component (AddParameter): Name = "Price"; Value = "0.01"; VariantName = "[No Variations]"
Add component (AddParameter): Name = "Series"; Value = "-"; VariantName = "[No Variations]"
Add component (AddParameter): Name = "Supplier 1"; Value = "DigiKey"; VariantName = "[No Variations]"
Add component (AddParameter): Name = "Supplier Device Package"; Value = "SOT-23"; VariantName = "[No Variations]"
Add component (AddParameter): Name = "Supplier Part Number 1"; Value = "MMSS8050-L-TPMSCT-ND"; VariantName = "[No Variations]"
Add component (AddParameter): Name = "Transistor Type"; Value = "NPN"; VariantName = "[No Variations]"
Add component (AddParameter): Name = "Vce Saturation (Max) @ Ib, Ic"; Value = "500mV @ 80mA, 800mA"; VariantName = "[No Variations]"
Add component (AddParameter): Name = "Voltage - Collector Emitter Breakdown (Max)"; Value = "25 V"; VariantName = "[No Variations]"
Added Component: Designator=Q3_U_AND_GATE1(MCCSEMI SOT-23-3)
Add component. Clean all parameters for all variants
Add component (AddParameter): Name = "ComponentLink1Description"; Value = "Datasheet"; VariantName = "[No Variations]"
Add component (AddParameter): Name = "ComponentLink1URL"; Value = "https://www.mccsemi.com/pdf/Products/MMSS8050(SOT-23).pdf"; VariantName = "[No Variations]"
Add component (AddParameter): Name = "ComponentLink2Description"; Value = "DigiKey Link"; VariantName = "[No Variations]"
Add component (AddParameter): Name = "ComponentLink2URL"; Value = "https://www.digikey.com/en/products/detail/micro-commercial-co/MMSS8050-L-TP/2827197"; VariantName = "[No Variations]"
Add component (AddParameter): Name = "Current - Collector (Ic) (Max)"; Value = "1.5 A"; VariantName = "[No Variations]"
Add component (AddParameter): Name = "Current - Collector Cutoff (Max)"; Value = "100nA"; VariantName = "[No Variations]"
Add component (AddParameter): Name = "DC Current Gain (hFE) (Min) @ Ic, Vce"; Value = "120 @ 100mA, 1V"; VariantName = "[No Variations]"
Add component (AddParameter): Name = "Frequency - Transition"; Value = "100MHz"; VariantName = "[No Variations]"
Add component (AddParameter): Name = "LastUpdated"; Value = "6/3/2024 8:24:16 PM"; VariantName = "[No Variations]"
Add component (AddParameter): Name = "Lifecycle Status"; Value = "Active"; VariantName = "[No Variations]"
Add component (AddParameter): Name = "Manufacturer"; Value = "Micro Commercial Co"; VariantName = "[No Variations]"
Add component (AddParameter): Name = "Minimum Order"; Value = "1"; VariantName = "[No Variations]"
Add component (AddParameter): Name = "Mounting Type"; Value = "Surface Mount"; VariantName = "[No Variations]"
Add component (AddParameter): Name = "Operating Temperature"; Value = "-55°C ~ 150°C (TJ)"; VariantName = "[No Variations]"
Add component (AddParameter): Name = "Package / Case"; Value = "TO-236-3, SC-59, SOT-23-3"; VariantName = "[No Variations]"
Add component (AddParameter): Name = "Packaging"; Value = "TapeAndReel"; VariantName = "[No Variations]"
Add component (AddParameter): Name = "PartId"; Value = "278"; VariantName = "[No Variations]"
Add component (AddParameter): Name = "Part Number"; Value = "MMSS8050-L-TP"; VariantName = "[No Variations]"
Add component (AddParameter): Name = "Part Status"; Value = "Active"; VariantName = "[No Variations]"
Add component (AddParameter): Name = "Power - Max"; Value = "625 mW"; VariantName = "[No Variations]"
Add component (AddParameter): Name = "Price"; Value = "0.01"; VariantName = "[No Variations]"
Add component (AddParameter): Name = "Series"; Value = "-"; VariantName = "[No Variations]"
Add component (AddParameter): Name = "Supplier 1"; Value = "DigiKey"; VariantName = "[No Variations]"
Add component (AddParameter): Name = "Supplier Device Package"; Value = "SOT-23"; VariantName = "[No Variations]"
Add component (AddParameter): Name = "Supplier Part Number 1"; Value = "MMSS8050-L-TPMSCT-ND"; VariantName = "[No Variations]"
Add component (AddParameter): Name = "Transistor Type"; Value = "NPN"; VariantName = "[No Variations]"
Add component (AddParameter): Name = "Vce Saturation (Max) @ Ib, Ic"; Value = "500mV @ 80mA, 800mA"; VariantName = "[No Variations]"
Add component (AddParameter): Name = "Voltage - Collector Emitter Breakdown (Max)"; Value = "25 V"; VariantName = "[No Variations]"
Added Component: Designator=Q3_U_AND_GATE2(MCCSEMI SOT-23-3)
Add component. Clean all parameters for all variants
Add component (AddParameter): Name = "ComponentLink1Description"; Value = "Datasheet"; VariantName = "[No Variations]"
Add component (AddParameter): Name = "ComponentLink1URL"; Value = "https://www.mccsemi.com/pdf/Products/MMSS8050(SOT-23).pdf"; VariantName = "[No Variations]"
Add component (AddParameter): Name = "ComponentLink2Description"; Value = "DigiKey Link"; VariantName = "[No Variations]"
Add component (AddParameter): Name = "ComponentLink2URL"; Value = "https://www.digikey.com/en/products/detail/micro-commercial-co/MMSS8050-L-TP/2827197"; VariantName = "[No Variations]"
Add component (AddParameter): Name = "Current - Collector (Ic) (Max)"; Value = "1.5 A"; VariantName = "[No Variations]"
Add component (AddParameter): Name = "Current - Collector Cutoff (Max)"; Value = "100nA"; VariantName = "[No Variations]"
Add component (AddParameter): Name = "DC Current Gain (hFE) (Min) @ Ic, Vce"; Value = "120 @ 100mA, 1V"; VariantName = "[No Variations]"
Add component (AddParameter): Name = "Frequency - Transition"; Value = "100MHz"; VariantName = "[No Variations]"
Add component (AddParameter): Name = "LastUpdated"; Value = "6/3/2024 8:24:16 PM"; VariantName = "[No Variations]"
Add component (AddParameter): Name = "Lifecycle Status"; Value = "Active"; VariantName = "[No Variations]"
Add component (AddParameter): Name = "Manufacturer"; Value = "Micro Commercial Co"; VariantName = "[No Variations]"
Add component (AddParameter): Name = "Minimum Order"; Value = "1"; VariantName = "[No Variations]"
Add component (AddParameter): Name = "Mounting Type"; Value = "Surface Mount"; VariantName = "[No Variations]"
Add component (AddParameter): Name = "Operating Temperature"; Value = "-55°C ~ 150°C (TJ)"; VariantName = "[No Variations]"
Add component (AddParameter): Name = "Package / Case"; Value = "TO-236-3, SC-59, SOT-23-3"; VariantName = "[No Variations]"
Add component (AddParameter): Name = "Packaging"; Value = "TapeAndReel"; VariantName = "[No Variations]"
Add component (AddParameter): Name = "PartId"; Value = "278"; VariantName = "[No Variations]"
Add component (AddParameter): Name = "Part Number"; Value = "MMSS8050-L-TP"; VariantName = "[No Variations]"
Add component (AddParameter): Name = "Part Status"; Value = "Active"; VariantName = "[No Variations]"
Add component (AddParameter): Name = "Power - Max"; Value = "625 mW"; VariantName = "[No Variations]"
Add component (AddParameter): Name = "Price"; Value = "0.01"; VariantName = "[No Variations]"
Add component (AddParameter): Name = "Series"; Value = "-"; VariantName = "[No Variations]"
Add component (AddParameter): Name = "Supplier 1"; Value = "DigiKey"; VariantName = "[No Variations]"
Add component (AddParameter): Name = "Supplier Device Package"; Value = "SOT-23"; VariantName = "[No Variations]"
Add component (AddParameter): Name = "Supplier Part Number 1"; Value = "MMSS8050-L-TPMSCT-ND"; VariantName = "[No Variations]"
Add component (AddParameter): Name = "Transistor Type"; Value = "NPN"; VariantName = "[No Variations]"
Add component (AddParameter): Name = "Vce Saturation (Max) @ Ib, Ic"; Value = "500mV @ 80mA, 800mA"; VariantName = "[No Variations]"
Add component (AddParameter): Name = "Voltage - Collector Emitter Breakdown (Max)"; Value = "25 V"; VariantName = "[No Variations]"
Added Component: Designator=Q4_U_OR_GATE3(MCCSEMI SOT-23-3)
Add component. Clean all parameters for all variants
Add component (AddParameter): Name = "ComponentLink1Description"; Value = "Datasheet"; VariantName = "[No Variations]"
Add component (AddParameter): Name = "ComponentLink1URL"; Value = "https://www.mccsemi.com/pdf/Products/MMSS8050(SOT-23).pdf"; VariantName = "[No Variations]"
Add component (AddParameter): Name = "ComponentLink2Description"; Value = "DigiKey Link"; VariantName = "[No Variations]"
Add component (AddParameter): Name = "ComponentLink2URL"; Value = "https://www.digikey.com/en/products/detail/micro-commercial-co/MMSS8050-L-TP/2827197"; VariantName = "[No Variations]"
Add component (AddParameter): Name = "Current - Collector (Ic) (Max)"; Value = "1.5 A"; VariantName = "[No Variations]"
Add component (AddParameter): Name = "Current - Collector Cutoff (Max)"; Value = "100nA"; VariantName = "[No Variations]"
Add component (AddParameter): Name = "DC Current Gain (hFE) (Min) @ Ic, Vce"; Value = "120 @ 100mA, 1V"; VariantName = "[No Variations]"
Add component (AddParameter): Name = "Frequency - Transition"; Value = "100MHz"; VariantName = "[No Variations]"
Add component (AddParameter): Name = "LastUpdated"; Value = "6/3/2024 8:24:16 PM"; VariantName = "[No Variations]"
Add component (AddParameter): Name = "Lifecycle Status"; Value = "Active"; VariantName = "[No Variations]"
Add component (AddParameter): Name = "Manufacturer"; Value = "Micro Commercial Co"; VariantName = "[No Variations]"
Add component (AddParameter): Name = "Minimum Order"; Value = "1"; VariantName = "[No Variations]"
Add component (AddParameter): Name = "Mounting Type"; Value = "Surface Mount"; VariantName = "[No Variations]"
Add component (AddParameter): Name = "Operating Temperature"; Value = "-55°C ~ 150°C (TJ)"; VariantName = "[No Variations]"
Add component (AddParameter): Name = "Package / Case"; Value = "TO-236-3, SC-59, SOT-23-3"; VariantName = "[No Variations]"
Add component (AddParameter): Name = "Packaging"; Value = "TapeAndReel"; VariantName = "[No Variations]"
Add component (AddParameter): Name = "PartId"; Value = "278"; VariantName = "[No Variations]"
Add component (AddParameter): Name = "Part Number"; Value = "MMSS8050-L-TP"; VariantName = "[No Variations]"
Add component (AddParameter): Name = "Part Status"; Value = "Active"; VariantName = "[No Variations]"
Add component (AddParameter): Name = "Power - Max"; Value = "625 mW"; VariantName = "[No Variations]"
Add component (AddParameter): Name = "Price"; Value = "0.01"; VariantName = "[No Variations]"
Add component (AddParameter): Name = "Series"; Value = "-"; VariantName = "[No Variations]"
Add component (AddParameter): Name = "Supplier 1"; Value = "DigiKey"; VariantName = "[No Variations]"
Add component (AddParameter): Name = "Supplier Device Package"; Value = "SOT-23"; VariantName = "[No Variations]"
Add component (AddParameter): Name = "Supplier Part Number 1"; Value = "MMSS8050-L-TPMSCT-ND"; VariantName = "[No Variations]"
Add component (AddParameter): Name = "Transistor Type"; Value = "NPN"; VariantName = "[No Variations]"
Add component (AddParameter): Name = "Vce Saturation (Max) @ Ib, Ic"; Value = "500mV @ 80mA, 800mA"; VariantName = "[No Variations]"
Add component (AddParameter): Name = "Voltage - Collector Emitter Breakdown (Max)"; Value = "25 V"; VariantName = "[No Variations]"
Added Component: Designator=Q4_U_OR_GATE4(MCCSEMI SOT-23-3)
Add component. Clean all parameters for all variants
Add component (AddParameter): Name = "ComponentLink1Description"; Value = "Datasheet"; VariantName = "[No Variations]"
Add component (AddParameter): Name = "ComponentLink1URL"; Value = "https://www.mccsemi.com/pdf/Products/MMSS8050(SOT-23).pdf"; VariantName = "[No Variations]"
Add component (AddParameter): Name = "ComponentLink2Description"; Value = "DigiKey Link"; VariantName = "[No Variations]"
Add component (AddParameter): Name = "ComponentLink2URL"; Value = "https://www.digikey.com/en/products/detail/micro-commercial-co/MMSS8050-L-TP/2827197"; VariantName = "[No Variations]"
Add component (AddParameter): Name = "Current - Collector (Ic) (Max)"; Value = "1.5 A"; VariantName = "[No Variations]"
Add component (AddParameter): Name = "Current - Collector Cutoff (Max)"; Value = "100nA"; VariantName = "[No Variations]"
Add component (AddParameter): Name = "DC Current Gain (hFE) (Min) @ Ic, Vce"; Value = "120 @ 100mA, 1V"; VariantName = "[No Variations]"
Add component (AddParameter): Name = "Frequency - Transition"; Value = "100MHz"; VariantName = "[No Variations]"
Add component (AddParameter): Name = "LastUpdated"; Value = "6/3/2024 8:24:16 PM"; VariantName = "[No Variations]"
Add component (AddParameter): Name = "Lifecycle Status"; Value = "Active"; VariantName = "[No Variations]"
Add component (AddParameter): Name = "Manufacturer"; Value = "Micro Commercial Co"; VariantName = "[No Variations]"
Add component (AddParameter): Name = "Minimum Order"; Value = "1"; VariantName = "[No Variations]"
Add component (AddParameter): Name = "Mounting Type"; Value = "Surface Mount"; VariantName = "[No Variations]"
Add component (AddParameter): Name = "Operating Temperature"; Value = "-55°C ~ 150°C (TJ)"; VariantName = "[No Variations]"
Add component (AddParameter): Name = "Package / Case"; Value = "TO-236-3, SC-59, SOT-23-3"; VariantName = "[No Variations]"
Add component (AddParameter): Name = "Packaging"; Value = "TapeAndReel"; VariantName = "[No Variations]"
Add component (AddParameter): Name = "PartId"; Value = "278"; VariantName = "[No Variations]"
Add component (AddParameter): Name = "Part Number"; Value = "MMSS8050-L-TP"; VariantName = "[No Variations]"
Add component (AddParameter): Name = "Part Status"; Value = "Active"; VariantName = "[No Variations]"
Add component (AddParameter): Name = "Power - Max"; Value = "625 mW"; VariantName = "[No Variations]"
Add component (AddParameter): Name = "Price"; Value = "0.01"; VariantName = "[No Variations]"
Add component (AddParameter): Name = "Series"; Value = "-"; VariantName = "[No Variations]"
Add component (AddParameter): Name = "Supplier 1"; Value = "DigiKey"; VariantName = "[No Variations]"
Add component (AddParameter): Name = "Supplier Device Package"; Value = "SOT-23"; VariantName = "[No Variations]"
Add component (AddParameter): Name = "Supplier Part Number 1"; Value = "MMSS8050-L-TPMSCT-ND"; VariantName = "[No Variations]"
Add component (AddParameter): Name = "Transistor Type"; Value = "NPN"; VariantName = "[No Variations]"
Add component (AddParameter): Name = "Vce Saturation (Max) @ Ib, Ic"; Value = "500mV @ 80mA, 800mA"; VariantName = "[No Variations]"
Add component (AddParameter): Name = "Voltage - Collector Emitter Breakdown (Max)"; Value = "25 V"; VariantName = "[No Variations]"
Added Component: Designator=Q5_U_OR_GATE3(MCCSEMI SOT-23-3)
Add component. Clean all parameters for all variants
Add component (AddParameter): Name = "ComponentLink1Description"; Value = "Datasheet"; VariantName = "[No Variations]"
Add component (AddParameter): Name = "ComponentLink1URL"; Value = "https://www.mccsemi.com/pdf/Products/MMSS8050(SOT-23).pdf"; VariantName = "[No Variations]"
Add component (AddParameter): Name = "ComponentLink2Description"; Value = "DigiKey Link"; VariantName = "[No Variations]"
Add component (AddParameter): Name = "ComponentLink2URL"; Value = "https://www.digikey.com/en/products/detail/micro-commercial-co/MMSS8050-L-TP/2827197"; VariantName = "[No Variations]"
Add component (AddParameter): Name = "Current - Collector (Ic) (Max)"; Value = "1.5 A"; VariantName = "[No Variations]"
Add component (AddParameter): Name = "Current - Collector Cutoff (Max)"; Value = "100nA"; VariantName = "[No Variations]"
Add component (AddParameter): Name = "DC Current Gain (hFE) (Min) @ Ic, Vce"; Value = "120 @ 100mA, 1V"; VariantName = "[No Variations]"
Add component (AddParameter): Name = "Frequency - Transition"; Value = "100MHz"; VariantName = "[No Variations]"
Add component (AddParameter): Name = "LastUpdated"; Value = "6/3/2024 8:24:16 PM"; VariantName = "[No Variations]"
Add component (AddParameter): Name = "Lifecycle Status"; Value = "Active"; VariantName = "[No Variations]"
Add component (AddParameter): Name = "Manufacturer"; Value = "Micro Commercial Co"; VariantName = "[No Variations]"
Add component (AddParameter): Name = "Minimum Order"; Value = "1"; VariantName = "[No Variations]"
Add component (AddParameter): Name = "Mounting Type"; Value = "Surface Mount"; VariantName = "[No Variations]"
Add component (AddParameter): Name = "Operating Temperature"; Value = "-55°C ~ 150°C (TJ)"; VariantName = "[No Variations]"
Add component (AddParameter): Name = "Package / Case"; Value = "TO-236-3, SC-59, SOT-23-3"; VariantName = "[No Variations]"
Add component (AddParameter): Name = "Packaging"; Value = "TapeAndReel"; VariantName = "[No Variations]"
Add component (AddParameter): Name = "PartId"; Value = "278"; VariantName = "[No Variations]"
Add component (AddParameter): Name = "Part Number"; Value = "MMSS8050-L-TP"; VariantName = "[No Variations]"
Add component (AddParameter): Name = "Part Status"; Value = "Active"; VariantName = "[No Variations]"
Add component (AddParameter): Name = "Power - Max"; Value = "625 mW"; VariantName = "[No Variations]"
Add component (AddParameter): Name = "Price"; Value = "0.01"; VariantName = "[No Variations]"
Add component (AddParameter): Name = "Series"; Value = "-"; VariantName = "[No Variations]"
Add component (AddParameter): Name = "Supplier 1"; Value = "DigiKey"; VariantName = "[No Variations]"
Add component (AddParameter): Name = "Supplier Device Package"; Value = "SOT-23"; VariantName = "[No Variations]"
Add component (AddParameter): Name = "Supplier Part Number 1"; Value = "MMSS8050-L-TPMSCT-ND"; VariantName = "[No Variations]"
Add component (AddParameter): Name = "Transistor Type"; Value = "NPN"; VariantName = "[No Variations]"
Add component (AddParameter): Name = "Vce Saturation (Max) @ Ib, Ic"; Value = "500mV @ 80mA, 800mA"; VariantName = "[No Variations]"
Add component (AddParameter): Name = "Voltage - Collector Emitter Breakdown (Max)"; Value = "25 V"; VariantName = "[No Variations]"
Added Component: Designator=Q5_U_OR_GATE4(MCCSEMI SOT-23-3)
Add component. Clean all parameters for all variants
Add component (AddParameter): Name = "ComponentLink1Description"; Value = "Datasheet"; VariantName = "[No Variations]"
Add component (AddParameter): Name = "ComponentLink1URL"; Value = "https://www.mccsemi.com/pdf/Products/MMSS8050(SOT-23).pdf"; VariantName = "[No Variations]"
Add component (AddParameter): Name = "ComponentLink2Description"; Value = "DigiKey Link"; VariantName = "[No Variations]"
Add component (AddParameter): Name = "ComponentLink2URL"; Value = "https://www.digikey.com/en/products/detail/micro-commercial-co/MMSS8050-L-TP/2827197"; VariantName = "[No Variations]"
Add component (AddParameter): Name = "Current - Collector (Ic) (Max)"; Value = "1.5 A"; VariantName = "[No Variations]"
Add component (AddParameter): Name = "Current - Collector Cutoff (Max)"; Value = "100nA"; VariantName = "[No Variations]"
Add component (AddParameter): Name = "DC Current Gain (hFE) (Min) @ Ic, Vce"; Value = "120 @ 100mA, 1V"; VariantName = "[No Variations]"
Add component (AddParameter): Name = "Frequency - Transition"; Value = "100MHz"; VariantName = "[No Variations]"
Add component (AddParameter): Name = "LastUpdated"; Value = "6/3/2024 8:24:16 PM"; VariantName = "[No Variations]"
Add component (AddParameter): Name = "Lifecycle Status"; Value = "Active"; VariantName = "[No Variations]"
Add component (AddParameter): Name = "Manufacturer"; Value = "Micro Commercial Co"; VariantName = "[No Variations]"
Add component (AddParameter): Name = "Minimum Order"; Value = "1"; VariantName = "[No Variations]"
Add component (AddParameter): Name = "Mounting Type"; Value = "Surface Mount"; VariantName = "[No Variations]"
Add component (AddParameter): Name = "Operating Temperature"; Value = "-55°C ~ 150°C (TJ)"; VariantName = "[No Variations]"
Add component (AddParameter): Name = "Package / Case"; Value = "TO-236-3, SC-59, SOT-23-3"; VariantName = "[No Variations]"
Add component (AddParameter): Name = "Packaging"; Value = "TapeAndReel"; VariantName = "[No Variations]"
Add component (AddParameter): Name = "PartId"; Value = "278"; VariantName = "[No Variations]"
Add component (AddParameter): Name = "Part Number"; Value = "MMSS8050-L-TP"; VariantName = "[No Variations]"
Add component (AddParameter): Name = "Part Status"; Value = "Active"; VariantName = "[No Variations]"
Add component (AddParameter): Name = "Power - Max"; Value = "625 mW"; VariantName = "[No Variations]"
Add component (AddParameter): Name = "Price"; Value = "0.01"; VariantName = "[No Variations]"
Add component (AddParameter): Name = "Series"; Value = "-"; VariantName = "[No Variations]"
Add component (AddParameter): Name = "Supplier 1"; Value = "DigiKey"; VariantName = "[No Variations]"
Add component (AddParameter): Name = "Supplier Device Package"; Value = "SOT-23"; VariantName = "[No Variations]"
Add component (AddParameter): Name = "Supplier Part Number 1"; Value = "MMSS8050-L-TPMSCT-ND"; VariantName = "[No Variations]"
Add component (AddParameter): Name = "Transistor Type"; Value = "NPN"; VariantName = "[No Variations]"
Add component (AddParameter): Name = "Vce Saturation (Max) @ Ib, Ic"; Value = "500mV @ 80mA, 800mA"; VariantName = "[No Variations]"
Add component (AddParameter): Name = "Voltage - Collector Emitter Breakdown (Max)"; Value = "25 V"; VariantName = "[No Variations]"
Added Component: Designator=Q6_U_OR_GATE3(MCCSEMI SOT-23-3)
Add component. Clean all parameters for all variants
Add component (AddParameter): Name = "ComponentLink1Description"; Value = "Datasheet"; VariantName = "[No Variations]"
Add component (AddParameter): Name = "ComponentLink1URL"; Value = "https://www.mccsemi.com/pdf/Products/MMSS8050(SOT-23).pdf"; VariantName = "[No Variations]"
Add component (AddParameter): Name = "ComponentLink2Description"; Value = "DigiKey Link"; VariantName = "[No Variations]"
Add component (AddParameter): Name = "ComponentLink2URL"; Value = "https://www.digikey.com/en/products/detail/micro-commercial-co/MMSS8050-L-TP/2827197"; VariantName = "[No Variations]"
Add component (AddParameter): Name = "Current - Collector (Ic) (Max)"; Value = "1.5 A"; VariantName = "[No Variations]"
Add component (AddParameter): Name = "Current - Collector Cutoff (Max)"; Value = "100nA"; VariantName = "[No Variations]"
Add component (AddParameter): Name = "DC Current Gain (hFE) (Min) @ Ic, Vce"; Value = "120 @ 100mA, 1V"; VariantName = "[No Variations]"
Add component (AddParameter): Name = "Frequency - Transition"; Value = "100MHz"; VariantName = "[No Variations]"
Add component (AddParameter): Name = "LastUpdated"; Value = "6/3/2024 8:24:16 PM"; VariantName = "[No Variations]"
Add component (AddParameter): Name = "Lifecycle Status"; Value = "Active"; VariantName = "[No Variations]"
Add component (AddParameter): Name = "Manufacturer"; Value = "Micro Commercial Co"; VariantName = "[No Variations]"
Add component (AddParameter): Name = "Minimum Order"; Value = "1"; VariantName = "[No Variations]"
Add component (AddParameter): Name = "Mounting Type"; Value = "Surface Mount"; VariantName = "[No Variations]"
Add component (AddParameter): Name = "Operating Temperature"; Value = "-55°C ~ 150°C (TJ)"; VariantName = "[No Variations]"
Add component (AddParameter): Name = "Package / Case"; Value = "TO-236-3, SC-59, SOT-23-3"; VariantName = "[No Variations]"
Add component (AddParameter): Name = "Packaging"; Value = "TapeAndReel"; VariantName = "[No Variations]"
Add component (AddParameter): Name = "PartId"; Value = "278"; VariantName = "[No Variations]"
Add component (AddParameter): Name = "Part Number"; Value = "MMSS8050-L-TP"; VariantName = "[No Variations]"
Add component (AddParameter): Name = "Part Status"; Value = "Active"; VariantName = "[No Variations]"
Add component (AddParameter): Name = "Power - Max"; Value = "625 mW"; VariantName = "[No Variations]"
Add component (AddParameter): Name = "Price"; Value = "0.01"; VariantName = "[No Variations]"
Add component (AddParameter): Name = "Series"; Value = "-"; VariantName = "[No Variations]"
Add component (AddParameter): Name = "Supplier 1"; Value = "DigiKey"; VariantName = "[No Variations]"
Add component (AddParameter): Name = "Supplier Device Package"; Value = "SOT-23"; VariantName = "[No Variations]"
Add component (AddParameter): Name = "Supplier Part Number 1"; Value = "MMSS8050-L-TPMSCT-ND"; VariantName = "[No Variations]"
Add component (AddParameter): Name = "Transistor Type"; Value = "NPN"; VariantName = "[No Variations]"
Add component (AddParameter): Name = "Vce Saturation (Max) @ Ib, Ic"; Value = "500mV @ 80mA, 800mA"; VariantName = "[No Variations]"
Add component (AddParameter): Name = "Voltage - Collector Emitter Breakdown (Max)"; Value = "25 V"; VariantName = "[No Variations]"
Added Component: Designator=Q6_U_OR_GATE4(MCCSEMI SOT-23-3)
Add component. Clean all parameters for all variants
Add component (AddParameter): Name = "ComponentLink1Description"; Value = "Datasheet"; VariantName = "[No Variations]"
Add component (AddParameter): Name = "ComponentLink1URL"; Value = "https://www.mccsemi.com/pdf/Products/MMSS8050(SOT-23).pdf"; VariantName = "[No Variations]"
Add component (AddParameter): Name = "ComponentLink2Description"; Value = "DigiKey Link"; VariantName = "[No Variations]"
Add component (AddParameter): Name = "ComponentLink2URL"; Value = "https://www.digikey.com/en/products/detail/micro-commercial-co/MMSS8050-L-TP/2827197"; VariantName = "[No Variations]"
Add component (AddParameter): Name = "Current - Collector (Ic) (Max)"; Value = "1.5 A"; VariantName = "[No Variations]"
Add component (AddParameter): Name = "Current - Collector Cutoff (Max)"; Value = "100nA"; VariantName = "[No Variations]"
Add component (AddParameter): Name = "DC Current Gain (hFE) (Min) @ Ic, Vce"; Value = "120 @ 100mA, 1V"; VariantName = "[No Variations]"
Add component (AddParameter): Name = "Frequency - Transition"; Value = "100MHz"; VariantName = "[No Variations]"
Add component (AddParameter): Name = "LastUpdated"; Value = "6/3/2024 8:24:16 PM"; VariantName = "[No Variations]"
Add component (AddParameter): Name = "Lifecycle Status"; Value = "Active"; VariantName = "[No Variations]"
Add component (AddParameter): Name = "Manufacturer"; Value = "Micro Commercial Co"; VariantName = "[No Variations]"
Add component (AddParameter): Name = "Minimum Order"; Value = "1"; VariantName = "[No Variations]"
Add component (AddParameter): Name = "Mounting Type"; Value = "Surface Mount"; VariantName = "[No Variations]"
Add component (AddParameter): Name = "Operating Temperature"; Value = "-55°C ~ 150°C (TJ)"; VariantName = "[No Variations]"
Add component (AddParameter): Name = "Package / Case"; Value = "TO-236-3, SC-59, SOT-23-3"; VariantName = "[No Variations]"
Add component (AddParameter): Name = "Packaging"; Value = "TapeAndReel"; VariantName = "[No Variations]"
Add component (AddParameter): Name = "PartId"; Value = "278"; VariantName = "[No Variations]"
Add component (AddParameter): Name = "Part Number"; Value = "MMSS8050-L-TP"; VariantName = "[No Variations]"
Add component (AddParameter): Name = "Part Status"; Value = "Active"; VariantName = "[No Variations]"
Add component (AddParameter): Name = "Power - Max"; Value = "625 mW"; VariantName = "[No Variations]"
Add component (AddParameter): Name = "Price"; Value = "0.01"; VariantName = "[No Variations]"
Add component (AddParameter): Name = "Series"; Value = "-"; VariantName = "[No Variations]"
Add component (AddParameter): Name = "Supplier 1"; Value = "DigiKey"; VariantName = "[No Variations]"
Add component (AddParameter): Name = "Supplier Device Package"; Value = "SOT-23"; VariantName = "[No Variations]"
Add component (AddParameter): Name = "Supplier Part Number 1"; Value = "MMSS8050-L-TPMSCT-ND"; VariantName = "[No Variations]"
Add component (AddParameter): Name = "Transistor Type"; Value = "NPN"; VariantName = "[No Variations]"
Add component (AddParameter): Name = "Vce Saturation (Max) @ Ib, Ic"; Value = "500mV @ 80mA, 800mA"; VariantName = "[No Variations]"
Add component (AddParameter): Name = "Voltage - Collector Emitter Breakdown (Max)"; Value = "25 V"; VariantName = "[No Variations]"
Added Component: Designator=R1_U_AND_GATE1(RES 0603_1608)
Add component. Clean all parameters for all variants
Add component (AddParameter): Name = "ComponentLink1Description"; Value = "Datasheet"; VariantName = "[No Variations]"
Add component (AddParameter): Name = "ComponentLink1URL"; Value = "https://www.te.com/commerce/DocumentDelivery/DDEController?Action=srchrtrv&DocNm=1773200&DocType=DS&DocLang=English"; VariantName = "[No Variations]"
Add component (AddParameter): Name = "ComponentLink2Description"; Value = "DigiKey Link"; VariantName = "[No Variations]"
Add component (AddParameter): Name = "ComponentLink2URL"; Value = "https://www.digikey.com/en/products/detail/te-connectivity-passive-product/CPF0603B1K0E/2390473"; VariantName = "[No Variations]"
Add component (AddParameter): Name = "Composition"; Value = "Thin Film"; VariantName = "[No Variations]"
Add component (AddParameter): Name = "Device Package"; Value = "0603 (1608 Metric)"; VariantName = "[No Variations]"
Add component (AddParameter): Name = "Height - Seated (Max)"; Value = "0.022" (0.55mm)"; VariantName = "[No Variations]"
Add component (AddParameter): Name = "LastUpdated"; Value = "2/9/2024 8:43:37 PM"; VariantName = "[No Variations]"
Add component (AddParameter): Name = "Lifecycle Status"; Value = "Active"; VariantName = "[No Variations]"
Add component (AddParameter): Name = "Manufacturer"; Value = "TE Connectivity Passive Product"; VariantName = "[No Variations]"
Add component (AddParameter): Name = "Minimum Order"; Value = "1"; VariantName = "[No Variations]"
Add component (AddParameter): Name = "Number of Terminations"; Value = "2"; VariantName = "[No Variations]"
Add component (AddParameter): Name = "Operating Temperature"; Value = "-55°C ~ 155°C"; VariantName = "[No Variations]"
Add component (AddParameter): Name = "Package / Case"; Value = "0603 (1608 Metric)"; VariantName = "[No Variations]"
Add component (AddParameter): Name = "Packaging"; Value = "TapeAndReel"; VariantName = "[No Variations]"
Add component (AddParameter): Name = "PartId"; Value = "4877"; VariantName = "[No Variations]"
Add component (AddParameter): Name = "Part Number"; Value = "CPF0603B1K0E"; VariantName = "[No Variations]"
Add component (AddParameter): Name = "Part Status"; Value = "Active"; VariantName = "[No Variations]"
Add component (AddParameter): Name = "Power (Watts)"; Value = "0.063W, 1/16W"; VariantName = "[No Variations]"
Add component (AddParameter): Name = "Price"; Value = "0.09"; VariantName = "[No Variations]"
Add component (AddParameter): Name = "Resistance"; Value = "1 kOhms"; VariantName = "[No Variations]"
Add component (AddParameter): Name = "Series"; Value = "CPF, Neohm"; VariantName = "[No Variations]"
Add component (AddParameter): Name = "Size / Dimension"; Value = "0.061" L x 0.031" W (1.55mm x 0.80mm)"; VariantName = "[No Variations]"
Add component (AddParameter): Name = "Supplier 1"; Value = "DigiKey"; VariantName = "[No Variations]"
Add component (AddParameter): Name = "Supplier Device Package"; Value = "0603"; VariantName = "[No Variations]"
Add component (AddParameter): Name = "Supplier Part Number 1"; Value = "A119887CT-ND"; VariantName = "[No Variations]"
Add component (AddParameter): Name = "Temperature Coefficient"; Value = "±25ppm/°C"; VariantName = "[No Variations]"
Add component (AddParameter): Name = "Tolerance"; Value = "±0.1%"; VariantName = "[No Variations]"
Add component (AddParameter): Name = "Value"; Value = "1 kOhms"; VariantName = "[No Variations]"
Added Component: Designator=R1_U_AND_GATE2(RES 0603_1608)
Add component. Clean all parameters for all variants
Add component (AddParameter): Name = "ComponentLink1Description"; Value = "Datasheet"; VariantName = "[No Variations]"
Add component (AddParameter): Name = "ComponentLink1URL"; Value = "https://www.te.com/commerce/DocumentDelivery/DDEController?Action=srchrtrv&DocNm=1773200&DocType=DS&DocLang=English"; VariantName = "[No Variations]"
Add component (AddParameter): Name = "ComponentLink2Description"; Value = "DigiKey Link"; VariantName = "[No Variations]"
Add component (AddParameter): Name = "ComponentLink2URL"; Value = "https://www.digikey.com/en/products/detail/te-connectivity-passive-product/CPF0603B1K0E/2390473"; VariantName = "[No Variations]"
Add component (AddParameter): Name = "Composition"; Value = "Thin Film"; VariantName = "[No Variations]"
Add component (AddParameter): Name = "Device Package"; Value = "0603 (1608 Metric)"; VariantName = "[No Variations]"
Add component (AddParameter): Name = "Height - Seated (Max)"; Value = "0.022" (0.55mm)"; VariantName = "[No Variations]"
Add component (AddParameter): Name = "LastUpdated"; Value = "2/9/2024 8:43:37 PM"; VariantName = "[No Variations]"
Add component (AddParameter): Name = "Lifecycle Status"; Value = "Active"; VariantName = "[No Variations]"
Add component (AddParameter): Name = "Manufacturer"; Value = "TE Connectivity Passive Product"; VariantName = "[No Variations]"
Add component (AddParameter): Name = "Minimum Order"; Value = "1"; VariantName = "[No Variations]"
Add component (AddParameter): Name = "Number of Terminations"; Value = "2"; VariantName = "[No Variations]"
Add component (AddParameter): Name = "Operating Temperature"; Value = "-55°C ~ 155°C"; VariantName = "[No Variations]"
Add component (AddParameter): Name = "Package / Case"; Value = "0603 (1608 Metric)"; VariantName = "[No Variations]"
Add component (AddParameter): Name = "Packaging"; Value = "TapeAndReel"; VariantName = "[No Variations]"
Add component (AddParameter): Name = "PartId"; Value = "4877"; VariantName = "[No Variations]"
Add component (AddParameter): Name = "Part Number"; Value = "CPF0603B1K0E"; VariantName = "[No Variations]"
Add component (AddParameter): Name = "Part Status"; Value = "Active"; VariantName = "[No Variations]"
Add component (AddParameter): Name = "Power (Watts)"; Value = "0.063W, 1/16W"; VariantName = "[No Variations]"
Add component (AddParameter): Name = "Price"; Value = "0.09"; VariantName = "[No Variations]"
Add component (AddParameter): Name = "Resistance"; Value = "1 kOhms"; VariantName = "[No Variations]"
Add component (AddParameter): Name = "Series"; Value = "CPF, Neohm"; VariantName = "[No Variations]"
Add component (AddParameter): Name = "Size / Dimension"; Value = "0.061" L x 0.031" W (1.55mm x 0.80mm)"; VariantName = "[No Variations]"
Add component (AddParameter): Name = "Supplier 1"; Value = "DigiKey"; VariantName = "[No Variations]"
Add component (AddParameter): Name = "Supplier Device Package"; Value = "0603"; VariantName = "[No Variations]"
Add component (AddParameter): Name = "Supplier Part Number 1"; Value = "A119887CT-ND"; VariantName = "[No Variations]"
Add component (AddParameter): Name = "Temperature Coefficient"; Value = "±25ppm/°C"; VariantName = "[No Variations]"
Add component (AddParameter): Name = "Tolerance"; Value = "±0.1%"; VariantName = "[No Variations]"
Add component (AddParameter): Name = "Value"; Value = "1 kOhms"; VariantName = "[No Variations]"
Added Component: Designator=R2_U_AND_GATE1(RES 0603_1608)
Add component. Clean all parameters for all variants
Add component (AddParameter): Name = "ComponentLink1Description"; Value = "Datasheet"; VariantName = "[No Variations]"
Add component (AddParameter): Name = "ComponentLink1URL"; Value = "https://www.te.com/commerce/DocumentDelivery/DDEController?Action=srchrtrv&DocNm=1773200&DocType=DS&DocLang=English"; VariantName = "[No Variations]"
Add component (AddParameter): Name = "ComponentLink2Description"; Value = "DigiKey Link"; VariantName = "[No Variations]"
Add component (AddParameter): Name = "ComponentLink2URL"; Value = "https://www.digikey.com/en/products/detail/te-connectivity-passive-product/CPF0603B1K0E/2390473"; VariantName = "[No Variations]"
Add component (AddParameter): Name = "Composition"; Value = "Thin Film"; VariantName = "[No Variations]"
Add component (AddParameter): Name = "Device Package"; Value = "0603 (1608 Metric)"; VariantName = "[No Variations]"
Add component (AddParameter): Name = "Height - Seated (Max)"; Value = "0.022" (0.55mm)"; VariantName = "[No Variations]"
Add component (AddParameter): Name = "LastUpdated"; Value = "2/9/2024 8:43:37 PM"; VariantName = "[No Variations]"
Add component (AddParameter): Name = "Lifecycle Status"; Value = "Active"; VariantName = "[No Variations]"
Add component (AddParameter): Name = "Manufacturer"; Value = "TE Connectivity Passive Product"; VariantName = "[No Variations]"
Add component (AddParameter): Name = "Minimum Order"; Value = "1"; VariantName = "[No Variations]"
Add component (AddParameter): Name = "Number of Terminations"; Value = "2"; VariantName = "[No Variations]"
Add component (AddParameter): Name = "Operating Temperature"; Value = "-55°C ~ 155°C"; VariantName = "[No Variations]"
Add component (AddParameter): Name = "Package / Case"; Value = "0603 (1608 Metric)"; VariantName = "[No Variations]"
Add component (AddParameter): Name = "Packaging"; Value = "TapeAndReel"; VariantName = "[No Variations]"
Add component (AddParameter): Name = "PartId"; Value = "4877"; VariantName = "[No Variations]"
Add component (AddParameter): Name = "Part Number"; Value = "CPF0603B1K0E"; VariantName = "[No Variations]"
Add component (AddParameter): Name = "Part Status"; Value = "Active"; VariantName = "[No Variations]"
Add component (AddParameter): Name = "Power (Watts)"; Value = "0.063W, 1/16W"; VariantName = "[No Variations]"
Add component (AddParameter): Name = "Price"; Value = "0.09"; VariantName = "[No Variations]"
Add component (AddParameter): Name = "Resistance"; Value = "1 kOhms"; VariantName = "[No Variations]"
Add component (AddParameter): Name = "Series"; Value = "CPF, Neohm"; VariantName = "[No Variations]"
Add component (AddParameter): Name = "Size / Dimension"; Value = "0.061" L x 0.031" W (1.55mm x 0.80mm)"; VariantName = "[No Variations]"
Add component (AddParameter): Name = "Supplier 1"; Value = "DigiKey"; VariantName = "[No Variations]"
Add component (AddParameter): Name = "Supplier Device Package"; Value = "0603"; VariantName = "[No Variations]"
Add component (AddParameter): Name = "Supplier Part Number 1"; Value = "A119887CT-ND"; VariantName = "[No Variations]"
Add component (AddParameter): Name = "Temperature Coefficient"; Value = "±25ppm/°C"; VariantName = "[No Variations]"
Add component (AddParameter): Name = "Tolerance"; Value = "±0.1%"; VariantName = "[No Variations]"
Add component (AddParameter): Name = "Value"; Value = "1 kOhms"; VariantName = "[No Variations]"
Added Component: Designator=R2_U_AND_GATE2(RES 0603_1608)
Add component. Clean all parameters for all variants
Add component (AddParameter): Name = "ComponentLink1Description"; Value = "Datasheet"; VariantName = "[No Variations]"
Add component (AddParameter): Name = "ComponentLink1URL"; Value = "https://www.te.com/commerce/DocumentDelivery/DDEController?Action=srchrtrv&DocNm=1773200&DocType=DS&DocLang=English"; VariantName = "[No Variations]"
Add component (AddParameter): Name = "ComponentLink2Description"; Value = "DigiKey Link"; VariantName = "[No Variations]"
Add component (AddParameter): Name = "ComponentLink2URL"; Value = "https://www.digikey.com/en/products/detail/te-connectivity-passive-product/CPF0603B1K0E/2390473"; VariantName = "[No Variations]"
Add component (AddParameter): Name = "Composition"; Value = "Thin Film"; VariantName = "[No Variations]"
Add component (AddParameter): Name = "Device Package"; Value = "0603 (1608 Metric)"; VariantName = "[No Variations]"
Add component (AddParameter): Name = "Height - Seated (Max)"; Value = "0.022" (0.55mm)"; VariantName = "[No Variations]"
Add component (AddParameter): Name = "LastUpdated"; Value = "2/9/2024 8:43:37 PM"; VariantName = "[No Variations]"
Add component (AddParameter): Name = "Lifecycle Status"; Value = "Active"; VariantName = "[No Variations]"
Add component (AddParameter): Name = "Manufacturer"; Value = "TE Connectivity Passive Product"; VariantName = "[No Variations]"
Add component (AddParameter): Name = "Minimum Order"; Value = "1"; VariantName = "[No Variations]"
Add component (AddParameter): Name = "Number of Terminations"; Value = "2"; VariantName = "[No Variations]"
Add component (AddParameter): Name = "Operating Temperature"; Value = "-55°C ~ 155°C"; VariantName = "[No Variations]"
Add component (AddParameter): Name = "Package / Case"; Value = "0603 (1608 Metric)"; VariantName = "[No Variations]"
Add component (AddParameter): Name = "Packaging"; Value = "TapeAndReel"; VariantName = "[No Variations]"
Add component (AddParameter): Name = "PartId"; Value = "4877"; VariantName = "[No Variations]"
Add component (AddParameter): Name = "Part Number"; Value = "CPF0603B1K0E"; VariantName = "[No Variations]"
Add component (AddParameter): Name = "Part Status"; Value = "Active"; VariantName = "[No Variations]"
Add component (AddParameter): Name = "Power (Watts)"; Value = "0.063W, 1/16W"; VariantName = "[No Variations]"
Add component (AddParameter): Name = "Price"; Value = "0.09"; VariantName = "[No Variations]"
Add component (AddParameter): Name = "Resistance"; Value = "1 kOhms"; VariantName = "[No Variations]"
Add component (AddParameter): Name = "Series"; Value = "CPF, Neohm"; VariantName = "[No Variations]"
Add component (AddParameter): Name = "Size / Dimension"; Value = "0.061" L x 0.031" W (1.55mm x 0.80mm)"; VariantName = "[No Variations]"
Add component (AddParameter): Name = "Supplier 1"; Value = "DigiKey"; VariantName = "[No Variations]"
Add component (AddParameter): Name = "Supplier Device Package"; Value = "0603"; VariantName = "[No Variations]"
Add component (AddParameter): Name = "Supplier Part Number 1"; Value = "A119887CT-ND"; VariantName = "[No Variations]"
Add component (AddParameter): Name = "Temperature Coefficient"; Value = "±25ppm/°C"; VariantName = "[No Variations]"
Add component (AddParameter): Name = "Tolerance"; Value = "±0.1%"; VariantName = "[No Variations]"
Add component (AddParameter): Name = "Value"; Value = "1 kOhms"; VariantName = "[No Variations]"
Added Component: Designator=R3_U_AND_GATE1(RES 0603_1608)
Add component. Clean all parameters for all variants
Add component (AddParameter): Name = "ComponentLink1Description"; Value = "Datasheet"; VariantName = "[No Variations]"
Add component (AddParameter): Name = "ComponentLink1URL"; Value = "https://www.te.com/commerce/DocumentDelivery/DDEController?Action=srchrtrv&DocNm=1773200&DocType=DS&DocLang=English"; VariantName = "[No Variations]"
Add component (AddParameter): Name = "ComponentLink2Description"; Value = "DigiKey Link"; VariantName = "[No Variations]"
Add component (AddParameter): Name = "ComponentLink2URL"; Value = "https://www.digikey.com/en/products/detail/te-connectivity-passive-product/CPF0603B1K0E/2390473"; VariantName = "[No Variations]"
Add component (AddParameter): Name = "Composition"; Value = "Thin Film"; VariantName = "[No Variations]"
Add component (AddParameter): Name = "Device Package"; Value = "0603 (1608 Metric)"; VariantName = "[No Variations]"
Add component (AddParameter): Name = "Height - Seated (Max)"; Value = "0.022" (0.55mm)"; VariantName = "[No Variations]"
Add component (AddParameter): Name = "LastUpdated"; Value = "2/9/2024 8:43:37 PM"; VariantName = "[No Variations]"
Add component (AddParameter): Name = "Lifecycle Status"; Value = "Active"; VariantName = "[No Variations]"
Add component (AddParameter): Name = "Manufacturer"; Value = "TE Connectivity Passive Product"; VariantName = "[No Variations]"
Add component (AddParameter): Name = "Minimum Order"; Value = "1"; VariantName = "[No Variations]"
Add component (AddParameter): Name = "Number of Terminations"; Value = "2"; VariantName = "[No Variations]"
Add component (AddParameter): Name = "Operating Temperature"; Value = "-55°C ~ 155°C"; VariantName = "[No Variations]"
Add component (AddParameter): Name = "Package / Case"; Value = "0603 (1608 Metric)"; VariantName = "[No Variations]"
Add component (AddParameter): Name = "Packaging"; Value = "TapeAndReel"; VariantName = "[No Variations]"
Add component (AddParameter): Name = "PartId"; Value = "4877"; VariantName = "[No Variations]"
Add component (AddParameter): Name = "Part Number"; Value = "CPF0603B1K0E"; VariantName = "[No Variations]"
Add component (AddParameter): Name = "Part Status"; Value = "Active"; VariantName = "[No Variations]"
Add component (AddParameter): Name = "Power (Watts)"; Value = "0.063W, 1/16W"; VariantName = "[No Variations]"
Add component (AddParameter): Name = "Price"; Value = "0.09"; VariantName = "[No Variations]"
Add component (AddParameter): Name = "Resistance"; Value = "1 kOhms"; VariantName = "[No Variations]"
Add component (AddParameter): Name = "Series"; Value = "CPF, Neohm"; VariantName = "[No Variations]"
Add component (AddParameter): Name = "Size / Dimension"; Value = "0.061" L x 0.031" W (1.55mm x 0.80mm)"; VariantName = "[No Variations]"
Add component (AddParameter): Name = "Supplier 1"; Value = "DigiKey"; VariantName = "[No Variations]"
Add component (AddParameter): Name = "Supplier Device Package"; Value = "0603"; VariantName = "[No Variations]"
Add component (AddParameter): Name = "Supplier Part Number 1"; Value = "A119887CT-ND"; VariantName = "[No Variations]"
Add component (AddParameter): Name = "Temperature Coefficient"; Value = "±25ppm/°C"; VariantName = "[No Variations]"
Add component (AddParameter): Name = "Tolerance"; Value = "±0.1%"; VariantName = "[No Variations]"
Add component (AddParameter): Name = "Value"; Value = "1 kOhms"; VariantName = "[No Variations]"
Added Component: Designator=R3_U_AND_GATE2(RES 0603_1608)
Add component. Clean all parameters for all variants
Add component (AddParameter): Name = "ComponentLink1Description"; Value = "Datasheet"; VariantName = "[No Variations]"
Add component (AddParameter): Name = "ComponentLink1URL"; Value = "https://www.te.com/commerce/DocumentDelivery/DDEController?Action=srchrtrv&DocNm=1773200&DocType=DS&DocLang=English"; VariantName = "[No Variations]"
Add component (AddParameter): Name = "ComponentLink2Description"; Value = "DigiKey Link"; VariantName = "[No Variations]"
Add component (AddParameter): Name = "ComponentLink2URL"; Value = "https://www.digikey.com/en/products/detail/te-connectivity-passive-product/CPF0603B1K0E/2390473"; VariantName = "[No Variations]"
Add component (AddParameter): Name = "Composition"; Value = "Thin Film"; VariantName = "[No Variations]"
Add component (AddParameter): Name = "Device Package"; Value = "0603 (1608 Metric)"; VariantName = "[No Variations]"
Add component (AddParameter): Name = "Height - Seated (Max)"; Value = "0.022" (0.55mm)"; VariantName = "[No Variations]"
Add component (AddParameter): Name = "LastUpdated"; Value = "2/9/2024 8:43:37 PM"; VariantName = "[No Variations]"
Add component (AddParameter): Name = "Lifecycle Status"; Value = "Active"; VariantName = "[No Variations]"
Add component (AddParameter): Name = "Manufacturer"; Value = "TE Connectivity Passive Product"; VariantName = "[No Variations]"
Add component (AddParameter): Name = "Minimum Order"; Value = "1"; VariantName = "[No Variations]"
Add component (AddParameter): Name = "Number of Terminations"; Value = "2"; VariantName = "[No Variations]"
Add component (AddParameter): Name = "Operating Temperature"; Value = "-55°C ~ 155°C"; VariantName = "[No Variations]"
Add component (AddParameter): Name = "Package / Case"; Value = "0603 (1608 Metric)"; VariantName = "[No Variations]"
Add component (AddParameter): Name = "Packaging"; Value = "TapeAndReel"; VariantName = "[No Variations]"
Add component (AddParameter): Name = "PartId"; Value = "4877"; VariantName = "[No Variations]"
Add component (AddParameter): Name = "Part Number"; Value = "CPF0603B1K0E"; VariantName = "[No Variations]"
Add component (AddParameter): Name = "Part Status"; Value = "Active"; VariantName = "[No Variations]"
Add component (AddParameter): Name = "Power (Watts)"; Value = "0.063W, 1/16W"; VariantName = "[No Variations]"
Add component (AddParameter): Name = "Price"; Value = "0.09"; VariantName = "[No Variations]"
Add component (AddParameter): Name = "Resistance"; Value = "1 kOhms"; VariantName = "[No Variations]"
Add component (AddParameter): Name = "Series"; Value = "CPF, Neohm"; VariantName = "[No Variations]"
Add component (AddParameter): Name = "Size / Dimension"; Value = "0.061" L x 0.031" W (1.55mm x 0.80mm)"; VariantName = "[No Variations]"
Add component (AddParameter): Name = "Supplier 1"; Value = "DigiKey"; VariantName = "[No Variations]"
Add component (AddParameter): Name = "Supplier Device Package"; Value = "0603"; VariantName = "[No Variations]"
Add component (AddParameter): Name = "Supplier Part Number 1"; Value = "A119887CT-ND"; VariantName = "[No Variations]"
Add component (AddParameter): Name = "Temperature Coefficient"; Value = "±25ppm/°C"; VariantName = "[No Variations]"
Add component (AddParameter): Name = "Tolerance"; Value = "±0.1%"; VariantName = "[No Variations]"
Add component (AddParameter): Name = "Value"; Value = "1 kOhms"; VariantName = "[No Variations]"
Added Component: Designator=R4_U_OR_GATE3(RES 0603_1608)
Add component. Clean all parameters for all variants
Add component (AddParameter): Name = "ComponentLink1Description"; Value = "Datasheet"; VariantName = "[No Variations]"
Add component (AddParameter): Name = "ComponentLink1URL"; Value = "https://www.te.com/commerce/DocumentDelivery/DDEController?Action=srchrtrv&DocNm=1773200&DocType=DS&DocLang=English"; VariantName = "[No Variations]"
Add component (AddParameter): Name = "ComponentLink2Description"; Value = "DigiKey Link"; VariantName = "[No Variations]"
Add component (AddParameter): Name = "ComponentLink2URL"; Value = "https://www.digikey.com/en/products/detail/te-connectivity-passive-product/CPF0603B1K0E/2390473"; VariantName = "[No Variations]"
Add component (AddParameter): Name = "Composition"; Value = "Thin Film"; VariantName = "[No Variations]"
Add component (AddParameter): Name = "Device Package"; Value = "0603 (1608 Metric)"; VariantName = "[No Variations]"
Add component (AddParameter): Name = "Height - Seated (Max)"; Value = "0.022" (0.55mm)"; VariantName = "[No Variations]"
Add component (AddParameter): Name = "LastUpdated"; Value = "2/9/2024 8:43:37 PM"; VariantName = "[No Variations]"
Add component (AddParameter): Name = "Lifecycle Status"; Value = "Active"; VariantName = "[No Variations]"
Add component (AddParameter): Name = "Manufacturer"; Value = "TE Connectivity Passive Product"; VariantName = "[No Variations]"
Add component (AddParameter): Name = "Minimum Order"; Value = "1"; VariantName = "[No Variations]"
Add component (AddParameter): Name = "Number of Terminations"; Value = "2"; VariantName = "[No Variations]"
Add component (AddParameter): Name = "Operating Temperature"; Value = "-55°C ~ 155°C"; VariantName = "[No Variations]"
Add component (AddParameter): Name = "Package / Case"; Value = "0603 (1608 Metric)"; VariantName = "[No Variations]"
Add component (AddParameter): Name = "Packaging"; Value = "TapeAndReel"; VariantName = "[No Variations]"
Add component (AddParameter): Name = "PartId"; Value = "4877"; VariantName = "[No Variations]"
Add component (AddParameter): Name = "Part Number"; Value = "CPF0603B1K0E"; VariantName = "[No Variations]"
Add component (AddParameter): Name = "Part Status"; Value = "Active"; VariantName = "[No Variations]"
Add component (AddParameter): Name = "Power (Watts)"; Value = "0.063W, 1/16W"; VariantName = "[No Variations]"
Add component (AddParameter): Name = "Price"; Value = "0.09"; VariantName = "[No Variations]"
Add component (AddParameter): Name = "Resistance"; Value = "1 kOhms"; VariantName = "[No Variations]"
Add component (AddParameter): Name = "Series"; Value = "CPF, Neohm"; VariantName = "[No Variations]"
Add component (AddParameter): Name = "Size / Dimension"; Value = "0.061" L x 0.031" W (1.55mm x 0.80mm)"; VariantName = "[No Variations]"
Add component (AddParameter): Name = "Supplier 1"; Value = "DigiKey"; VariantName = "[No Variations]"
Add component (AddParameter): Name = "Supplier Device Package"; Value = "0603"; VariantName = "[No Variations]"
Add component (AddParameter): Name = "Supplier Part Number 1"; Value = "A119887CT-ND"; VariantName = "[No Variations]"
Add component (AddParameter): Name = "Temperature Coefficient"; Value = "±25ppm/°C"; VariantName = "[No Variations]"
Add component (AddParameter): Name = "Tolerance"; Value = "±0.1%"; VariantName = "[No Variations]"
Add component (AddParameter): Name = "Value"; Value = "1 kOhms"; VariantName = "[No Variations]"
Added Component: Designator=R4_U_OR_GATE4(RES 0603_1608)
Add component. Clean all parameters for all variants
Add component (AddParameter): Name = "ComponentLink1Description"; Value = "Datasheet"; VariantName = "[No Variations]"
Add component (AddParameter): Name = "ComponentLink1URL"; Value = "https://www.te.com/commerce/DocumentDelivery/DDEController?Action=srchrtrv&DocNm=1773200&DocType=DS&DocLang=English"; VariantName = "[No Variations]"
Add component (AddParameter): Name = "ComponentLink2Description"; Value = "DigiKey Link"; VariantName = "[No Variations]"
Add component (AddParameter): Name = "ComponentLink2URL"; Value = "https://www.digikey.com/en/products/detail/te-connectivity-passive-product/CPF0603B1K0E/2390473"; VariantName = "[No Variations]"
Add component (AddParameter): Name = "Composition"; Value = "Thin Film"; VariantName = "[No Variations]"
Add component (AddParameter): Name = "Device Package"; Value = "0603 (1608 Metric)"; VariantName = "[No Variations]"
Add component (AddParameter): Name = "Height - Seated (Max)"; Value = "0.022" (0.55mm)"; VariantName = "[No Variations]"
Add component (AddParameter): Name = "LastUpdated"; Value = "2/9/2024 8:43:37 PM"; VariantName = "[No Variations]"
Add component (AddParameter): Name = "Lifecycle Status"; Value = "Active"; VariantName = "[No Variations]"
Add component (AddParameter): Name = "Manufacturer"; Value = "TE Connectivity Passive Product"; VariantName = "[No Variations]"
Add component (AddParameter): Name = "Minimum Order"; Value = "1"; VariantName = "[No Variations]"
Add component (AddParameter): Name = "Number of Terminations"; Value = "2"; VariantName = "[No Variations]"
Add component (AddParameter): Name = "Operating Temperature"; Value = "-55°C ~ 155°C"; VariantName = "[No Variations]"
Add component (AddParameter): Name = "Package / Case"; Value = "0603 (1608 Metric)"; VariantName = "[No Variations]"
Add component (AddParameter): Name = "Packaging"; Value = "TapeAndReel"; VariantName = "[No Variations]"
Add component (AddParameter): Name = "PartId"; Value = "4877"; VariantName = "[No Variations]"
Add component (AddParameter): Name = "Part Number"; Value = "CPF0603B1K0E"; VariantName = "[No Variations]"
Add component (AddParameter): Name = "Part Status"; Value = "Active"; VariantName = "[No Variations]"
Add component (AddParameter): Name = "Power (Watts)"; Value = "0.063W, 1/16W"; VariantName = "[No Variations]"
Add component (AddParameter): Name = "Price"; Value = "0.09"; VariantName = "[No Variations]"
Add component (AddParameter): Name = "Resistance"; Value = "1 kOhms"; VariantName = "[No Variations]"
Add component (AddParameter): Name = "Series"; Value = "CPF, Neohm"; VariantName = "[No Variations]"
Add component (AddParameter): Name = "Size / Dimension"; Value = "0.061" L x 0.031" W (1.55mm x 0.80mm)"; VariantName = "[No Variations]"
Add component (AddParameter): Name = "Supplier 1"; Value = "DigiKey"; VariantName = "[No Variations]"
Add component (AddParameter): Name = "Supplier Device Package"; Value = "0603"; VariantName = "[No Variations]"
Add component (AddParameter): Name = "Supplier Part Number 1"; Value = "A119887CT-ND"; VariantName = "[No Variations]"
Add component (AddParameter): Name = "Temperature Coefficient"; Value = "±25ppm/°C"; VariantName = "[No Variations]"
Add component (AddParameter): Name = "Tolerance"; Value = "±0.1%"; VariantName = "[No Variations]"
Add component (AddParameter): Name = "Value"; Value = "1 kOhms"; VariantName = "[No Variations]"
Added Component: Designator=R5_U_OR_GATE3(RES 0603_1608)
Add component. Clean all parameters for all variants
Add component (AddParameter): Name = "ComponentLink1Description"; Value = "Datasheet"; VariantName = "[No Variations]"
Add component (AddParameter): Name = "ComponentLink1URL"; Value = "https://www.te.com/commerce/DocumentDelivery/DDEController?Action=srchrtrv&DocNm=1773200&DocType=DS&DocLang=English"; VariantName = "[No Variations]"
Add component (AddParameter): Name = "ComponentLink2Description"; Value = "DigiKey Link"; VariantName = "[No Variations]"
Add component (AddParameter): Name = "ComponentLink2URL"; Value = "https://www.digikey.com/en/products/detail/te-connectivity-passive-product/CPF0603B1K0E/2390473"; VariantName = "[No Variations]"
Add component (AddParameter): Name = "Composition"; Value = "Thin Film"; VariantName = "[No Variations]"
Add component (AddParameter): Name = "Device Package"; Value = "0603 (1608 Metric)"; VariantName = "[No Variations]"
Add component (AddParameter): Name = "Height - Seated (Max)"; Value = "0.022" (0.55mm)"; VariantName = "[No Variations]"
Add component (AddParameter): Name = "LastUpdated"; Value = "2/9/2024 8:43:37 PM"; VariantName = "[No Variations]"
Add component (AddParameter): Name = "Lifecycle Status"; Value = "Active"; VariantName = "[No Variations]"
Add component (AddParameter): Name = "Manufacturer"; Value = "TE Connectivity Passive Product"; VariantName = "[No Variations]"
Add component (AddParameter): Name = "Minimum Order"; Value = "1"; VariantName = "[No Variations]"
Add component (AddParameter): Name = "Number of Terminations"; Value = "2"; VariantName = "[No Variations]"
Add component (AddParameter): Name = "Operating Temperature"; Value = "-55°C ~ 155°C"; VariantName = "[No Variations]"
Add component (AddParameter): Name = "Package / Case"; Value = "0603 (1608 Metric)"; VariantName = "[No Variations]"
Add component (AddParameter): Name = "Packaging"; Value = "TapeAndReel"; VariantName = "[No Variations]"
Add component (AddParameter): Name = "PartId"; Value = "4877"; VariantName = "[No Variations]"
Add component (AddParameter): Name = "Part Number"; Value = "CPF0603B1K0E"; VariantName = "[No Variations]"
Add component (AddParameter): Name = "Part Status"; Value = "Active"; VariantName = "[No Variations]"
Add component (AddParameter): Name = "Power (Watts)"; Value = "0.063W, 1/16W"; VariantName = "[No Variations]"
Add component (AddParameter): Name = "Price"; Value = "0.09"; VariantName = "[No Variations]"
Add component (AddParameter): Name = "Resistance"; Value = "1 kOhms"; VariantName = "[No Variations]"
Add component (AddParameter): Name = "Series"; Value = "CPF, Neohm"; VariantName = "[No Variations]"
Add component (AddParameter): Name = "Size / Dimension"; Value = "0.061" L x 0.031" W (1.55mm x 0.80mm)"; VariantName = "[No Variations]"
Add component (AddParameter): Name = "Supplier 1"; Value = "DigiKey"; VariantName = "[No Variations]"
Add component (AddParameter): Name = "Supplier Device Package"; Value = "0603"; VariantName = "[No Variations]"
Add component (AddParameter): Name = "Supplier Part Number 1"; Value = "A119887CT-ND"; VariantName = "[No Variations]"
Add component (AddParameter): Name = "Temperature Coefficient"; Value = "±25ppm/°C"; VariantName = "[No Variations]"
Add component (AddParameter): Name = "Tolerance"; Value = "±0.1%"; VariantName = "[No Variations]"
Add component (AddParameter): Name = "Value"; Value = "1 kOhms"; VariantName = "[No Variations]"
Added Component: Designator=R5_U_OR_GATE4(RES 0603_1608)
Add component. Clean all parameters for all variants
Add component (AddParameter): Name = "ComponentLink1Description"; Value = "Datasheet"; VariantName = "[No Variations]"
Add component (AddParameter): Name = "ComponentLink1URL"; Value = "https://www.te.com/commerce/DocumentDelivery/DDEController?Action=srchrtrv&DocNm=1773200&DocType=DS&DocLang=English"; VariantName = "[No Variations]"
Add component (AddParameter): Name = "ComponentLink2Description"; Value = "DigiKey Link"; VariantName = "[No Variations]"
Add component (AddParameter): Name = "ComponentLink2URL"; Value = "https://www.digikey.com/en/products/detail/te-connectivity-passive-product/CPF0603B1K0E/2390473"; VariantName = "[No Variations]"
Add component (AddParameter): Name = "Composition"; Value = "Thin Film"; VariantName = "[No Variations]"
Add component (AddParameter): Name = "Device Package"; Value = "0603 (1608 Metric)"; VariantName = "[No Variations]"
Add component (AddParameter): Name = "Height - Seated (Max)"; Value = "0.022" (0.55mm)"; VariantName = "[No Variations]"
Add component (AddParameter): Name = "LastUpdated"; Value = "2/9/2024 8:43:37 PM"; VariantName = "[No Variations]"
Add component (AddParameter): Name = "Lifecycle Status"; Value = "Active"; VariantName = "[No Variations]"
Add component (AddParameter): Name = "Manufacturer"; Value = "TE Connectivity Passive Product"; VariantName = "[No Variations]"
Add component (AddParameter): Name = "Minimum Order"; Value = "1"; VariantName = "[No Variations]"
Add component (AddParameter): Name = "Number of Terminations"; Value = "2"; VariantName = "[No Variations]"
Add component (AddParameter): Name = "Operating Temperature"; Value = "-55°C ~ 155°C"; VariantName = "[No Variations]"
Add component (AddParameter): Name = "Package / Case"; Value = "0603 (1608 Metric)"; VariantName = "[No Variations]"
Add component (AddParameter): Name = "Packaging"; Value = "TapeAndReel"; VariantName = "[No Variations]"
Add component (AddParameter): Name = "PartId"; Value = "4877"; VariantName = "[No Variations]"
Add component (AddParameter): Name = "Part Number"; Value = "CPF0603B1K0E"; VariantName = "[No Variations]"
Add component (AddParameter): Name = "Part Status"; Value = "Active"; VariantName = "[No Variations]"
Add component (AddParameter): Name = "Power (Watts)"; Value = "0.063W, 1/16W"; VariantName = "[No Variations]"
Add component (AddParameter): Name = "Price"; Value = "0.09"; VariantName = "[No Variations]"
Add component (AddParameter): Name = "Resistance"; Value = "1 kOhms"; VariantName = "[No Variations]"
Add component (AddParameter): Name = "Series"; Value = "CPF, Neohm"; VariantName = "[No Variations]"
Add component (AddParameter): Name = "Size / Dimension"; Value = "0.061" L x 0.031" W (1.55mm x 0.80mm)"; VariantName = "[No Variations]"
Add component (AddParameter): Name = "Supplier 1"; Value = "DigiKey"; VariantName = "[No Variations]"
Add component (AddParameter): Name = "Supplier Device Package"; Value = "0603"; VariantName = "[No Variations]"
Add component (AddParameter): Name = "Supplier Part Number 1"; Value = "A119887CT-ND"; VariantName = "[No Variations]"
Add component (AddParameter): Name = "Temperature Coefficient"; Value = "±25ppm/°C"; VariantName = "[No Variations]"
Add component (AddParameter): Name = "Tolerance"; Value = "±0.1%"; VariantName = "[No Variations]"
Add component (AddParameter): Name = "Value"; Value = "1 kOhms"; VariantName = "[No Variations]"
Added Component: Designator=R6_U_OR_GATE3(RES 0603_1608)
Add component. Clean all parameters for all variants
Add component (AddParameter): Name = "ComponentLink1Description"; Value = "Datasheet"; VariantName = "[No Variations]"
Add component (AddParameter): Name = "ComponentLink1URL"; Value = "https://www.te.com/commerce/DocumentDelivery/DDEController?Action=srchrtrv&DocNm=1773200&DocType=DS&DocLang=English"; VariantName = "[No Variations]"
Add component (AddParameter): Name = "ComponentLink2Description"; Value = "DigiKey Link"; VariantName = "[No Variations]"
Add component (AddParameter): Name = "ComponentLink2URL"; Value = "https://www.digikey.com/en/products/detail/te-connectivity-passive-product/CPF0603B1K0E/2390473"; VariantName = "[No Variations]"
Add component (AddParameter): Name = "Composition"; Value = "Thin Film"; VariantName = "[No Variations]"
Add component (AddParameter): Name = "Device Package"; Value = "0603 (1608 Metric)"; VariantName = "[No Variations]"
Add component (AddParameter): Name = "Height - Seated (Max)"; Value = "0.022" (0.55mm)"; VariantName = "[No Variations]"
Add component (AddParameter): Name = "LastUpdated"; Value = "2/9/2024 8:43:37 PM"; VariantName = "[No Variations]"
Add component (AddParameter): Name = "Lifecycle Status"; Value = "Active"; VariantName = "[No Variations]"
Add component (AddParameter): Name = "Manufacturer"; Value = "TE Connectivity Passive Product"; VariantName = "[No Variations]"
Add component (AddParameter): Name = "Minimum Order"; Value = "1"; VariantName = "[No Variations]"
Add component (AddParameter): Name = "Number of Terminations"; Value = "2"; VariantName = "[No Variations]"
Add component (AddParameter): Name = "Operating Temperature"; Value = "-55°C ~ 155°C"; VariantName = "[No Variations]"
Add component (AddParameter): Name = "Package / Case"; Value = "0603 (1608 Metric)"; VariantName = "[No Variations]"
Add component (AddParameter): Name = "Packaging"; Value = "TapeAndReel"; VariantName = "[No Variations]"
Add component (AddParameter): Name = "PartId"; Value = "4877"; VariantName = "[No Variations]"
Add component (AddParameter): Name = "Part Number"; Value = "CPF0603B1K0E"; VariantName = "[No Variations]"
Add component (AddParameter): Name = "Part Status"; Value = "Active"; VariantName = "[No Variations]"
Add component (AddParameter): Name = "Power (Watts)"; Value = "0.063W, 1/16W"; VariantName = "[No Variations]"
Add component (AddParameter): Name = "Price"; Value = "0.09"; VariantName = "[No Variations]"
Add component (AddParameter): Name = "Resistance"; Value = "1 kOhms"; VariantName = "[No Variations]"
Add component (AddParameter): Name = "Series"; Value = "CPF, Neohm"; VariantName = "[No Variations]"
Add component (AddParameter): Name = "Size / Dimension"; Value = "0.061" L x 0.031" W (1.55mm x 0.80mm)"; VariantName = "[No Variations]"
Add component (AddParameter): Name = "Supplier 1"; Value = "DigiKey"; VariantName = "[No Variations]"
Add component (AddParameter): Name = "Supplier Device Package"; Value = "0603"; VariantName = "[No Variations]"
Add component (AddParameter): Name = "Supplier Part Number 1"; Value = "A119887CT-ND"; VariantName = "[No Variations]"
Add component (AddParameter): Name = "Temperature Coefficient"; Value = "±25ppm/°C"; VariantName = "[No Variations]"
Add component (AddParameter): Name = "Tolerance"; Value = "±0.1%"; VariantName = "[No Variations]"
Add component (AddParameter): Name = "Value"; Value = "1 kOhms"; VariantName = "[No Variations]"
Added Component: Designator=R6_U_OR_GATE4(RES 0603_1608)
Add component. Clean all parameters for all variants
Add component (AddParameter): Name = "ComponentLink1Description"; Value = "Datasheet"; VariantName = "[No Variations]"
Add component (AddParameter): Name = "ComponentLink1URL"; Value = "https://www.te.com/commerce/DocumentDelivery/DDEController?Action=srchrtrv&DocNm=1773200&DocType=DS&DocLang=English"; VariantName = "[No Variations]"
Add component (AddParameter): Name = "ComponentLink2Description"; Value = "DigiKey Link"; VariantName = "[No Variations]"
Add component (AddParameter): Name = "ComponentLink2URL"; Value = "https://www.digikey.com/en/products/detail/te-connectivity-passive-product/CPF0603B1K0E/2390473"; VariantName = "[No Variations]"
Add component (AddParameter): Name = "Composition"; Value = "Thin Film"; VariantName = "[No Variations]"
Add component (AddParameter): Name = "Device Package"; Value = "0603 (1608 Metric)"; VariantName = "[No Variations]"
Add component (AddParameter): Name = "Height - Seated (Max)"; Value = "0.022" (0.55mm)"; VariantName = "[No Variations]"
Add component (AddParameter): Name = "LastUpdated"; Value = "2/9/2024 8:43:37 PM"; VariantName = "[No Variations]"
Add component (AddParameter): Name = "Lifecycle Status"; Value = "Active"; VariantName = "[No Variations]"
Add component (AddParameter): Name = "Manufacturer"; Value = "TE Connectivity Passive Product"; VariantName = "[No Variations]"
Add component (AddParameter): Name = "Minimum Order"; Value = "1"; VariantName = "[No Variations]"
Add component (AddParameter): Name = "Number of Terminations"; Value = "2"; VariantName = "[No Variations]"
Add component (AddParameter): Name = "Operating Temperature"; Value = "-55°C ~ 155°C"; VariantName = "[No Variations]"
Add component (AddParameter): Name = "Package / Case"; Value = "0603 (1608 Metric)"; VariantName = "[No Variations]"
Add component (AddParameter): Name = "Packaging"; Value = "TapeAndReel"; VariantName = "[No Variations]"
Add component (AddParameter): Name = "PartId"; Value = "4877"; VariantName = "[No Variations]"
Add component (AddParameter): Name = "Part Number"; Value = "CPF0603B1K0E"; VariantName = "[No Variations]"
Add component (AddParameter): Name = "Part Status"; Value = "Active"; VariantName = "[No Variations]"
Add component (AddParameter): Name = "Power (Watts)"; Value = "0.063W, 1/16W"; VariantName = "[No Variations]"
Add component (AddParameter): Name = "Price"; Value = "0.09"; VariantName = "[No Variations]"
Add component (AddParameter): Name = "Resistance"; Value = "1 kOhms"; VariantName = "[No Variations]"
Add component (AddParameter): Name = "Series"; Value = "CPF, Neohm"; VariantName = "[No Variations]"
Add component (AddParameter): Name = "Size / Dimension"; Value = "0.061" L x 0.031" W (1.55mm x 0.80mm)"; VariantName = "[No Variations]"
Add component (AddParameter): Name = "Supplier 1"; Value = "DigiKey"; VariantName = "[No Variations]"
Add component (AddParameter): Name = "Supplier Device Package"; Value = "0603"; VariantName = "[No Variations]"
Add component (AddParameter): Name = "Supplier Part Number 1"; Value = "A119887CT-ND"; VariantName = "[No Variations]"
Add component (AddParameter): Name = "Temperature Coefficient"; Value = "±25ppm/°C"; VariantName = "[No Variations]"
Add component (AddParameter): Name = "Tolerance"; Value = "±0.1%"; VariantName = "[No Variations]"
Add component (AddParameter): Name = "Value"; Value = "1 kOhms"; VariantName = "[No Variations]"
Added Component: Designator=RO1_U_AND_GATE1(RES 0603_1608)
Add component. Clean all parameters for all variants
Add component (AddParameter): Name = "ComponentLink1Description"; Value = "Datasheet"; VariantName = "[No Variations]"
Add component (AddParameter): Name = "ComponentLink1URL"; Value = "https://industrial.panasonic.com/cdbs/www-data/pdf/RDM0000/AOA0000C307.pdf"; VariantName = "[No Variations]"
Add component (AddParameter): Name = "ComponentLink2Description"; Value = "DigiKey Link"; VariantName = "[No Variations]"
Add component (AddParameter): Name = "ComponentLink2URL"; Value = "https://www.digikey.com/en/products/detail/panasonic-electronic-components/ERA-3AED221V/9373509"; VariantName = "[No Variations]"
Add component (AddParameter): Name = "Composition"; Value = "Thin Film"; VariantName = "[No Variations]"
Add component (AddParameter): Name = "Device Package"; Value = "0603 (1608 Metric)"; VariantName = "[No Variations]"
Add component (AddParameter): Name = "Features"; Value = "Automotive AEC-Q200"; VariantName = "[No Variations]"
Add component (AddParameter): Name = "Height - Seated (Max)"; Value = "0.022" (0.55mm)"; VariantName = "[No Variations]"
Add component (AddParameter): Name = "LastUpdated"; Value = "2/9/2024 8:43:36 PM"; VariantName = "[No Variations]"
Add component (AddParameter): Name = "Lifecycle Status"; Value = "Active"; VariantName = "[No Variations]"
Add component (AddParameter): Name = "Manufacturer"; Value = "Panasonic Electronic Components"; VariantName = "[No Variations]"
Add component (AddParameter): Name = "Minimum Order"; Value = "1"; VariantName = "[No Variations]"
Add component (AddParameter): Name = "Number of Terminations"; Value = "2"; VariantName = "[No Variations]"
Add component (AddParameter): Name = "Operating Temperature"; Value = "-55°C ~ 155°C"; VariantName = "[No Variations]"
Add component (AddParameter): Name = "Package / Case"; Value = "0603 (1608 Metric)"; VariantName = "[No Variations]"
Add component (AddParameter): Name = "Packaging"; Value = "TapeAndReel"; VariantName = "[No Variations]"
Add component (AddParameter): Name = "PartId"; Value = "4952"; VariantName = "[No Variations]"
Add component (AddParameter): Name = "Part Number"; Value = "ERA-3AED221V"; VariantName = "[No Variations]"
Add component (AddParameter): Name = "Part Status"; Value = "Active"; VariantName = "[No Variations]"
Add component (AddParameter): Name = "Power (Watts)"; Value = "0.1W, 1/10W"; VariantName = "[No Variations]"
Add component (AddParameter): Name = "Price"; Value = "0.03"; VariantName = "[No Variations]"
Add component (AddParameter): Name = "Ratings"; Value = "AEC-Q200"; VariantName = "[No Variations]"
Add component (AddParameter): Name = "Resistance"; Value = "220 Ohms"; VariantName = "[No Variations]"
Add component (AddParameter): Name = "Series"; Value = "ERA-3A"; VariantName = "[No Variations]"
Add component (AddParameter): Name = "Size / Dimension"; Value = "0.063" L x 0.031" W (1.60mm x 0.80mm)"; VariantName = "[No Variations]"
Add component (AddParameter): Name = "Supplier 1"; Value = "DigiKey"; VariantName = "[No Variations]"
Add component (AddParameter): Name = "Supplier Device Package"; Value = "0603"; VariantName = "[No Variations]"
Add component (AddParameter): Name = "Supplier Part Number 1"; Value = "P123752CT-ND"; VariantName = "[No Variations]"
Add component (AddParameter): Name = "Temperature Coefficient"; Value = "±25ppm/°C"; VariantName = "[No Variations]"
Add component (AddParameter): Name = "Tolerance"; Value = "±0.5%"; VariantName = "[No Variations]"
Add component (AddParameter): Name = "Value"; Value = "220 Ohms"; VariantName = "[No Variations]"
Added Component: Designator=RO1_U_AND_GATE2(RES 0603_1608)
Add component. Clean all parameters for all variants
Add component (AddParameter): Name = "ComponentLink1Description"; Value = "Datasheet"; VariantName = "[No Variations]"
Add component (AddParameter): Name = "ComponentLink1URL"; Value = "https://industrial.panasonic.com/cdbs/www-data/pdf/RDM0000/AOA0000C307.pdf"; VariantName = "[No Variations]"
Add component (AddParameter): Name = "ComponentLink2Description"; Value = "DigiKey Link"; VariantName = "[No Variations]"
Add component (AddParameter): Name = "ComponentLink2URL"; Value = "https://www.digikey.com/en/products/detail/panasonic-electronic-components/ERA-3AED221V/9373509"; VariantName = "[No Variations]"
Add component (AddParameter): Name = "Composition"; Value = "Thin Film"; VariantName = "[No Variations]"
Add component (AddParameter): Name = "Device Package"; Value = "0603 (1608 Metric)"; VariantName = "[No Variations]"
Add component (AddParameter): Name = "Features"; Value = "Automotive AEC-Q200"; VariantName = "[No Variations]"
Add component (AddParameter): Name = "Height - Seated (Max)"; Value = "0.022" (0.55mm)"; VariantName = "[No Variations]"
Add component (AddParameter): Name = "LastUpdated"; Value = "2/9/2024 8:43:36 PM"; VariantName = "[No Variations]"
Add component (AddParameter): Name = "Lifecycle Status"; Value = "Active"; VariantName = "[No Variations]"
Add component (AddParameter): Name = "Manufacturer"; Value = "Panasonic Electronic Components"; VariantName = "[No Variations]"
Add component (AddParameter): Name = "Minimum Order"; Value = "1"; VariantName = "[No Variations]"
Add component (AddParameter): Name = "Number of Terminations"; Value = "2"; VariantName = "[No Variations]"
Add component (AddParameter): Name = "Operating Temperature"; Value = "-55°C ~ 155°C"; VariantName = "[No Variations]"
Add component (AddParameter): Name = "Package / Case"; Value = "0603 (1608 Metric)"; VariantName = "[No Variations]"
Add component (AddParameter): Name = "Packaging"; Value = "TapeAndReel"; VariantName = "[No Variations]"
Add component (AddParameter): Name = "PartId"; Value = "4952"; VariantName = "[No Variations]"
Add component (AddParameter): Name = "Part Number"; Value = "ERA-3AED221V"; VariantName = "[No Variations]"
Add component (AddParameter): Name = "Part Status"; Value = "Active"; VariantName = "[No Variations]"
Add component (AddParameter): Name = "Power (Watts)"; Value = "0.1W, 1/10W"; VariantName = "[No Variations]"
Add component (AddParameter): Name = "Price"; Value = "0.03"; VariantName = "[No Variations]"
Add component (AddParameter): Name = "Ratings"; Value = "AEC-Q200"; VariantName = "[No Variations]"
Add component (AddParameter): Name = "Resistance"; Value = "220 Ohms"; VariantName = "[No Variations]"
Add component (AddParameter): Name = "Series"; Value = "ERA-3A"; VariantName = "[No Variations]"
Add component (AddParameter): Name = "Size / Dimension"; Value = "0.063" L x 0.031" W (1.60mm x 0.80mm)"; VariantName = "[No Variations]"
Add component (AddParameter): Name = "Supplier 1"; Value = "DigiKey"; VariantName = "[No Variations]"
Add component (AddParameter): Name = "Supplier Device Package"; Value = "0603"; VariantName = "[No Variations]"
Add component (AddParameter): Name = "Supplier Part Number 1"; Value = "P123752CT-ND"; VariantName = "[No Variations]"
Add component (AddParameter): Name = "Temperature Coefficient"; Value = "±25ppm/°C"; VariantName = "[No Variations]"
Add component (AddParameter): Name = "Tolerance"; Value = "±0.5%"; VariantName = "[No Variations]"
Add component (AddParameter): Name = "Value"; Value = "220 Ohms"; VariantName = "[No Variations]"
Added Component: Designator=RO2_U_OR_GATE3(RES 0603_1608)
Add component. Clean all parameters for all variants
Add component (AddParameter): Name = "ComponentLink1Description"; Value = "Datasheet"; VariantName = "[No Variations]"
Add component (AddParameter): Name = "ComponentLink1URL"; Value = "https://industrial.panasonic.com/cdbs/www-data/pdf/RDM0000/AOA0000C307.pdf"; VariantName = "[No Variations]"
Add component (AddParameter): Name = "ComponentLink2Description"; Value = "DigiKey Link"; VariantName = "[No Variations]"
Add component (AddParameter): Name = "ComponentLink2URL"; Value = "https://www.digikey.com/en/products/detail/panasonic-electronic-components/ERA-3AED221V/9373509"; VariantName = "[No Variations]"
Add component (AddParameter): Name = "Composition"; Value = "Thin Film"; VariantName = "[No Variations]"
Add component (AddParameter): Name = "Device Package"; Value = "0603 (1608 Metric)"; VariantName = "[No Variations]"
Add component (AddParameter): Name = "Features"; Value = "Automotive AEC-Q200"; VariantName = "[No Variations]"
Add component (AddParameter): Name = "Height - Seated (Max)"; Value = "0.022" (0.55mm)"; VariantName = "[No Variations]"
Add component (AddParameter): Name = "LastUpdated"; Value = "2/9/2024 8:43:36 PM"; VariantName = "[No Variations]"
Add component (AddParameter): Name = "Lifecycle Status"; Value = "Active"; VariantName = "[No Variations]"
Add component (AddParameter): Name = "Manufacturer"; Value = "Panasonic Electronic Components"; VariantName = "[No Variations]"
Add component (AddParameter): Name = "Minimum Order"; Value = "1"; VariantName = "[No Variations]"
Add component (AddParameter): Name = "Number of Terminations"; Value = "2"; VariantName = "[No Variations]"
Add component (AddParameter): Name = "Operating Temperature"; Value = "-55°C ~ 155°C"; VariantName = "[No Variations]"
Add component (AddParameter): Name = "Package / Case"; Value = "0603 (1608 Metric)"; VariantName = "[No Variations]"
Add component (AddParameter): Name = "Packaging"; Value = "TapeAndReel"; VariantName = "[No Variations]"
Add component (AddParameter): Name = "PartId"; Value = "4952"; VariantName = "[No Variations]"
Add component (AddParameter): Name = "Part Number"; Value = "ERA-3AED221V"; VariantName = "[No Variations]"
Add component (AddParameter): Name = "Part Status"; Value = "Active"; VariantName = "[No Variations]"
Add component (AddParameter): Name = "Power (Watts)"; Value = "0.1W, 1/10W"; VariantName = "[No Variations]"
Add component (AddParameter): Name = "Price"; Value = "0.03"; VariantName = "[No Variations]"
Add component (AddParameter): Name = "Ratings"; Value = "AEC-Q200"; VariantName = "[No Variations]"
Add component (AddParameter): Name = "Resistance"; Value = "220 Ohms"; VariantName = "[No Variations]"
Add component (AddParameter): Name = "Series"; Value = "ERA-3A"; VariantName = "[No Variations]"
Add component (AddParameter): Name = "Size / Dimension"; Value = "0.063" L x 0.031" W (1.60mm x 0.80mm)"; VariantName = "[No Variations]"
Add component (AddParameter): Name = "Supplier 1"; Value = "DigiKey"; VariantName = "[No Variations]"
Add component (AddParameter): Name = "Supplier Device Package"; Value = "0603"; VariantName = "[No Variations]"
Add component (AddParameter): Name = "Supplier Part Number 1"; Value = "P123752CT-ND"; VariantName = "[No Variations]"
Add component (AddParameter): Name = "Temperature Coefficient"; Value = "±25ppm/°C"; VariantName = "[No Variations]"
Add component (AddParameter): Name = "Tolerance"; Value = "±0.5%"; VariantName = "[No Variations]"
Add component (AddParameter): Name = "Value"; Value = "220 Ohms"; VariantName = "[No Variations]"
Added Component: Designator=RO2_U_OR_GATE4(RES 0603_1608)
Add component. Clean all parameters for all variants
Add component (AddParameter): Name = "ComponentLink1Description"; Value = "Datasheet"; VariantName = "[No Variations]"
Add component (AddParameter): Name = "ComponentLink1URL"; Value = "https://industrial.panasonic.com/cdbs/www-data/pdf/RDM0000/AOA0000C307.pdf"; VariantName = "[No Variations]"
Add component (AddParameter): Name = "ComponentLink2Description"; Value = "DigiKey Link"; VariantName = "[No Variations]"
Add component (AddParameter): Name = "ComponentLink2URL"; Value = "https://www.digikey.com/en/products/detail/panasonic-electronic-components/ERA-3AED221V/9373509"; VariantName = "[No Variations]"
Add component (AddParameter): Name = "Composition"; Value = "Thin Film"; VariantName = "[No Variations]"
Add component (AddParameter): Name = "Device Package"; Value = "0603 (1608 Metric)"; VariantName = "[No Variations]"
Add component (AddParameter): Name = "Features"; Value = "Automotive AEC-Q200"; VariantName = "[No Variations]"
Add component (AddParameter): Name = "Height - Seated (Max)"; Value = "0.022" (0.55mm)"; VariantName = "[No Variations]"
Add component (AddParameter): Name = "LastUpdated"; Value = "2/9/2024 8:43:36 PM"; VariantName = "[No Variations]"
Add component (AddParameter): Name = "Lifecycle Status"; Value = "Active"; VariantName = "[No Variations]"
Add component (AddParameter): Name = "Manufacturer"; Value = "Panasonic Electronic Components"; VariantName = "[No Variations]"
Add component (AddParameter): Name = "Minimum Order"; Value = "1"; VariantName = "[No Variations]"
Add component (AddParameter): Name = "Number of Terminations"; Value = "2"; VariantName = "[No Variations]"
Add component (AddParameter): Name = "Operating Temperature"; Value = "-55°C ~ 155°C"; VariantName = "[No Variations]"
Add component (AddParameter): Name = "Package / Case"; Value = "0603 (1608 Metric)"; VariantName = "[No Variations]"
Add component (AddParameter): Name = "Packaging"; Value = "TapeAndReel"; VariantName = "[No Variations]"
Add component (AddParameter): Name = "PartId"; Value = "4952"; VariantName = "[No Variations]"
Add component (AddParameter): Name = "Part Number"; Value = "ERA-3AED221V"; VariantName = "[No Variations]"
Add component (AddParameter): Name = "Part Status"; Value = "Active"; VariantName = "[No Variations]"
Add component (AddParameter): Name = "Power (Watts)"; Value = "0.1W, 1/10W"; VariantName = "[No Variations]"
Add component (AddParameter): Name = "Price"; Value = "0.03"; VariantName = "[No Variations]"
Add component (AddParameter): Name = "Ratings"; Value = "AEC-Q200"; VariantName = "[No Variations]"
Add component (AddParameter): Name = "Resistance"; Value = "220 Ohms"; VariantName = "[No Variations]"
Add component (AddParameter): Name = "Series"; Value = "ERA-3A"; VariantName = "[No Variations]"
Add component (AddParameter): Name = "Size / Dimension"; Value = "0.063" L x 0.031" W (1.60mm x 0.80mm)"; VariantName = "[No Variations]"
Add component (AddParameter): Name = "Supplier 1"; Value = "DigiKey"; VariantName = "[No Variations]"
Add component (AddParameter): Name = "Supplier Device Package"; Value = "0603"; VariantName = "[No Variations]"
Add component (AddParameter): Name = "Supplier Part Number 1"; Value = "P123752CT-ND"; VariantName = "[No Variations]"
Add component (AddParameter): Name = "Temperature Coefficient"; Value = "±25ppm/°C"; VariantName = "[No Variations]"
Add component (AddParameter): Name = "Tolerance"; Value = "±0.5%"; VariantName = "[No Variations]"
Add component (AddParameter): Name = "Value"; Value = "220 Ohms"; VariantName = "[No Variations]"
Added Component: Designator=Y_D1_U_AND_GATE1(LED 0603_1608 RED)
Add component. Clean all parameters for all variants
Add component (AddParameter): Name = "Color"; Value = "Red"; VariantName = "[No Variations]"
Add component (AddParameter): Name = "ComponentLink1Description"; Value = "Datasheet"; VariantName = "[No Variations]"
Add component (AddParameter): Name = "ComponentLink1URL"; Value = "https://www.sunledusa.com/products/spec/XZMDK53W-8.pdf"; VariantName = "[No Variations]"
Add component (AddParameter): Name = "ComponentLink2Description"; Value = "DigiKey Link"; VariantName = "[No Variations]"
Add component (AddParameter): Name = "ComponentLink2URL"; Value = "https://www.digikey.com/en/products/detail/sunled/XZMDK53W-8/4745952"; VariantName = "[No Variations]"
Add component (AddParameter): Name = "Configuration"; Value = "Standard"; VariantName = "[No Variations]"
Add component (AddParameter): Name = "Current - Test"; Value = "20mA"; VariantName = "[No Variations]"
Add component (AddParameter): Name = "Device Package"; Value = "0603 (1608 Metric)"; VariantName = "[No Variations]"
Add component (AddParameter): Name = "Height (Max)"; Value = "0.95mm"; VariantName = "[No Variations]"
Add component (AddParameter): Name = "LastUpdated"; Value = "6/3/2024 7:59:48 PM"; VariantName = "[No Variations]"
Add component (AddParameter): Name = "Lens Color"; Value = "Colorless"; VariantName = "[No Variations]"
Add component (AddParameter): Name = "Lens Size"; Value = "0.35mm Dia"; VariantName = "[No Variations]"
Add component (AddParameter): Name = "Lens Style"; Value = "Round with Domed Top"; VariantName = "[No Variations]"
Add component (AddParameter): Name = "Lens Transparency"; Value = "Clear"; VariantName = "[No Variations]"
Add component (AddParameter): Name = "Lifecycle Status"; Value = "Active"; VariantName = "[No Variations]"
Add component (AddParameter): Name = "Manufacturer"; Value = "SunLED"; VariantName = "[No Variations]"
Add component (AddParameter): Name = "Millicandela Rating"; Value = "248mcd"; VariantName = "[No Variations]"
Add component (AddParameter): Name = "Minimum Order"; Value = "1"; VariantName = "[No Variations]"
Add component (AddParameter): Name = "Mounting Type"; Value = "Surface Mount"; VariantName = "[No Variations]"
Add component (AddParameter): Name = "Package / Case"; Value = "0603 (1608 Metric)"; VariantName = "[No Variations]"
Add component (AddParameter): Name = "Packaging"; Value = "TapeAndReel"; VariantName = "[No Variations]"
Add component (AddParameter): Name = "PartId"; Value = "401"; VariantName = "[No Variations]"
Add component (AddParameter): Name = "Part Number"; Value = "XZMDK53W-8"; VariantName = "[No Variations]"
Add component (AddParameter): Name = "Part Status"; Value = "Active"; VariantName = "[No Variations]"
Add component (AddParameter): Name = "Price"; Value = "0.06"; VariantName = "[No Variations]"
Add component (AddParameter): Name = "Series"; Value = "PixsoLED"; VariantName = "[No Variations]"
Add component (AddParameter): Name = "Size / Dimension"; Value = "1.60mm L x 0.80mm W"; VariantName = "[No Variations]"
Add component (AddParameter): Name = "Supplier 1"; Value = "DigiKey"; VariantName = "[No Variations]"
Add component (AddParameter): Name = "Supplier Device Package"; Value = "Chip LED"; VariantName = "[No Variations]"
Add component (AddParameter): Name = "Supplier Part Number 1"; Value = "1497-1169-6-ND"; VariantName = "[No Variations]"
Add component (AddParameter): Name = "Value"; Value = "Red"; VariantName = "[No Variations]"
Add component (AddParameter): Name = "Viewing Angle"; Value = "60°"; VariantName = "[No Variations]"
Add component (AddParameter): Name = "Voltage - Forward (Vf) (Typ)"; Value = "1.95V"; VariantName = "[No Variations]"
Add component (AddParameter): Name = "Wavelength - Dominant"; Value = "630nm"; VariantName = "[No Variations]"
Add component (AddParameter): Name = "Wavelength - Peak"; Value = "645nm"; VariantName = "[No Variations]"
Added Component: Designator=Y_D1_U_AND_GATE2(LED 0603_1608 RED)
Add component. Clean all parameters for all variants
Add component (AddParameter): Name = "Color"; Value = "Red"; VariantName = "[No Variations]"
Add component (AddParameter): Name = "ComponentLink1Description"; Value = "Datasheet"; VariantName = "[No Variations]"
Add component (AddParameter): Name = "ComponentLink1URL"; Value = "https://www.sunledusa.com/products/spec/XZMDK53W-8.pdf"; VariantName = "[No Variations]"
Add component (AddParameter): Name = "ComponentLink2Description"; Value = "DigiKey Link"; VariantName = "[No Variations]"
Add component (AddParameter): Name = "ComponentLink2URL"; Value = "https://www.digikey.com/en/products/detail/sunled/XZMDK53W-8/4745952"; VariantName = "[No Variations]"
Add component (AddParameter): Name = "Configuration"; Value = "Standard"; VariantName = "[No Variations]"
Add component (AddParameter): Name = "Current - Test"; Value = "20mA"; VariantName = "[No Variations]"
Add component (AddParameter): Name = "Device Package"; Value = "0603 (1608 Metric)"; VariantName = "[No Variations]"
Add component (AddParameter): Name = "Height (Max)"; Value = "0.95mm"; VariantName = "[No Variations]"
Add component (AddParameter): Name = "LastUpdated"; Value = "6/3/2024 7:59:48 PM"; VariantName = "[No Variations]"
Add component (AddParameter): Name = "Lens Color"; Value = "Colorless"; VariantName = "[No Variations]"
Add component (AddParameter): Name = "Lens Size"; Value = "0.35mm Dia"; VariantName = "[No Variations]"
Add component (AddParameter): Name = "Lens Style"; Value = "Round with Domed Top"; VariantName = "[No Variations]"
Add component (AddParameter): Name = "Lens Transparency"; Value = "Clear"; VariantName = "[No Variations]"
Add component (AddParameter): Name = "Lifecycle Status"; Value = "Active"; VariantName = "[No Variations]"
Add component (AddParameter): Name = "Manufacturer"; Value = "SunLED"; VariantName = "[No Variations]"
Add component (AddParameter): Name = "Millicandela Rating"; Value = "248mcd"; VariantName = "[No Variations]"
Add component (AddParameter): Name = "Minimum Order"; Value = "1"; VariantName = "[No Variations]"
Add component (AddParameter): Name = "Mounting Type"; Value = "Surface Mount"; VariantName = "[No Variations]"
Add component (AddParameter): Name = "Package / Case"; Value = "0603 (1608 Metric)"; VariantName = "[No Variations]"
Add component (AddParameter): Name = "Packaging"; Value = "TapeAndReel"; VariantName = "[No Variations]"
Add component (AddParameter): Name = "PartId"; Value = "401"; VariantName = "[No Variations]"
Add component (AddParameter): Name = "Part Number"; Value = "XZMDK53W-8"; VariantName = "[No Variations]"
Add component (AddParameter): Name = "Part Status"; Value = "Active"; VariantName = "[No Variations]"
Add component (AddParameter): Name = "Price"; Value = "0.06"; VariantName = "[No Variations]"
Add component (AddParameter): Name = "Series"; Value = "PixsoLED"; VariantName = "[No Variations]"
Add component (AddParameter): Name = "Size / Dimension"; Value = "1.60mm L x 0.80mm W"; VariantName = "[No Variations]"
Add component (AddParameter): Name = "Supplier 1"; Value = "DigiKey"; VariantName = "[No Variations]"
Add component (AddParameter): Name = "Supplier Device Package"; Value = "Chip LED"; VariantName = "[No Variations]"
Add component (AddParameter): Name = "Supplier Part Number 1"; Value = "1497-1169-6-ND"; VariantName = "[No Variations]"
Add component (AddParameter): Name = "Value"; Value = "Red"; VariantName = "[No Variations]"
Add component (AddParameter): Name = "Viewing Angle"; Value = "60°"; VariantName = "[No Variations]"
Add component (AddParameter): Name = "Voltage - Forward (Vf) (Typ)"; Value = "1.95V"; VariantName = "[No Variations]"
Add component (AddParameter): Name = "Wavelength - Dominant"; Value = "630nm"; VariantName = "[No Variations]"
Add component (AddParameter): Name = "Wavelength - Peak"; Value = "645nm"; VariantName = "[No Variations]"
Added Component: Designator=Y_D2_U_OR_GATE3(LED 0603_1608 RED)
Add component. Clean all parameters for all variants
Add component (AddParameter): Name = "Color"; Value = "Red"; VariantName = "[No Variations]"
Add component (AddParameter): Name = "ComponentLink1Description"; Value = "Datasheet"; VariantName = "[No Variations]"
Add component (AddParameter): Name = "ComponentLink1URL"; Value = "https://www.sunledusa.com/products/spec/XZMDK53W-8.pdf"; VariantName = "[No Variations]"
Add component (AddParameter): Name = "ComponentLink2Description"; Value = "DigiKey Link"; VariantName = "[No Variations]"
Add component (AddParameter): Name = "ComponentLink2URL"; Value = "https://www.digikey.com/en/products/detail/sunled/XZMDK53W-8/4745952"; VariantName = "[No Variations]"
Add component (AddParameter): Name = "Configuration"; Value = "Standard"; VariantName = "[No Variations]"
Add component (AddParameter): Name = "Current - Test"; Value = "20mA"; VariantName = "[No Variations]"
Add component (AddParameter): Name = "Device Package"; Value = "0603 (1608 Metric)"; VariantName = "[No Variations]"
Add component (AddParameter): Name = "Height (Max)"; Value = "0.95mm"; VariantName = "[No Variations]"
Add component (AddParameter): Name = "LastUpdated"; Value = "6/3/2024 7:59:48 PM"; VariantName = "[No Variations]"
Add component (AddParameter): Name = "Lens Color"; Value = "Colorless"; VariantName = "[No Variations]"
Add component (AddParameter): Name = "Lens Size"; Value = "0.35mm Dia"; VariantName = "[No Variations]"
Add component (AddParameter): Name = "Lens Style"; Value = "Round with Domed Top"; VariantName = "[No Variations]"
Add component (AddParameter): Name = "Lens Transparency"; Value = "Clear"; VariantName = "[No Variations]"
Add component (AddParameter): Name = "Lifecycle Status"; Value = "Active"; VariantName = "[No Variations]"
Add component (AddParameter): Name = "Manufacturer"; Value = "SunLED"; VariantName = "[No Variations]"
Add component (AddParameter): Name = "Millicandela Rating"; Value = "248mcd"; VariantName = "[No Variations]"
Add component (AddParameter): Name = "Minimum Order"; Value = "1"; VariantName = "[No Variations]"
Add component (AddParameter): Name = "Mounting Type"; Value = "Surface Mount"; VariantName = "[No Variations]"
Add component (AddParameter): Name = "Package / Case"; Value = "0603 (1608 Metric)"; VariantName = "[No Variations]"
Add component (AddParameter): Name = "Packaging"; Value = "TapeAndReel"; VariantName = "[No Variations]"
Add component (AddParameter): Name = "PartId"; Value = "401"; VariantName = "[No Variations]"
Add component (AddParameter): Name = "Part Number"; Value = "XZMDK53W-8"; VariantName = "[No Variations]"
Add component (AddParameter): Name = "Part Status"; Value = "Active"; VariantName = "[No Variations]"
Add component (AddParameter): Name = "Price"; Value = "0.06"; VariantName = "[No Variations]"
Add component (AddParameter): Name = "Series"; Value = "PixsoLED"; VariantName = "[No Variations]"
Add component (AddParameter): Name = "Size / Dimension"; Value = "1.60mm L x 0.80mm W"; VariantName = "[No Variations]"
Add component (AddParameter): Name = "Supplier 1"; Value = "DigiKey"; VariantName = "[No Variations]"
Add component (AddParameter): Name = "Supplier Device Package"; Value = "Chip LED"; VariantName = "[No Variations]"
Add component (AddParameter): Name = "Supplier Part Number 1"; Value = "1497-1169-6-ND"; VariantName = "[No Variations]"
Add component (AddParameter): Name = "Value"; Value = "Red"; VariantName = "[No Variations]"
Add component (AddParameter): Name = "Viewing Angle"; Value = "60°"; VariantName = "[No Variations]"
Add component (AddParameter): Name = "Voltage - Forward (Vf) (Typ)"; Value = "1.95V"; VariantName = "[No Variations]"
Add component (AddParameter): Name = "Wavelength - Dominant"; Value = "630nm"; VariantName = "[No Variations]"
Add component (AddParameter): Name = "Wavelength - Peak"; Value = "645nm"; VariantName = "[No Variations]"
Added Component: Designator=Y_D2_U_OR_GATE4(LED 0603_1608 RED)
Add component. Clean all parameters for all variants
Add component (AddParameter): Name = "Color"; Value = "Red"; VariantName = "[No Variations]"
Add component (AddParameter): Name = "ComponentLink1Description"; Value = "Datasheet"; VariantName = "[No Variations]"
Add component (AddParameter): Name = "ComponentLink1URL"; Value = "https://www.sunledusa.com/products/spec/XZMDK53W-8.pdf"; VariantName = "[No Variations]"
Add component (AddParameter): Name = "ComponentLink2Description"; Value = "DigiKey Link"; VariantName = "[No Variations]"
Add component (AddParameter): Name = "ComponentLink2URL"; Value = "https://www.digikey.com/en/products/detail/sunled/XZMDK53W-8/4745952"; VariantName = "[No Variations]"
Add component (AddParameter): Name = "Configuration"; Value = "Standard"; VariantName = "[No Variations]"
Add component (AddParameter): Name = "Current - Test"; Value = "20mA"; VariantName = "[No Variations]"
Add component (AddParameter): Name = "Device Package"; Value = "0603 (1608 Metric)"; VariantName = "[No Variations]"
Add component (AddParameter): Name = "Height (Max)"; Value = "0.95mm"; VariantName = "[No Variations]"
Add component (AddParameter): Name = "LastUpdated"; Value = "6/3/2024 7:59:48 PM"; VariantName = "[No Variations]"
Add component (AddParameter): Name = "Lens Color"; Value = "Colorless"; VariantName = "[No Variations]"
Add component (AddParameter): Name = "Lens Size"; Value = "0.35mm Dia"; VariantName = "[No Variations]"
Add component (AddParameter): Name = "Lens Style"; Value = "Round with Domed Top"; VariantName = "[No Variations]"
Add component (AddParameter): Name = "Lens Transparency"; Value = "Clear"; VariantName = "[No Variations]"
Add component (AddParameter): Name = "Lifecycle Status"; Value = "Active"; VariantName = "[No Variations]"
Add component (AddParameter): Name = "Manufacturer"; Value = "SunLED"; VariantName = "[No Variations]"
Add component (AddParameter): Name = "Millicandela Rating"; Value = "248mcd"; VariantName = "[No Variations]"
Add component (AddParameter): Name = "Minimum Order"; Value = "1"; VariantName = "[No Variations]"
Add component (AddParameter): Name = "Mounting Type"; Value = "Surface Mount"; VariantName = "[No Variations]"
Add component (AddParameter): Name = "Package / Case"; Value = "0603 (1608 Metric)"; VariantName = "[No Variations]"
Add component (AddParameter): Name = "Packaging"; Value = "TapeAndReel"; VariantName = "[No Variations]"
Add component (AddParameter): Name = "PartId"; Value = "401"; VariantName = "[No Variations]"
Add component (AddParameter): Name = "Part Number"; Value = "XZMDK53W-8"; VariantName = "[No Variations]"
Add component (AddParameter): Name = "Part Status"; Value = "Active"; VariantName = "[No Variations]"
Add component (AddParameter): Name = "Price"; Value = "0.06"; VariantName = "[No Variations]"
Add component (AddParameter): Name = "Series"; Value = "PixsoLED"; VariantName = "[No Variations]"
Add component (AddParameter): Name = "Size / Dimension"; Value = "1.60mm L x 0.80mm W"; VariantName = "[No Variations]"
Add component (AddParameter): Name = "Supplier 1"; Value = "DigiKey"; VariantName = "[No Variations]"
Add component (AddParameter): Name = "Supplier Device Package"; Value = "Chip LED"; VariantName = "[No Variations]"
Add component (AddParameter): Name = "Supplier Part Number 1"; Value = "1497-1169-6-ND"; VariantName = "[No Variations]"
Add component (AddParameter): Name = "Value"; Value = "Red"; VariantName = "[No Variations]"
Add component (AddParameter): Name = "Viewing Angle"; Value = "60°"; VariantName = "[No Variations]"
Add component (AddParameter): Name = "Voltage - Forward (Vf) (Typ)"; Value = "1.95V"; VariantName = "[No Variations]"
Add component (AddParameter): Name = "Wavelength - Dominant"; Value = "630nm"; VariantName = "[No Variations]"
Add component (AddParameter): Name = "Wavelength - Peak"; Value = "645nm"; VariantName = "[No Variations]"
Added Component: Designator=Y_Q1_U_AND_GATE1(MCCSEMI SOT-23-3)
Add component. Clean all parameters for all variants
Add component (AddParameter): Name = "ComponentLink1Description"; Value = "Datasheet"; VariantName = "[No Variations]"
Add component (AddParameter): Name = "ComponentLink1URL"; Value = "https://www.mccsemi.com/pdf/Products/MMSS8050(SOT-23).pdf"; VariantName = "[No Variations]"
Add component (AddParameter): Name = "ComponentLink2Description"; Value = "DigiKey Link"; VariantName = "[No Variations]"
Add component (AddParameter): Name = "ComponentLink2URL"; Value = "https://www.digikey.com/en/products/detail/micro-commercial-co/MMSS8050-L-TP/2827197"; VariantName = "[No Variations]"
Add component (AddParameter): Name = "Current - Collector (Ic) (Max)"; Value = "1.5 A"; VariantName = "[No Variations]"
Add component (AddParameter): Name = "Current - Collector Cutoff (Max)"; Value = "100nA"; VariantName = "[No Variations]"
Add component (AddParameter): Name = "DC Current Gain (hFE) (Min) @ Ic, Vce"; Value = "120 @ 100mA, 1V"; VariantName = "[No Variations]"
Add component (AddParameter): Name = "Frequency - Transition"; Value = "100MHz"; VariantName = "[No Variations]"
Add component (AddParameter): Name = "LastUpdated"; Value = "6/3/2024 8:24:16 PM"; VariantName = "[No Variations]"
Add component (AddParameter): Name = "Lifecycle Status"; Value = "Active"; VariantName = "[No Variations]"
Add component (AddParameter): Name = "Manufacturer"; Value = "Micro Commercial Co"; VariantName = "[No Variations]"
Add component (AddParameter): Name = "Minimum Order"; Value = "1"; VariantName = "[No Variations]"
Add component (AddParameter): Name = "Mounting Type"; Value = "Surface Mount"; VariantName = "[No Variations]"
Add component (AddParameter): Name = "Operating Temperature"; Value = "-55°C ~ 150°C (TJ)"; VariantName = "[No Variations]"
Add component (AddParameter): Name = "Package / Case"; Value = "TO-236-3, SC-59, SOT-23-3"; VariantName = "[No Variations]"
Add component (AddParameter): Name = "Packaging"; Value = "TapeAndReel"; VariantName = "[No Variations]"
Add component (AddParameter): Name = "PartId"; Value = "278"; VariantName = "[No Variations]"
Add component (AddParameter): Name = "Part Number"; Value = "MMSS8050-L-TP"; VariantName = "[No Variations]"
Add component (AddParameter): Name = "Part Status"; Value = "Active"; VariantName = "[No Variations]"
Add component (AddParameter): Name = "Power - Max"; Value = "625 mW"; VariantName = "[No Variations]"
Add component (AddParameter): Name = "Price"; Value = "0.01"; VariantName = "[No Variations]"
Add component (AddParameter): Name = "Series"; Value = "-"; VariantName = "[No Variations]"
Add component (AddParameter): Name = "Supplier 1"; Value = "DigiKey"; VariantName = "[No Variations]"
Add component (AddParameter): Name = "Supplier Device Package"; Value = "SOT-23"; VariantName = "[No Variations]"
Add component (AddParameter): Name = "Supplier Part Number 1"; Value = "MMSS8050-L-TPMSCT-ND"; VariantName = "[No Variations]"
Add component (AddParameter): Name = "Transistor Type"; Value = "NPN"; VariantName = "[No Variations]"
Add component (AddParameter): Name = "Vce Saturation (Max) @ Ib, Ic"; Value = "500mV @ 80mA, 800mA"; VariantName = "[No Variations]"
Add component (AddParameter): Name = "Voltage - Collector Emitter Breakdown (Max)"; Value = "25 V"; VariantName = "[No Variations]"
Added Component: Designator=Y_Q1_U_AND_GATE2(MCCSEMI SOT-23-3)
Add component. Clean all parameters for all variants
Add component (AddParameter): Name = "ComponentLink1Description"; Value = "Datasheet"; VariantName = "[No Variations]"
Add component (AddParameter): Name = "ComponentLink1URL"; Value = "https://www.mccsemi.com/pdf/Products/MMSS8050(SOT-23).pdf"; VariantName = "[No Variations]"
Add component (AddParameter): Name = "ComponentLink2Description"; Value = "DigiKey Link"; VariantName = "[No Variations]"
Add component (AddParameter): Name = "ComponentLink2URL"; Value = "https://www.digikey.com/en/products/detail/micro-commercial-co/MMSS8050-L-TP/2827197"; VariantName = "[No Variations]"
Add component (AddParameter): Name = "Current - Collector (Ic) (Max)"; Value = "1.5 A"; VariantName = "[No Variations]"
Add component (AddParameter): Name = "Current - Collector Cutoff (Max)"; Value = "100nA"; VariantName = "[No Variations]"
Add component (AddParameter): Name = "DC Current Gain (hFE) (Min) @ Ic, Vce"; Value = "120 @ 100mA, 1V"; VariantName = "[No Variations]"
Add component (AddParameter): Name = "Frequency - Transition"; Value = "100MHz"; VariantName = "[No Variations]"
Add component (AddParameter): Name = "LastUpdated"; Value = "6/3/2024 8:24:16 PM"; VariantName = "[No Variations]"
Add component (AddParameter): Name = "Lifecycle Status"; Value = "Active"; VariantName = "[No Variations]"
Add component (AddParameter): Name = "Manufacturer"; Value = "Micro Commercial Co"; VariantName = "[No Variations]"
Add component (AddParameter): Name = "Minimum Order"; Value = "1"; VariantName = "[No Variations]"
Add component (AddParameter): Name = "Mounting Type"; Value = "Surface Mount"; VariantName = "[No Variations]"
Add component (AddParameter): Name = "Operating Temperature"; Value = "-55°C ~ 150°C (TJ)"; VariantName = "[No Variations]"
Add component (AddParameter): Name = "Package / Case"; Value = "TO-236-3, SC-59, SOT-23-3"; VariantName = "[No Variations]"
Add component (AddParameter): Name = "Packaging"; Value = "TapeAndReel"; VariantName = "[No Variations]"
Add component (AddParameter): Name = "PartId"; Value = "278"; VariantName = "[No Variations]"
Add component (AddParameter): Name = "Part Number"; Value = "MMSS8050-L-TP"; VariantName = "[No Variations]"
Add component (AddParameter): Name = "Part Status"; Value = "Active"; VariantName = "[No Variations]"
Add component (AddParameter): Name = "Power - Max"; Value = "625 mW"; VariantName = "[No Variations]"
Add component (AddParameter): Name = "Price"; Value = "0.01"; VariantName = "[No Variations]"
Add component (AddParameter): Name = "Series"; Value = "-"; VariantName = "[No Variations]"
Add component (AddParameter): Name = "Supplier 1"; Value = "DigiKey"; VariantName = "[No Variations]"
Add component (AddParameter): Name = "Supplier Device Package"; Value = "SOT-23"; VariantName = "[No Variations]"
Add component (AddParameter): Name = "Supplier Part Number 1"; Value = "MMSS8050-L-TPMSCT-ND"; VariantName = "[No Variations]"
Add component (AddParameter): Name = "Transistor Type"; Value = "NPN"; VariantName = "[No Variations]"
Add component (AddParameter): Name = "Vce Saturation (Max) @ Ib, Ic"; Value = "500mV @ 80mA, 800mA"; VariantName = "[No Variations]"
Add component (AddParameter): Name = "Voltage - Collector Emitter Breakdown (Max)"; Value = "25 V"; VariantName = "[No Variations]"
Added Component: Designator=Y_Q2_U_OR_GATE3(MCCSEMI SOT-23-3)
Add component. Clean all parameters for all variants
Add component (AddParameter): Name = "ComponentLink1Description"; Value = "Datasheet"; VariantName = "[No Variations]"
Add component (AddParameter): Name = "ComponentLink1URL"; Value = "https://www.mccsemi.com/pdf/Products/MMSS8050(SOT-23).pdf"; VariantName = "[No Variations]"
Add component (AddParameter): Name = "ComponentLink2Description"; Value = "DigiKey Link"; VariantName = "[No Variations]"
Add component (AddParameter): Name = "ComponentLink2URL"; Value = "https://www.digikey.com/en/products/detail/micro-commercial-co/MMSS8050-L-TP/2827197"; VariantName = "[No Variations]"
Add component (AddParameter): Name = "Current - Collector (Ic) (Max)"; Value = "1.5 A"; VariantName = "[No Variations]"
Add component (AddParameter): Name = "Current - Collector Cutoff (Max)"; Value = "100nA"; VariantName = "[No Variations]"
Add component (AddParameter): Name = "DC Current Gain (hFE) (Min) @ Ic, Vce"; Value = "120 @ 100mA, 1V"; VariantName = "[No Variations]"
Add component (AddParameter): Name = "Frequency - Transition"; Value = "100MHz"; VariantName = "[No Variations]"
Add component (AddParameter): Name = "LastUpdated"; Value = "6/3/2024 8:24:16 PM"; VariantName = "[No Variations]"
Add component (AddParameter): Name = "Lifecycle Status"; Value = "Active"; VariantName = "[No Variations]"
Add component (AddParameter): Name = "Manufacturer"; Value = "Micro Commercial Co"; VariantName = "[No Variations]"
Add component (AddParameter): Name = "Minimum Order"; Value = "1"; VariantName = "[No Variations]"
Add component (AddParameter): Name = "Mounting Type"; Value = "Surface Mount"; VariantName = "[No Variations]"
Add component (AddParameter): Name = "Operating Temperature"; Value = "-55°C ~ 150°C (TJ)"; VariantName = "[No Variations]"
Add component (AddParameter): Name = "Package / Case"; Value = "TO-236-3, SC-59, SOT-23-3"; VariantName = "[No Variations]"
Add component (AddParameter): Name = "Packaging"; Value = "TapeAndReel"; VariantName = "[No Variations]"
Add component (AddParameter): Name = "PartId"; Value = "278"; VariantName = "[No Variations]"
Add component (AddParameter): Name = "Part Number"; Value = "MMSS8050-L-TP"; VariantName = "[No Variations]"
Add component (AddParameter): Name = "Part Status"; Value = "Active"; VariantName = "[No Variations]"
Add component (AddParameter): Name = "Power - Max"; Value = "625 mW"; VariantName = "[No Variations]"
Add component (AddParameter): Name = "Price"; Value = "0.01"; VariantName = "[No Variations]"
Add component (AddParameter): Name = "Series"; Value = "-"; VariantName = "[No Variations]"
Add component (AddParameter): Name = "Supplier 1"; Value = "DigiKey"; VariantName = "[No Variations]"
Add component (AddParameter): Name = "Supplier Device Package"; Value = "SOT-23"; VariantName = "[No Variations]"
Add component (AddParameter): Name = "Supplier Part Number 1"; Value = "MMSS8050-L-TPMSCT-ND"; VariantName = "[No Variations]"
Add component (AddParameter): Name = "Transistor Type"; Value = "NPN"; VariantName = "[No Variations]"
Add component (AddParameter): Name = "Vce Saturation (Max) @ Ib, Ic"; Value = "500mV @ 80mA, 800mA"; VariantName = "[No Variations]"
Add component (AddParameter): Name = "Voltage - Collector Emitter Breakdown (Max)"; Value = "25 V"; VariantName = "[No Variations]"
Added Component: Designator=Y_Q2_U_OR_GATE4(MCCSEMI SOT-23-3)
Add component. Clean all parameters for all variants
Add component (AddParameter): Name = "ComponentLink1Description"; Value = "Datasheet"; VariantName = "[No Variations]"
Add component (AddParameter): Name = "ComponentLink1URL"; Value = "https://www.mccsemi.com/pdf/Products/MMSS8050(SOT-23).pdf"; VariantName = "[No Variations]"
Add component (AddParameter): Name = "ComponentLink2Description"; Value = "DigiKey Link"; VariantName = "[No Variations]"
Add component (AddParameter): Name = "ComponentLink2URL"; Value = "https://www.digikey.com/en/products/detail/micro-commercial-co/MMSS8050-L-TP/2827197"; VariantName = "[No Variations]"
Add component (AddParameter): Name = "Current - Collector (Ic) (Max)"; Value = "1.5 A"; VariantName = "[No Variations]"
Add component (AddParameter): Name = "Current - Collector Cutoff (Max)"; Value = "100nA"; VariantName = "[No Variations]"
Add component (AddParameter): Name = "DC Current Gain (hFE) (Min) @ Ic, Vce"; Value = "120 @ 100mA, 1V"; VariantName = "[No Variations]"
Add component (AddParameter): Name = "Frequency - Transition"; Value = "100MHz"; VariantName = "[No Variations]"
Add component (AddParameter): Name = "LastUpdated"; Value = "6/3/2024 8:24:16 PM"; VariantName = "[No Variations]"
Add component (AddParameter): Name = "Lifecycle Status"; Value = "Active"; VariantName = "[No Variations]"
Add component (AddParameter): Name = "Manufacturer"; Value = "Micro Commercial Co"; VariantName = "[No Variations]"
Add component (AddParameter): Name = "Minimum Order"; Value = "1"; VariantName = "[No Variations]"
Add component (AddParameter): Name = "Mounting Type"; Value = "Surface Mount"; VariantName = "[No Variations]"
Add component (AddParameter): Name = "Operating Temperature"; Value = "-55°C ~ 150°C (TJ)"; VariantName = "[No Variations]"
Add component (AddParameter): Name = "Package / Case"; Value = "TO-236-3, SC-59, SOT-23-3"; VariantName = "[No Variations]"
Add component (AddParameter): Name = "Packaging"; Value = "TapeAndReel"; VariantName = "[No Variations]"
Add component (AddParameter): Name = "PartId"; Value = "278"; VariantName = "[No Variations]"
Add component (AddParameter): Name = "Part Number"; Value = "MMSS8050-L-TP"; VariantName = "[No Variations]"
Add component (AddParameter): Name = "Part Status"; Value = "Active"; VariantName = "[No Variations]"
Add component (AddParameter): Name = "Power - Max"; Value = "625 mW"; VariantName = "[No Variations]"
Add component (AddParameter): Name = "Price"; Value = "0.01"; VariantName = "[No Variations]"
Add component (AddParameter): Name = "Series"; Value = "-"; VariantName = "[No Variations]"
Add component (AddParameter): Name = "Supplier 1"; Value = "DigiKey"; VariantName = "[No Variations]"
Add component (AddParameter): Name = "Supplier Device Package"; Value = "SOT-23"; VariantName = "[No Variations]"
Add component (AddParameter): Name = "Supplier Part Number 1"; Value = "MMSS8050-L-TPMSCT-ND"; VariantName = "[No Variations]"
Add component (AddParameter): Name = "Transistor Type"; Value = "NPN"; VariantName = "[No Variations]"
Add component (AddParameter): Name = "Vce Saturation (Max) @ Ib, Ic"; Value = "500mV @ 80mA, 800mA"; VariantName = "[No Variations]"
Add component (AddParameter): Name = "Voltage - Collector Emitter Breakdown (Max)"; Value = "25 V"; VariantName = "[No Variations]"
Added Component: Designator=Y_R1_U_AND_GATE1(RES 0603_1608)
Add component. Clean all parameters for all variants
Add component (AddParameter): Name = "ComponentLink1Description"; Value = "Datasheet"; VariantName = "[No Variations]"
Add component (AddParameter): Name = "ComponentLink1URL"; Value = "https://www.te.com/commerce/DocumentDelivery/DDEController?Action=srchrtrv&DocNm=1773200&DocType=DS&DocLang=English"; VariantName = "[No Variations]"
Add component (AddParameter): Name = "ComponentLink2Description"; Value = "DigiKey Link"; VariantName = "[No Variations]"
Add component (AddParameter): Name = "ComponentLink2URL"; Value = "https://www.digikey.com/en/products/detail/te-connectivity-passive-product/CPF0603B1K0E/2390473"; VariantName = "[No Variations]"
Add component (AddParameter): Name = "Composition"; Value = "Thin Film"; VariantName = "[No Variations]"
Add component (AddParameter): Name = "Device Package"; Value = "0603 (1608 Metric)"; VariantName = "[No Variations]"
Add component (AddParameter): Name = "Height - Seated (Max)"; Value = "0.022" (0.55mm)"; VariantName = "[No Variations]"
Add component (AddParameter): Name = "LastUpdated"; Value = "2/9/2024 8:43:37 PM"; VariantName = "[No Variations]"
Add component (AddParameter): Name = "Lifecycle Status"; Value = "Active"; VariantName = "[No Variations]"
Add component (AddParameter): Name = "Manufacturer"; Value = "TE Connectivity Passive Product"; VariantName = "[No Variations]"
Add component (AddParameter): Name = "Minimum Order"; Value = "1"; VariantName = "[No Variations]"
Add component (AddParameter): Name = "Number of Terminations"; Value = "2"; VariantName = "[No Variations]"
Add component (AddParameter): Name = "Operating Temperature"; Value = "-55°C ~ 155°C"; VariantName = "[No Variations]"
Add component (AddParameter): Name = "Package / Case"; Value = "0603 (1608 Metric)"; VariantName = "[No Variations]"
Add component (AddParameter): Name = "Packaging"; Value = "TapeAndReel"; VariantName = "[No Variations]"
Add component (AddParameter): Name = "PartId"; Value = "4877"; VariantName = "[No Variations]"
Add component (AddParameter): Name = "Part Number"; Value = "CPF0603B1K0E"; VariantName = "[No Variations]"
Add component (AddParameter): Name = "Part Status"; Value = "Active"; VariantName = "[No Variations]"
Add component (AddParameter): Name = "Power (Watts)"; Value = "0.063W, 1/16W"; VariantName = "[No Variations]"
Add component (AddParameter): Name = "Price"; Value = "0.09"; VariantName = "[No Variations]"
Add component (AddParameter): Name = "Resistance"; Value = "1 kOhms"; VariantName = "[No Variations]"
Add component (AddParameter): Name = "Series"; Value = "CPF, Neohm"; VariantName = "[No Variations]"
Add component (AddParameter): Name = "Size / Dimension"; Value = "0.061" L x 0.031" W (1.55mm x 0.80mm)"; VariantName = "[No Variations]"
Add component (AddParameter): Name = "Supplier 1"; Value = "DigiKey"; VariantName = "[No Variations]"
Add component (AddParameter): Name = "Supplier Device Package"; Value = "0603"; VariantName = "[No Variations]"
Add component (AddParameter): Name = "Supplier Part Number 1"; Value = "A119887CT-ND"; VariantName = "[No Variations]"
Add component (AddParameter): Name = "Temperature Coefficient"; Value = "±25ppm/°C"; VariantName = "[No Variations]"
Add component (AddParameter): Name = "Tolerance"; Value = "±0.1%"; VariantName = "[No Variations]"
Add component (AddParameter): Name = "Value"; Value = "1 kOhms"; VariantName = "[No Variations]"
Added Component: Designator=Y_R1_U_AND_GATE2(RES 0603_1608)
Add component. Clean all parameters for all variants
Add component (AddParameter): Name = "ComponentLink1Description"; Value = "Datasheet"; VariantName = "[No Variations]"
Add component (AddParameter): Name = "ComponentLink1URL"; Value = "https://www.te.com/commerce/DocumentDelivery/DDEController?Action=srchrtrv&DocNm=1773200&DocType=DS&DocLang=English"; VariantName = "[No Variations]"
Add component (AddParameter): Name = "ComponentLink2Description"; Value = "DigiKey Link"; VariantName = "[No Variations]"
Add component (AddParameter): Name = "ComponentLink2URL"; Value = "https://www.digikey.com/en/products/detail/te-connectivity-passive-product/CPF0603B1K0E/2390473"; VariantName = "[No Variations]"
Add component (AddParameter): Name = "Composition"; Value = "Thin Film"; VariantName = "[No Variations]"
Add component (AddParameter): Name = "Device Package"; Value = "0603 (1608 Metric)"; VariantName = "[No Variations]"
Add component (AddParameter): Name = "Height - Seated (Max)"; Value = "0.022" (0.55mm)"; VariantName = "[No Variations]"
Add component (AddParameter): Name = "LastUpdated"; Value = "2/9/2024 8:43:37 PM"; VariantName = "[No Variations]"
Add component (AddParameter): Name = "Lifecycle Status"; Value = "Active"; VariantName = "[No Variations]"
Add component (AddParameter): Name = "Manufacturer"; Value = "TE Connectivity Passive Product"; VariantName = "[No Variations]"
Add component (AddParameter): Name = "Minimum Order"; Value = "1"; VariantName = "[No Variations]"
Add component (AddParameter): Name = "Number of Terminations"; Value = "2"; VariantName = "[No Variations]"
Add component (AddParameter): Name = "Operating Temperature"; Value = "-55°C ~ 155°C"; VariantName = "[No Variations]"
Add component (AddParameter): Name = "Package / Case"; Value = "0603 (1608 Metric)"; VariantName = "[No Variations]"
Add component (AddParameter): Name = "Packaging"; Value = "TapeAndReel"; VariantName = "[No Variations]"
Add component (AddParameter): Name = "PartId"; Value = "4877"; VariantName = "[No Variations]"
Add component (AddParameter): Name = "Part Number"; Value = "CPF0603B1K0E"; VariantName = "[No Variations]"
Add component (AddParameter): Name = "Part Status"; Value = "Active"; VariantName = "[No Variations]"
Add component (AddParameter): Name = "Power (Watts)"; Value = "0.063W, 1/16W"; VariantName = "[No Variations]"
Add component (AddParameter): Name = "Price"; Value = "0.09"; VariantName = "[No Variations]"
Add component (AddParameter): Name = "Resistance"; Value = "1 kOhms"; VariantName = "[No Variations]"
Add component (AddParameter): Name = "Series"; Value = "CPF, Neohm"; VariantName = "[No Variations]"
Add component (AddParameter): Name = "Size / Dimension"; Value = "0.061" L x 0.031" W (1.55mm x 0.80mm)"; VariantName = "[No Variations]"
Add component (AddParameter): Name = "Supplier 1"; Value = "DigiKey"; VariantName = "[No Variations]"
Add component (AddParameter): Name = "Supplier Device Package"; Value = "0603"; VariantName = "[No Variations]"
Add component (AddParameter): Name = "Supplier Part Number 1"; Value = "A119887CT-ND"; VariantName = "[No Variations]"
Add component (AddParameter): Name = "Temperature Coefficient"; Value = "±25ppm/°C"; VariantName = "[No Variations]"
Add component (AddParameter): Name = "Tolerance"; Value = "±0.1%"; VariantName = "[No Variations]"
Add component (AddParameter): Name = "Value"; Value = "1 kOhms"; VariantName = "[No Variations]"
Added Component: Designator=Y_R2_U_OR_GATE3(RES 0603_1608)
Add component. Clean all parameters for all variants
Add component (AddParameter): Name = "ComponentLink1Description"; Value = "Datasheet"; VariantName = "[No Variations]"
Add component (AddParameter): Name = "ComponentLink1URL"; Value = "https://www.te.com/commerce/DocumentDelivery/DDEController?Action=srchrtrv&DocNm=1773200&DocType=DS&DocLang=English"; VariantName = "[No Variations]"
Add component (AddParameter): Name = "ComponentLink2Description"; Value = "DigiKey Link"; VariantName = "[No Variations]"
Add component (AddParameter): Name = "ComponentLink2URL"; Value = "https://www.digikey.com/en/products/detail/te-connectivity-passive-product/CPF0603B1K0E/2390473"; VariantName = "[No Variations]"
Add component (AddParameter): Name = "Composition"; Value = "Thin Film"; VariantName = "[No Variations]"
Add component (AddParameter): Name = "Device Package"; Value = "0603 (1608 Metric)"; VariantName = "[No Variations]"
Add component (AddParameter): Name = "Height - Seated (Max)"; Value = "0.022" (0.55mm)"; VariantName = "[No Variations]"
Add component (AddParameter): Name = "LastUpdated"; Value = "2/9/2024 8:43:37 PM"; VariantName = "[No Variations]"
Add component (AddParameter): Name = "Lifecycle Status"; Value = "Active"; VariantName = "[No Variations]"
Add component (AddParameter): Name = "Manufacturer"; Value = "TE Connectivity Passive Product"; VariantName = "[No Variations]"
Add component (AddParameter): Name = "Minimum Order"; Value = "1"; VariantName = "[No Variations]"
Add component (AddParameter): Name = "Number of Terminations"; Value = "2"; VariantName = "[No Variations]"
Add component (AddParameter): Name = "Operating Temperature"; Value = "-55°C ~ 155°C"; VariantName = "[No Variations]"
Add component (AddParameter): Name = "Package / Case"; Value = "0603 (1608 Metric)"; VariantName = "[No Variations]"
Add component (AddParameter): Name = "Packaging"; Value = "TapeAndReel"; VariantName = "[No Variations]"
Add component (AddParameter): Name = "PartId"; Value = "4877"; VariantName = "[No Variations]"
Add component (AddParameter): Name = "Part Number"; Value = "CPF0603B1K0E"; VariantName = "[No Variations]"
Add component (AddParameter): Name = "Part Status"; Value = "Active"; VariantName = "[No Variations]"
Add component (AddParameter): Name = "Power (Watts)"; Value = "0.063W, 1/16W"; VariantName = "[No Variations]"
Add component (AddParameter): Name = "Price"; Value = "0.09"; VariantName = "[No Variations]"
Add component (AddParameter): Name = "Resistance"; Value = "1 kOhms"; VariantName = "[No Variations]"
Add component (AddParameter): Name = "Series"; Value = "CPF, Neohm"; VariantName = "[No Variations]"
Add component (AddParameter): Name = "Size / Dimension"; Value = "0.061" L x 0.031" W (1.55mm x 0.80mm)"; VariantName = "[No Variations]"
Add component (AddParameter): Name = "Supplier 1"; Value = "DigiKey"; VariantName = "[No Variations]"
Add component (AddParameter): Name = "Supplier Device Package"; Value = "0603"; VariantName = "[No Variations]"
Add component (AddParameter): Name = "Supplier Part Number 1"; Value = "A119887CT-ND"; VariantName = "[No Variations]"
Add component (AddParameter): Name = "Temperature Coefficient"; Value = "±25ppm/°C"; VariantName = "[No Variations]"
Add component (AddParameter): Name = "Tolerance"; Value = "±0.1%"; VariantName = "[No Variations]"
Add component (AddParameter): Name = "Value"; Value = "1 kOhms"; VariantName = "[No Variations]"
Added Component: Designator=Y_R2_U_OR_GATE4(RES 0603_1608)
Add component. Clean all parameters for all variants
Add component (AddParameter): Name = "ComponentLink1Description"; Value = "Datasheet"; VariantName = "[No Variations]"
Add component (AddParameter): Name = "ComponentLink1URL"; Value = "https://www.te.com/commerce/DocumentDelivery/DDEController?Action=srchrtrv&DocNm=1773200&DocType=DS&DocLang=English"; VariantName = "[No Variations]"
Add component (AddParameter): Name = "ComponentLink2Description"; Value = "DigiKey Link"; VariantName = "[No Variations]"
Add component (AddParameter): Name = "ComponentLink2URL"; Value = "https://www.digikey.com/en/products/detail/te-connectivity-passive-product/CPF0603B1K0E/2390473"; VariantName = "[No Variations]"
Add component (AddParameter): Name = "Composition"; Value = "Thin Film"; VariantName = "[No Variations]"
Add component (AddParameter): Name = "Device Package"; Value = "0603 (1608 Metric)"; VariantName = "[No Variations]"
Add component (AddParameter): Name = "Height - Seated (Max)"; Value = "0.022" (0.55mm)"; VariantName = "[No Variations]"
Add component (AddParameter): Name = "LastUpdated"; Value = "2/9/2024 8:43:37 PM"; VariantName = "[No Variations]"
Add component (AddParameter): Name = "Lifecycle Status"; Value = "Active"; VariantName = "[No Variations]"
Add component (AddParameter): Name = "Manufacturer"; Value = "TE Connectivity Passive Product"; VariantName = "[No Variations]"
Add component (AddParameter): Name = "Minimum Order"; Value = "1"; VariantName = "[No Variations]"
Add component (AddParameter): Name = "Number of Terminations"; Value = "2"; VariantName = "[No Variations]"
Add component (AddParameter): Name = "Operating Temperature"; Value = "-55°C ~ 155°C"; VariantName = "[No Variations]"
Add component (AddParameter): Name = "Package / Case"; Value = "0603 (1608 Metric)"; VariantName = "[No Variations]"
Add component (AddParameter): Name = "Packaging"; Value = "TapeAndReel"; VariantName = "[No Variations]"
Add component (AddParameter): Name = "PartId"; Value = "4877"; VariantName = "[No Variations]"
Add component (AddParameter): Name = "Part Number"; Value = "CPF0603B1K0E"; VariantName = "[No Variations]"
Add component (AddParameter): Name = "Part Status"; Value = "Active"; VariantName = "[No Variations]"
Add component (AddParameter): Name = "Power (Watts)"; Value = "0.063W, 1/16W"; VariantName = "[No Variations]"
Add component (AddParameter): Name = "Price"; Value = "0.09"; VariantName = "[No Variations]"
Add component (AddParameter): Name = "Resistance"; Value = "1 kOhms"; VariantName = "[No Variations]"
Add component (AddParameter): Name = "Series"; Value = "CPF, Neohm"; VariantName = "[No Variations]"
Add component (AddParameter): Name = "Size / Dimension"; Value = "0.061" L x 0.031" W (1.55mm x 0.80mm)"; VariantName = "[No Variations]"
Add component (AddParameter): Name = "Supplier 1"; Value = "DigiKey"; VariantName = "[No Variations]"
Add component (AddParameter): Name = "Supplier Device Package"; Value = "0603"; VariantName = "[No Variations]"
Add component (AddParameter): Name = "Supplier Part Number 1"; Value = "A119887CT-ND"; VariantName = "[No Variations]"
Add component (AddParameter): Name = "Temperature Coefficient"; Value = "±25ppm/°C"; VariantName = "[No Variations]"
Add component (AddParameter): Name = "Tolerance"; Value = "±0.1%"; VariantName = "[No Variations]"
Add component (AddParameter): Name = "Value"; Value = "1 kOhms"; VariantName = "[No Variations]"
Added Component: Designator=Y_RD1_U_AND_GATE1(RES 0603_1608)
Add component. Clean all parameters for all variants
Add component (AddParameter): Name = "ComponentLink1Description"; Value = "Datasheet"; VariantName = "[No Variations]"
Add component (AddParameter): Name = "ComponentLink1URL"; Value = "https://www.seielect.com/catalog/sei-rmcf_rmcp.pdf"; VariantName = "[No Variations]"
Add component (AddParameter): Name = "ComponentLink2Description"; Value = "DigiKey Link"; VariantName = "[No Variations]"
Add component (AddParameter): Name = "ComponentLink2URL"; Value = "https://www.digikey.com/en/products/detail/stackpole-electronics-inc/RMCF0603JT330R/1757998"; VariantName = "[No Variations]"
Add component (AddParameter): Name = "Composition"; Value = "Thick Film"; VariantName = "[No Variations]"
Add component (AddParameter): Name = "Device Package"; Value = "0603 (1608 Metric)"; VariantName = "[No Variations]"
Add component (AddParameter): Name = "Features"; Value = "Automotive AEC-Q200"; VariantName = "[No Variations]"
Add component (AddParameter): Name = "Height - Seated (Max)"; Value = "0.022" (0.55mm)"; VariantName = "[No Variations]"
Add component (AddParameter): Name = "LastUpdated"; Value = "2/9/2024 8:43:33 PM"; VariantName = "[No Variations]"
Add component (AddParameter): Name = "Lifecycle Status"; Value = "Active"; VariantName = "[No Variations]"
Add component (AddParameter): Name = "Manufacturer"; Value = "Stackpole Electronics Inc"; VariantName = "[No Variations]"
Add component (AddParameter): Name = "Minimum Order"; Value = "1"; VariantName = "[No Variations]"
Add component (AddParameter): Name = "Number of Terminations"; Value = "2"; VariantName = "[No Variations]"
Add component (AddParameter): Name = "Operating Temperature"; Value = "-55°C ~ 155°C"; VariantName = "[No Variations]"
Add component (AddParameter): Name = "Package / Case"; Value = "0603 (1608 Metric)"; VariantName = "[No Variations]"
Add component (AddParameter): Name = "Packaging"; Value = "CutTape"; VariantName = "[No Variations]"
Add component (AddParameter): Name = "PartId"; Value = "5841"; VariantName = "[No Variations]"
Add component (AddParameter): Name = "Part Number"; Value = "RMCF0603JT330R"; VariantName = "[No Variations]"
Add component (AddParameter): Name = "Part Status"; Value = "Active"; VariantName = "[No Variations]"
Add component (AddParameter): Name = "Power (Watts)"; Value = "0.1W, 1/10W"; VariantName = "[No Variations]"
Add component (AddParameter): Name = "Price"; Value = "0.01"; VariantName = "[No Variations]"
Add component (AddParameter): Name = "Ratings"; Value = "AEC-Q200"; VariantName = "[No Variations]"
Add component (AddParameter): Name = "Resistance"; Value = "330 Ohms"; VariantName = "[No Variations]"
Add component (AddParameter): Name = "Series"; Value = "RMCF"; VariantName = "[No Variations]"
Add component (AddParameter): Name = "Size / Dimension"; Value = "0.061" L x 0.031" W (1.55mm x 0.80mm)"; VariantName = "[No Variations]"
Add component (AddParameter): Name = "Supplier 1"; Value = "DigiKey"; VariantName = "[No Variations]"
Add component (AddParameter): Name = "Supplier Device Package"; Value = "0603"; VariantName = "[No Variations]"
Add component (AddParameter): Name = "Supplier Part Number 1"; Value = "RMCF0603JT330RCT-ND"; VariantName = "[No Variations]"
Add component (AddParameter): Name = "Temperature Coefficient"; Value = "±200ppm/°C"; VariantName = "[No Variations]"
Add component (AddParameter): Name = "Tolerance"; Value = "±5%"; VariantName = "[No Variations]"
Add component (AddParameter): Name = "Value"; Value = "330 Ohms"; VariantName = "[No Variations]"
Added Component: Designator=Y_RD1_U_AND_GATE2(RES 0603_1608)
Add component. Clean all parameters for all variants
Add component (AddParameter): Name = "ComponentLink1Description"; Value = "Datasheet"; VariantName = "[No Variations]"
Add component (AddParameter): Name = "ComponentLink1URL"; Value = "https://www.seielect.com/catalog/sei-rmcf_rmcp.pdf"; VariantName = "[No Variations]"
Add component (AddParameter): Name = "ComponentLink2Description"; Value = "DigiKey Link"; VariantName = "[No Variations]"
Add component (AddParameter): Name = "ComponentLink2URL"; Value = "https://www.digikey.com/en/products/detail/stackpole-electronics-inc/RMCF0603JT330R/1757998"; VariantName = "[No Variations]"
Add component (AddParameter): Name = "Composition"; Value = "Thick Film"; VariantName = "[No Variations]"
Add component (AddParameter): Name = "Device Package"; Value = "0603 (1608 Metric)"; VariantName = "[No Variations]"
Add component (AddParameter): Name = "Features"; Value = "Automotive AEC-Q200"; VariantName = "[No Variations]"
Add component (AddParameter): Name = "Height - Seated (Max)"; Value = "0.022" (0.55mm)"; VariantName = "[No Variations]"
Add component (AddParameter): Name = "LastUpdated"; Value = "2/9/2024 8:43:33 PM"; VariantName = "[No Variations]"
Add component (AddParameter): Name = "Lifecycle Status"; Value = "Active"; VariantName = "[No Variations]"
Add component (AddParameter): Name = "Manufacturer"; Value = "Stackpole Electronics Inc"; VariantName = "[No Variations]"
Add component (AddParameter): Name = "Minimum Order"; Value = "1"; VariantName = "[No Variations]"
Add component (AddParameter): Name = "Number of Terminations"; Value = "2"; VariantName = "[No Variations]"
Add component (AddParameter): Name = "Operating Temperature"; Value = "-55°C ~ 155°C"; VariantName = "[No Variations]"
Add component (AddParameter): Name = "Package / Case"; Value = "0603 (1608 Metric)"; VariantName = "[No Variations]"
Add component (AddParameter): Name = "Packaging"; Value = "CutTape"; VariantName = "[No Variations]"
Add component (AddParameter): Name = "PartId"; Value = "5841"; VariantName = "[No Variations]"
Add component (AddParameter): Name = "Part Number"; Value = "RMCF0603JT330R"; VariantName = "[No Variations]"
Add component (AddParameter): Name = "Part Status"; Value = "Active"; VariantName = "[No Variations]"
Add component (AddParameter): Name = "Power (Watts)"; Value = "0.1W, 1/10W"; VariantName = "[No Variations]"
Add component (AddParameter): Name = "Price"; Value = "0.01"; VariantName = "[No Variations]"
Add component (AddParameter): Name = "Ratings"; Value = "AEC-Q200"; VariantName = "[No Variations]"
Add component (AddParameter): Name = "Resistance"; Value = "330 Ohms"; VariantName = "[No Variations]"
Add component (AddParameter): Name = "Series"; Value = "RMCF"; VariantName = "[No Variations]"
Add component (AddParameter): Name = "Size / Dimension"; Value = "0.061" L x 0.031" W (1.55mm x 0.80mm)"; VariantName = "[No Variations]"
Add component (AddParameter): Name = "Supplier 1"; Value = "DigiKey"; VariantName = "[No Variations]"
Add component (AddParameter): Name = "Supplier Device Package"; Value = "0603"; VariantName = "[No Variations]"
Add component (AddParameter): Name = "Supplier Part Number 1"; Value = "RMCF0603JT330RCT-ND"; VariantName = "[No Variations]"
Add component (AddParameter): Name = "Temperature Coefficient"; Value = "±200ppm/°C"; VariantName = "[No Variations]"
Add component (AddParameter): Name = "Tolerance"; Value = "±5%"; VariantName = "[No Variations]"
Add component (AddParameter): Name = "Value"; Value = "330 Ohms"; VariantName = "[No Variations]"
Added Component: Designator=Y_RD2_U_OR_GATE3(RES 0603_1608)
Add component. Clean all parameters for all variants
Add component (AddParameter): Name = "ComponentLink1Description"; Value = "Datasheet"; VariantName = "[No Variations]"
Add component (AddParameter): Name = "ComponentLink1URL"; Value = "https://www.seielect.com/catalog/sei-rmcf_rmcp.pdf"; VariantName = "[No Variations]"
Add component (AddParameter): Name = "ComponentLink2Description"; Value = "DigiKey Link"; VariantName = "[No Variations]"
Add component (AddParameter): Name = "ComponentLink2URL"; Value = "https://www.digikey.com/en/products/detail/stackpole-electronics-inc/RMCF0603JT330R/1757998"; VariantName = "[No Variations]"
Add component (AddParameter): Name = "Composition"; Value = "Thick Film"; VariantName = "[No Variations]"
Add component (AddParameter): Name = "Device Package"; Value = "0603 (1608 Metric)"; VariantName = "[No Variations]"
Add component (AddParameter): Name = "Features"; Value = "Automotive AEC-Q200"; VariantName = "[No Variations]"
Add component (AddParameter): Name = "Height - Seated (Max)"; Value = "0.022" (0.55mm)"; VariantName = "[No Variations]"
Add component (AddParameter): Name = "LastUpdated"; Value = "2/9/2024 8:43:33 PM"; VariantName = "[No Variations]"
Add component (AddParameter): Name = "Lifecycle Status"; Value = "Active"; VariantName = "[No Variations]"
Add component (AddParameter): Name = "Manufacturer"; Value = "Stackpole Electronics Inc"; VariantName = "[No Variations]"
Add component (AddParameter): Name = "Minimum Order"; Value = "1"; VariantName = "[No Variations]"
Add component (AddParameter): Name = "Number of Terminations"; Value = "2"; VariantName = "[No Variations]"
Add component (AddParameter): Name = "Operating Temperature"; Value = "-55°C ~ 155°C"; VariantName = "[No Variations]"
Add component (AddParameter): Name = "Package / Case"; Value = "0603 (1608 Metric)"; VariantName = "[No Variations]"
Add component (AddParameter): Name = "Packaging"; Value = "CutTape"; VariantName = "[No Variations]"
Add component (AddParameter): Name = "PartId"; Value = "5841"; VariantName = "[No Variations]"
Add component (AddParameter): Name = "Part Number"; Value = "RMCF0603JT330R"; VariantName = "[No Variations]"
Add component (AddParameter): Name = "Part Status"; Value = "Active"; VariantName = "[No Variations]"
Add component (AddParameter): Name = "Power (Watts)"; Value = "0.1W, 1/10W"; VariantName = "[No Variations]"
Add component (AddParameter): Name = "Price"; Value = "0.01"; VariantName = "[No Variations]"
Add component (AddParameter): Name = "Ratings"; Value = "AEC-Q200"; VariantName = "[No Variations]"
Add component (AddParameter): Name = "Resistance"; Value = "330 Ohms"; VariantName = "[No Variations]"
Add component (AddParameter): Name = "Series"; Value = "RMCF"; VariantName = "[No Variations]"
Add component (AddParameter): Name = "Size / Dimension"; Value = "0.061" L x 0.031" W (1.55mm x 0.80mm)"; VariantName = "[No Variations]"
Add component (AddParameter): Name = "Supplier 1"; Value = "DigiKey"; VariantName = "[No Variations]"
Add component (AddParameter): Name = "Supplier Device Package"; Value = "0603"; VariantName = "[No Variations]"
Add component (AddParameter): Name = "Supplier Part Number 1"; Value = "RMCF0603JT330RCT-ND"; VariantName = "[No Variations]"
Add component (AddParameter): Name = "Temperature Coefficient"; Value = "±200ppm/°C"; VariantName = "[No Variations]"
Add component (AddParameter): Name = "Tolerance"; Value = "±5%"; VariantName = "[No Variations]"
Add component (AddParameter): Name = "Value"; Value = "330 Ohms"; VariantName = "[No Variations]"
Added Component: Designator=Y_RD2_U_OR_GATE4(RES 0603_1608)
Add component. Clean all parameters for all variants
Add component (AddParameter): Name = "ComponentLink1Description"; Value = "Datasheet"; VariantName = "[No Variations]"
Add component (AddParameter): Name = "ComponentLink1URL"; Value = "https://www.seielect.com/catalog/sei-rmcf_rmcp.pdf"; VariantName = "[No Variations]"
Add component (AddParameter): Name = "ComponentLink2Description"; Value = "DigiKey Link"; VariantName = "[No Variations]"
Add component (AddParameter): Name = "ComponentLink2URL"; Value = "https://www.digikey.com/en/products/detail/stackpole-electronics-inc/RMCF0603JT330R/1757998"; VariantName = "[No Variations]"
Add component (AddParameter): Name = "Composition"; Value = "Thick Film"; VariantName = "[No Variations]"
Add component (AddParameter): Name = "Device Package"; Value = "0603 (1608 Metric)"; VariantName = "[No Variations]"
Add component (AddParameter): Name = "Features"; Value = "Automotive AEC-Q200"; VariantName = "[No Variations]"
Add component (AddParameter): Name = "Height - Seated (Max)"; Value = "0.022" (0.55mm)"; VariantName = "[No Variations]"
Add component (AddParameter): Name = "LastUpdated"; Value = "2/9/2024 8:43:33 PM"; VariantName = "[No Variations]"
Add component (AddParameter): Name = "Lifecycle Status"; Value = "Active"; VariantName = "[No Variations]"
Add component (AddParameter): Name = "Manufacturer"; Value = "Stackpole Electronics Inc"; VariantName = "[No Variations]"
Add component (AddParameter): Name = "Minimum Order"; Value = "1"; VariantName = "[No Variations]"
Add component (AddParameter): Name = "Number of Terminations"; Value = "2"; VariantName = "[No Variations]"
Add component (AddParameter): Name = "Operating Temperature"; Value = "-55°C ~ 155°C"; VariantName = "[No Variations]"
Add component (AddParameter): Name = "Package / Case"; Value = "0603 (1608 Metric)"; VariantName = "[No Variations]"
Add component (AddParameter): Name = "Packaging"; Value = "CutTape"; VariantName = "[No Variations]"
Add component (AddParameter): Name = "PartId"; Value = "5841"; VariantName = "[No Variations]"
Add component (AddParameter): Name = "Part Number"; Value = "RMCF0603JT330R"; VariantName = "[No Variations]"
Add component (AddParameter): Name = "Part Status"; Value = "Active"; VariantName = "[No Variations]"
Add component (AddParameter): Name = "Power (Watts)"; Value = "0.1W, 1/10W"; VariantName = "[No Variations]"
Add component (AddParameter): Name = "Price"; Value = "0.01"; VariantName = "[No Variations]"
Add component (AddParameter): Name = "Ratings"; Value = "AEC-Q200"; VariantName = "[No Variations]"
Add component (AddParameter): Name = "Resistance"; Value = "330 Ohms"; VariantName = "[No Variations]"
Add component (AddParameter): Name = "Series"; Value = "RMCF"; VariantName = "[No Variations]"
Add component (AddParameter): Name = "Size / Dimension"; Value = "0.061" L x 0.031" W (1.55mm x 0.80mm)"; VariantName = "[No Variations]"
Add component (AddParameter): Name = "Supplier 1"; Value = "DigiKey"; VariantName = "[No Variations]"
Add component (AddParameter): Name = "Supplier Device Package"; Value = "0603"; VariantName = "[No Variations]"
Add component (AddParameter): Name = "Supplier Part Number 1"; Value = "RMCF0603JT330RCT-ND"; VariantName = "[No Variations]"
Add component (AddParameter): Name = "Temperature Coefficient"; Value = "±200ppm/°C"; VariantName = "[No Variations]"
Add component (AddParameter): Name = "Tolerance"; Value = "±5%"; VariantName = "[No Variations]"
Add component (AddParameter): Name = "Value"; Value = "330 Ohms"; VariantName = "[No Variations]"
Added Pin To Net: NetName=+5 Pin=AIN_RD1_U_AND_GATE1-1
Added Pin To Net: NetName=+5 Pin=AIN_RD1_U_AND_GATE2-1
Added Pin To Net: NetName=+5 Pin=AIN_RD2_U_OR_GATE3-1
Added Pin To Net: NetName=+5 Pin=AIN_RD2_U_OR_GATE4-1
Added Pin To Net: NetName=+5 Pin=BIN_RD1_U_AND_GATE1-1
Added Pin To Net: NetName=+5 Pin=BIN_RD1_U_AND_GATE2-1
Added Pin To Net: NetName=+5 Pin=BIN_RD2_U_OR_GATE3-1
Added Pin To Net: NetName=+5 Pin=BIN_RD2_U_OR_GATE4-1
Added Pin To Net: NetName=+5 Pin=R1_U_AND_GATE1-2
Added Pin To Net: NetName=+5 Pin=R1_U_AND_GATE2-2
Added Pin To Net: NetName=+5 Pin=R5_U_OR_GATE3-2
Added Pin To Net: NetName=+5 Pin=R5_U_OR_GATE4-2
Added Pin To Net: NetName=+5 Pin=RO1_U_AND_GATE1-2
Added Pin To Net: NetName=+5 Pin=RO1_U_AND_GATE2-2
Added Pin To Net: NetName=+5 Pin=RO2_U_OR_GATE3-2
Added Pin To Net: NetName=+5 Pin=RO2_U_OR_GATE4-2
Added Pin To Net: NetName=+5 Pin=Y_RD1_U_AND_GATE1-1
Added Pin To Net: NetName=+5 Pin=Y_RD1_U_AND_GATE2-1
Added Pin To Net: NetName=+5 Pin=Y_RD2_U_OR_GATE3-1
Added Pin To Net: NetName=+5 Pin=Y_RD2_U_OR_GATE4-1
Added Net: Name=+5
Added Pin To Net: NetName=GND Pin=AIN_Q1_U_AND_GATE1-2
Added Pin To Net: NetName=GND Pin=AIN_Q1_U_AND_GATE2-2
Added Pin To Net: NetName=GND Pin=AIN_Q2_U_OR_GATE3-2
Added Pin To Net: NetName=GND Pin=AIN_Q2_U_OR_GATE4-2
Added Pin To Net: NetName=GND Pin=BIN_Q1_U_AND_GATE1-2
Added Pin To Net: NetName=GND Pin=BIN_Q1_U_AND_GATE2-2
Added Pin To Net: NetName=GND Pin=BIN_Q2_U_OR_GATE3-2
Added Pin To Net: NetName=GND Pin=BIN_Q2_U_OR_GATE4-2
Added Pin To Net: NetName=GND Pin=Q2_U_AND_GATE1-2
Added Pin To Net: NetName=GND Pin=Q2_U_AND_GATE2-2
Added Pin To Net: NetName=GND Pin=Q3_U_AND_GATE1-2
Added Pin To Net: NetName=GND Pin=Q3_U_AND_GATE2-2
Added Pin To Net: NetName=GND Pin=Q4_U_OR_GATE3-2
Added Pin To Net: NetName=GND Pin=Q4_U_OR_GATE4-2
Added Pin To Net: NetName=GND Pin=Q5_U_OR_GATE3-2
Added Pin To Net: NetName=GND Pin=Q5_U_OR_GATE4-2
Added Pin To Net: NetName=GND Pin=Q6_U_OR_GATE3-2
Added Pin To Net: NetName=GND Pin=Q6_U_OR_GATE4-2
Added Pin To Net: NetName=GND Pin=Y_Q1_U_AND_GATE1-2
Added Pin To Net: NetName=GND Pin=Y_Q1_U_AND_GATE2-2
Added Pin To Net: NetName=GND Pin=Y_Q2_U_OR_GATE3-2
Added Pin To Net: NetName=GND Pin=Y_Q2_U_OR_GATE4-2
Added Net: Name=GND
Added Pin To Net: NetName=NetAIN_D1_U_AND_GATE1_1 Pin=AIN_D1_U_AND_GATE1-1
Added Pin To Net: NetName=NetAIN_D1_U_AND_GATE1_1 Pin=AIN_RD1_U_AND_GATE1-2
Added Net: Name=NetAIN_D1_U_AND_GATE1_1
Added Pin To Net: NetName=NetAIN_D1_U_AND_GATE1_2 Pin=AIN_D1_U_AND_GATE1-2
Added Pin To Net: NetName=NetAIN_D1_U_AND_GATE1_2 Pin=AIN_Q1_U_AND_GATE1-3
Added Net: Name=NetAIN_D1_U_AND_GATE1_2
Added Pin To Net: NetName=NetAIN_D1_U_AND_GATE2_1 Pin=AIN_D1_U_AND_GATE2-1
Added Pin To Net: NetName=NetAIN_D1_U_AND_GATE2_1 Pin=AIN_RD1_U_AND_GATE2-2
Added Net: Name=NetAIN_D1_U_AND_GATE2_1
Added Pin To Net: NetName=NetAIN_D1_U_AND_GATE2_2 Pin=AIN_D1_U_AND_GATE2-2
Added Pin To Net: NetName=NetAIN_D1_U_AND_GATE2_2 Pin=AIN_Q1_U_AND_GATE2-3
Added Net: Name=NetAIN_D1_U_AND_GATE2_2
Added Pin To Net: NetName=NetAIN_D2_U_OR_GATE3_1 Pin=AIN_D2_U_OR_GATE3-1
Added Pin To Net: NetName=NetAIN_D2_U_OR_GATE3_1 Pin=AIN_RD2_U_OR_GATE3-2
Added Net: Name=NetAIN_D2_U_OR_GATE3_1
Added Pin To Net: NetName=NetAIN_D2_U_OR_GATE3_2 Pin=AIN_D2_U_OR_GATE3-2
Added Pin To Net: NetName=NetAIN_D2_U_OR_GATE3_2 Pin=AIN_Q2_U_OR_GATE3-3
Added Net: Name=NetAIN_D2_U_OR_GATE3_2
Added Pin To Net: NetName=NetAIN_D2_U_OR_GATE4_1 Pin=AIN_D2_U_OR_GATE4-1
Added Pin To Net: NetName=NetAIN_D2_U_OR_GATE4_1 Pin=AIN_RD2_U_OR_GATE4-2
Added Net: Name=NetAIN_D2_U_OR_GATE4_1
Added Pin To Net: NetName=NetAIN_D2_U_OR_GATE4_2 Pin=AIN_D2_U_OR_GATE4-2
Added Pin To Net: NetName=NetAIN_D2_U_OR_GATE4_2 Pin=AIN_Q2_U_OR_GATE4-3
Added Net: Name=NetAIN_D2_U_OR_GATE4_2
Added Pin To Net: NetName=NetAIN_Q1_U_AND_GATE1_1 Pin=AIN_Q1_U_AND_GATE1-1
Added Pin To Net: NetName=NetAIN_Q1_U_AND_GATE1_1 Pin=AIN_R1_U_AND_GATE1-1
Added Net: Name=NetAIN_Q1_U_AND_GATE1_1
Added Pin To Net: NetName=NetAIN_Q1_U_AND_GATE2_1 Pin=AIN_Q1_U_AND_GATE2-1
Added Pin To Net: NetName=NetAIN_Q1_U_AND_GATE2_1 Pin=AIN_R1_U_AND_GATE2-1
Added Net: Name=NetAIN_Q1_U_AND_GATE2_1
Added Pin To Net: NetName=NetAIN_Q2_U_OR_GATE3_1 Pin=AIN_Q2_U_OR_GATE3-1
Added Pin To Net: NetName=NetAIN_Q2_U_OR_GATE3_1 Pin=AIN_R2_U_OR_GATE3-1
Added Net: Name=NetAIN_Q2_U_OR_GATE3_1
Added Pin To Net: NetName=NetAIN_Q2_U_OR_GATE4_1 Pin=AIN_Q2_U_OR_GATE4-1
Added Pin To Net: NetName=NetAIN_Q2_U_OR_GATE4_1 Pin=AIN_R2_U_OR_GATE4-1
Added Net: Name=NetAIN_Q2_U_OR_GATE4_1
Added Pin To Net: NetName=NetBIN_D1_U_AND_GATE1_1 Pin=BIN_D1_U_AND_GATE1-1
Added Pin To Net: NetName=NetBIN_D1_U_AND_GATE1_1 Pin=BIN_RD1_U_AND_GATE1-2
Added Net: Name=NetBIN_D1_U_AND_GATE1_1
Added Pin To Net: NetName=NetBIN_D1_U_AND_GATE1_2 Pin=BIN_D1_U_AND_GATE1-2
Added Pin To Net: NetName=NetBIN_D1_U_AND_GATE1_2 Pin=BIN_Q1_U_AND_GATE1-3
Added Net: Name=NetBIN_D1_U_AND_GATE1_2
Added Pin To Net: NetName=NetBIN_D1_U_AND_GATE2_1 Pin=BIN_D1_U_AND_GATE2-1
Added Pin To Net: NetName=NetBIN_D1_U_AND_GATE2_1 Pin=BIN_RD1_U_AND_GATE2-2
Added Net: Name=NetBIN_D1_U_AND_GATE2_1
Added Pin To Net: NetName=NetBIN_D1_U_AND_GATE2_2 Pin=BIN_D1_U_AND_GATE2-2
Added Pin To Net: NetName=NetBIN_D1_U_AND_GATE2_2 Pin=BIN_Q1_U_AND_GATE2-3
Added Net: Name=NetBIN_D1_U_AND_GATE2_2
Added Pin To Net: NetName=NetBIN_D2_U_OR_GATE3_1 Pin=BIN_D2_U_OR_GATE3-1
Added Pin To Net: NetName=NetBIN_D2_U_OR_GATE3_1 Pin=BIN_RD2_U_OR_GATE3-2
Added Net: Name=NetBIN_D2_U_OR_GATE3_1
Added Pin To Net: NetName=NetBIN_D2_U_OR_GATE3_2 Pin=BIN_D2_U_OR_GATE3-2
Added Pin To Net: NetName=NetBIN_D2_U_OR_GATE3_2 Pin=BIN_Q2_U_OR_GATE3-3
Added Net: Name=NetBIN_D2_U_OR_GATE3_2
Added Pin To Net: NetName=NetBIN_D2_U_OR_GATE4_1 Pin=BIN_D2_U_OR_GATE4-1
Added Pin To Net: NetName=NetBIN_D2_U_OR_GATE4_1 Pin=BIN_RD2_U_OR_GATE4-2
Added Net: Name=NetBIN_D2_U_OR_GATE4_1
Added Pin To Net: NetName=NetBIN_D2_U_OR_GATE4_2 Pin=BIN_D2_U_OR_GATE4-2
Added Pin To Net: NetName=NetBIN_D2_U_OR_GATE4_2 Pin=BIN_Q2_U_OR_GATE4-3
Added Net: Name=NetBIN_D2_U_OR_GATE4_2
Added Pin To Net: NetName=NetBIN_Q1_U_AND_GATE1_1 Pin=BIN_Q1_U_AND_GATE1-1
Added Pin To Net: NetName=NetBIN_Q1_U_AND_GATE1_1 Pin=BIN_R1_U_AND_GATE1-1
Added Net: Name=NetBIN_Q1_U_AND_GATE1_1
Added Pin To Net: NetName=NetBIN_Q1_U_AND_GATE2_1 Pin=BIN_Q1_U_AND_GATE2-1
Added Pin To Net: NetName=NetBIN_Q1_U_AND_GATE2_1 Pin=BIN_R1_U_AND_GATE2-1
Added Net: Name=NetBIN_Q1_U_AND_GATE2_1
Added Pin To Net: NetName=NetBIN_Q2_U_OR_GATE3_1 Pin=BIN_Q2_U_OR_GATE3-1
Added Pin To Net: NetName=NetBIN_Q2_U_OR_GATE3_1 Pin=BIN_R2_U_OR_GATE3-1
Added Net: Name=NetBIN_Q2_U_OR_GATE3_1
Added Pin To Net: NetName=NetBIN_Q2_U_OR_GATE4_1 Pin=BIN_Q2_U_OR_GATE4-1
Added Pin To Net: NetName=NetBIN_Q2_U_OR_GATE4_1 Pin=BIN_R2_U_OR_GATE4-1
Added Net: Name=NetBIN_Q2_U_OR_GATE4_1
Added Pin To Net: NetName=NetLabel6_3 Pin=AIN_R1_U_AND_GATE1-2
Added Pin To Net: NetName=NetLabel6_3 Pin=R2_U_AND_GATE1-1
Added Net: Name=NetLabel6_3
Added Pin To Net: NetName=NetLabel7_3 Pin=BIN_R1_U_AND_GATE1-2
Added Pin To Net: NetName=NetLabel7_3 Pin=R3_U_AND_GATE1-1
Added Net: Name=NetLabel7_3
Added Pin To Net: NetName=NetLabel8_3 Pin=AIN_R1_U_AND_GATE2-2
Added Pin To Net: NetName=NetLabel8_3 Pin=R2_U_AND_GATE2-1
Added Net: Name=NetLabel8_3
Added Pin To Net: NetName=NetLabel9_3 Pin=BIN_R1_U_AND_GATE2-2
Added Pin To Net: NetName=NetLabel9_3 Pin=R3_U_AND_GATE2-1
Added Net: Name=NetLabel9_3
Added Pin To Net: NetName=NetLabel10_3 Pin=AIN_R2_U_OR_GATE3-2
Added Pin To Net: NetName=NetLabel10_3 Pin=R4_U_OR_GATE3-1
Added Net: Name=NetLabel10_3
Added Pin To Net: NetName=NetLabel11_3 Pin=BIN_R2_U_OR_GATE3-2
Added Pin To Net: NetName=NetLabel11_3 Pin=R6_U_OR_GATE3-1
Added Net: Name=NetLabel11_3
Added Pin To Net: NetName=NetLabel12_3 Pin=AIN_R2_U_OR_GATE4-2
Added Pin To Net: NetName=NetLabel12_3 Pin=R4_U_OR_GATE4-1
Added Net: Name=NetLabel12_3
Added Pin To Net: NetName=NetLabel13_3 Pin=BIN_R2_U_OR_GATE4-2
Added Pin To Net: NetName=NetLabel13_3 Pin=R6_U_OR_GATE4-1
Added Net: Name=NetLabel13_3
Added Pin To Net: NetName=NetQ1_U_AND_GATE1_1 Pin=Q1_U_AND_GATE1-1
Added Pin To Net: NetName=NetQ1_U_AND_GATE1_1 Pin=R2_U_AND_GATE1-2
Added Net: Name=NetQ1_U_AND_GATE1_1
Added Pin To Net: NetName=NetQ1_U_AND_GATE1_2 Pin=Q1_U_AND_GATE1-2
Added Pin To Net: NetName=NetQ1_U_AND_GATE1_2 Pin=Q3_U_AND_GATE1-3
Added Net: Name=NetQ1_U_AND_GATE1_2
Added Pin To Net: NetName=NetQ1_U_AND_GATE1_3 Pin=Q1_U_AND_GATE1-3
Added Pin To Net: NetName=NetQ1_U_AND_GATE1_3 Pin=Q2_U_AND_GATE1-1
Added Pin To Net: NetName=NetQ1_U_AND_GATE1_3 Pin=R1_U_AND_GATE1-1
Added Net: Name=NetQ1_U_AND_GATE1_3
Added Pin To Net: NetName=NetQ1_U_AND_GATE2_1 Pin=Q1_U_AND_GATE2-1
Added Pin To Net: NetName=NetQ1_U_AND_GATE2_1 Pin=R2_U_AND_GATE2-2
Added Net: Name=NetQ1_U_AND_GATE2_1
Added Pin To Net: NetName=NetQ1_U_AND_GATE2_2 Pin=Q1_U_AND_GATE2-2
Added Pin To Net: NetName=NetQ1_U_AND_GATE2_2 Pin=Q3_U_AND_GATE2-3
Added Net: Name=NetQ1_U_AND_GATE2_2
Added Pin To Net: NetName=NetQ1_U_AND_GATE2_3 Pin=Q1_U_AND_GATE2-3
Added Pin To Net: NetName=NetQ1_U_AND_GATE2_3 Pin=Q2_U_AND_GATE2-1
Added Pin To Net: NetName=NetQ1_U_AND_GATE2_3 Pin=R1_U_AND_GATE2-1
Added Net: Name=NetQ1_U_AND_GATE2_3
Added Pin To Net: NetName=NetQ3_U_AND_GATE1_1 Pin=Q3_U_AND_GATE1-1
Added Pin To Net: NetName=NetQ3_U_AND_GATE1_1 Pin=R3_U_AND_GATE1-2
Added Net: Name=NetQ3_U_AND_GATE1_1
Added Pin To Net: NetName=NetQ3_U_AND_GATE2_1 Pin=Q3_U_AND_GATE2-1
Added Pin To Net: NetName=NetQ3_U_AND_GATE2_1 Pin=R3_U_AND_GATE2-2
Added Net: Name=NetQ3_U_AND_GATE2_1
Added Pin To Net: NetName=NetQ4_U_OR_GATE3_1 Pin=Q4_U_OR_GATE3-1
Added Pin To Net: NetName=NetQ4_U_OR_GATE3_1 Pin=R4_U_OR_GATE3-2
Added Net: Name=NetQ4_U_OR_GATE3_1
Added Pin To Net: NetName=NetQ4_U_OR_GATE3_3 Pin=Q4_U_OR_GATE3-3
Added Pin To Net: NetName=NetQ4_U_OR_GATE3_3 Pin=Q5_U_OR_GATE3-1
Added Pin To Net: NetName=NetQ4_U_OR_GATE3_3 Pin=Q6_U_OR_GATE3-3
Added Pin To Net: NetName=NetQ4_U_OR_GATE3_3 Pin=R5_U_OR_GATE3-1
Added Net: Name=NetQ4_U_OR_GATE3_3
Added Pin To Net: NetName=NetQ4_U_OR_GATE4_1 Pin=Q4_U_OR_GATE4-1
Added Pin To Net: NetName=NetQ4_U_OR_GATE4_1 Pin=R4_U_OR_GATE4-2
Added Net: Name=NetQ4_U_OR_GATE4_1
Added Pin To Net: NetName=NetQ4_U_OR_GATE4_3 Pin=Q4_U_OR_GATE4-3
Added Pin To Net: NetName=NetQ4_U_OR_GATE4_3 Pin=Q5_U_OR_GATE4-1
Added Pin To Net: NetName=NetQ4_U_OR_GATE4_3 Pin=Q6_U_OR_GATE4-3
Added Pin To Net: NetName=NetQ4_U_OR_GATE4_3 Pin=R5_U_OR_GATE4-1
Added Net: Name=NetQ4_U_OR_GATE4_3
Added Pin To Net: NetName=NetQ6_U_OR_GATE3_1 Pin=Q6_U_OR_GATE3-1
Added Pin To Net: NetName=NetQ6_U_OR_GATE3_1 Pin=R6_U_OR_GATE3-2
Added Net: Name=NetQ6_U_OR_GATE3_1
Added Pin To Net: NetName=NetQ6_U_OR_GATE4_1 Pin=Q6_U_OR_GATE4-1
Added Pin To Net: NetName=NetQ6_U_OR_GATE4_1 Pin=R6_U_OR_GATE4-2
Added Net: Name=NetQ6_U_OR_GATE4_1
Added Pin To Net: NetName=NetY_D1_U_AND_GATE1_1 Pin=Y_D1_U_AND_GATE1-1
Added Pin To Net: NetName=NetY_D1_U_AND_GATE1_1 Pin=Y_RD1_U_AND_GATE1-2
Added Net: Name=NetY_D1_U_AND_GATE1_1
Added Pin To Net: NetName=NetY_D1_U_AND_GATE1_2 Pin=Y_D1_U_AND_GATE1-2
Added Pin To Net: NetName=NetY_D1_U_AND_GATE1_2 Pin=Y_Q1_U_AND_GATE1-3
Added Net: Name=NetY_D1_U_AND_GATE1_2
Added Pin To Net: NetName=NetY_D1_U_AND_GATE2_1 Pin=Y_D1_U_AND_GATE2-1
Added Pin To Net: NetName=NetY_D1_U_AND_GATE2_1 Pin=Y_RD1_U_AND_GATE2-2
Added Net: Name=NetY_D1_U_AND_GATE2_1
Added Pin To Net: NetName=NetY_D1_U_AND_GATE2_2 Pin=Y_D1_U_AND_GATE2-2
Added Pin To Net: NetName=NetY_D1_U_AND_GATE2_2 Pin=Y_Q1_U_AND_GATE2-3
Added Net: Name=NetY_D1_U_AND_GATE2_2
Added Pin To Net: NetName=NetY_D2_U_OR_GATE3_1 Pin=Y_D2_U_OR_GATE3-1
Added Pin To Net: NetName=NetY_D2_U_OR_GATE3_1 Pin=Y_RD2_U_OR_GATE3-2
Added Net: Name=NetY_D2_U_OR_GATE3_1
Added Pin To Net: NetName=NetY_D2_U_OR_GATE3_2 Pin=Y_D2_U_OR_GATE3-2
Added Pin To Net: NetName=NetY_D2_U_OR_GATE3_2 Pin=Y_Q2_U_OR_GATE3-3
Added Net: Name=NetY_D2_U_OR_GATE3_2
Added Pin To Net: NetName=NetY_D2_U_OR_GATE4_1 Pin=Y_D2_U_OR_GATE4-1
Added Pin To Net: NetName=NetY_D2_U_OR_GATE4_1 Pin=Y_RD2_U_OR_GATE4-2
Added Net: Name=NetY_D2_U_OR_GATE4_1
Added Pin To Net: NetName=NetY_D2_U_OR_GATE4_2 Pin=Y_D2_U_OR_GATE4-2
Added Pin To Net: NetName=NetY_D2_U_OR_GATE4_2 Pin=Y_Q2_U_OR_GATE4-3
Added Net: Name=NetY_D2_U_OR_GATE4_2
Added Pin To Net: NetName=NetY_Q1_U_AND_GATE1_1 Pin=Y_Q1_U_AND_GATE1-1
Added Pin To Net: NetName=NetY_Q1_U_AND_GATE1_1 Pin=Y_R1_U_AND_GATE1-1
Added Net: Name=NetY_Q1_U_AND_GATE1_1
Added Pin To Net: NetName=NetY_Q1_U_AND_GATE2_1 Pin=Y_Q1_U_AND_GATE2-1
Added Pin To Net: NetName=NetY_Q1_U_AND_GATE2_1 Pin=Y_R1_U_AND_GATE2-1
Added Net: Name=NetY_Q1_U_AND_GATE2_1
Added Pin To Net: NetName=NetY_Q2_U_OR_GATE3_1 Pin=Y_Q2_U_OR_GATE3-1
Added Pin To Net: NetName=NetY_Q2_U_OR_GATE3_1 Pin=Y_R2_U_OR_GATE3-1
Added Net: Name=NetY_Q2_U_OR_GATE3_1
Added Pin To Net: NetName=NetY_Q2_U_OR_GATE4_1 Pin=Y_Q2_U_OR_GATE4-1
Added Pin To Net: NetName=NetY_Q2_U_OR_GATE4_1 Pin=Y_R2_U_OR_GATE4-1
Added Net: Name=NetY_Q2_U_OR_GATE4_1
Added Pin To Net: NetName=Y_U_AND_GATE1 Pin=Q2_U_AND_GATE1-3
Added Pin To Net: NetName=Y_U_AND_GATE1 Pin=RO1_U_AND_GATE1-1
Added Pin To Net: NetName=Y_U_AND_GATE1 Pin=Y_R1_U_AND_GATE1-2
Added Net: Name=Y_U_AND_GATE1
Added Pin To Net: NetName=Y_U_AND_GATE2 Pin=Q2_U_AND_GATE2-3
Added Pin To Net: NetName=Y_U_AND_GATE2 Pin=RO1_U_AND_GATE2-1
Added Pin To Net: NetName=Y_U_AND_GATE2 Pin=Y_R1_U_AND_GATE2-2
Added Net: Name=Y_U_AND_GATE2
Added Pin To Net: NetName=Y_U_OR_GATE3 Pin=Q5_U_OR_GATE3-3
Added Pin To Net: NetName=Y_U_OR_GATE3 Pin=RO2_U_OR_GATE3-1
Added Pin To Net: NetName=Y_U_OR_GATE3 Pin=Y_R2_U_OR_GATE3-2
Added Net: Name=Y_U_OR_GATE3
Added Pin To Net: NetName=Y_U_OR_GATE4 Pin=Q5_U_OR_GATE4-3
Added Pin To Net: NetName=Y_U_OR_GATE4 Pin=RO2_U_OR_GATE4-1
Added Pin To Net: NetName=Y_U_OR_GATE4 Pin=Y_R2_U_OR_GATE4-2
Added Net: Name=Y_U_OR_GATE4
Added Class: Name=U_AND_GATE1
Added Class: Name=U_AND_GATE2
Added Class: Name=U_OR_GATE3
Added Class: Name=U_OR_GATE4
Added Class: Name=AND_GATE
Added Class: Name=OR_GATE
Added Room: Name=U_AND_GATE1
Added Room: Name=U_AND_GATE2
Added Room: Name=U_OR_GATE3
Added Room: Name=U_OR_GATE4
